Date,Close,High,Low,Open,Volume,Daily_Return,MA_5,MA_20,MA_60,Volatility_20
2021-01-04,35.25,35.400001525878906,33.25,33.599998474121094,231688252,,35.25,35.25,35.25,
2021-01-05,35.29999923706055,35.900001525878906,34.349998474121094,35.20000076293945,172278597,0.001418418072639538,35.27499961853027,35.27499961853027,35.27499961853027,
2021-01-06,33.900001525878906,35.70000076293945,32.79999923706055,35.70000076293945,331793083,-0.03965999267534881,34.81666692097982,34.81666692097982,34.81666692097982,0.02904682280026892
2021-01-07,32.0,34.150001525878906,31.350000381469727,34.04999923706055,342464287,-0.0560472401285429,34.11250019073486,34.11250019073486,34.11250019073486,0.029603714803967274
2021-01-08,31.950000762939453,33.400001525878906,31.549999237060547,32.29999923706055,228942527,-0.0015624761581420898,33.68000030517578,33.68000030517578,33.68000030517578,0.02841240278069893
2021-01-11,32.04999923706055,33.0,31.64999961853028,32.75,170990419,0.0031298426207577723,33.04000015258789,33.40833346048991,33.40833346048991,0.02742719411292763
2021-01-12,33.45000076293945,33.75,32.25,32.5,173462421,0.04368179591904742,32.67000045776367,33.41428593226841,33.41428593226841,0.03531498835449735
2021-01-13,33.0,34.0,32.400001525878906,33.54999923706055,120265263,-0.013452937299721301,32.49000015258789,33.36250019073486,33.36250019073486,0.03229972838818589
2021-01-14,32.650001525878906,33.650001525878906,32.29999923706055,33.29999923706055,122585978,-0.010606014367305905,32.62000045776367,33.283333672417534,33.283333672417534,0.029909625589325195
2021-01-15,29.299999237060547,30.5,28.200000762939453,29.0,1149252510,-0.10260343437237196,32.09000015258789,32.885000228881836,32.885000228881836,0.04187385277717542
2021-01-18,29.89999961853028,30.450000762939453,28.5,29.0,526128762,0.020477829252323554,31.660000228881835,32.613636537031695,32.613636537031695,0.041455969124663164
2021-01-19,31.39999961853028,32.5,30.450000762939453,30.5,471392879,0.05016722472031021,31.25,32.51250012715658,32.51250012715658,0.04403432913551259
2021-01-20,31.950000762939453,32.20000076293945,31.0,31.39999961853028,271137215,0.017515960225827465,31.04000015258789,32.46923094529372,32.46923094529372,0.042705941624661764
2021-01-21,30.950000762939453,31.89999961853028,30.799999237060547,31.5,268890146,-0.03129890379094935,30.7,32.36071450369699,32.36071450369699,0.04142627332385419
2021-01-22,29.799999237060547,31.049999237060547,29.450000762939453,30.700000762939453,302774167,-0.037156752747352306,30.8,32.19000015258789,32.19000015258789,0.040499216615467876
2021-01-25,30.549999237060547,31.0,29.14999961853028,29.450000762939453,283539692,0.025167785879244953,30.929999923706056,32.08750009536743,32.08750009536743,0.04013635180858525
2021-01-26,30.39999961853028,31.549999237060547,29.799999237060547,30.25,211705489,-0.004909971269272617,30.729999923706053,31.988235361435834,31.988235361435834,0.0387871087904095
2021-01-27,29.549999237060547,31.25,29.549999237060547,30.64999961853028,208378417,-0.02796053921499453,30.249999618530275,31.85277779897054,31.85277779897054,0.03785137927688245
2021-01-28,29.299999237060547,30.39999961853028,29.0,29.100000381469727,223678673,-0.008460237105064272,29.91999931335449,31.718421032554225,31.718421032554225,0.036722265693260224
2021-01-29,29.200000762939453,30.700000762939453,29.200000762939453,30.0,171151880,-0.0034129172943666575,29.799999618530272,31.592500019073487,31.592500019073487,0.035715520255430976
2021-02-01,29.799999237060547,30.100000381469727,29.200000762939453,29.75,164273096,0.020547892412475788,29.649999618530273,31.319999980926514,31.507142838977632,0.035395331976615575
2021-02-02,29.700000762939453,31.0,29.600000381469727,30.5,231036552,-0.003355653579907858,29.50999984741211,31.04000005722046,31.42500001733953,0.035346301835220605
2021-02-03,28.950000762939453,29.950000762939453,28.700000762939453,29.799999237060547,229071847,-0.025252524603833426,29.39000015258789,30.792500019073486,31.317391354104746,0.03480962190114551
2021-02-04,27.549999237060547,28.75,26.39999961853028,28.5,450856235,-0.048359291502027446,29.04000015258789,30.569999980926514,31.160416682561237,0.03428106316605385
2021-02-05,27.200000762939453,28.0,26.100000381469727,27.600000381469727,325320058,-0.012704119194684838,28.64000015258789,30.332499980926514,31.002000045776366,0.03428054298549041
2021-02-08,27.14999961853028,28.0,26.700000762939453,27.049999237060547,169848518,-0.0018382773164219435,28.110000228881837,30.0875,30.85384618318998,0.03421784560117058
2021-02-09,27.299999237060547,27.700000762939453,27.049999237060547,27.25,94000947,0.005524847905629127,27.629999923706055,29.779999923706054,30.72222222222222,0.03220745371391404
2021-02-10,27.450000762939453,27.89999961853028,27.200000762939453,27.799999237060547,136094058,0.005494561541059539,27.329999923706055,29.502499961853026,30.60535717010498,0.03236638519167126
2021-02-11,28.0,28.0,28.0,28.0,0,0.020036401521821068,27.420000076293945,29.26999988555908,30.515517267687567,0.03298825925556827
2021-02-16,29.549999237060547,29.700000762939453,28.39999961853028,28.450000762939453,191211054,0.05535711560930534,27.889999771118163,29.282499885559083,30.483333333333334,0.02735217940376162
2021-02-17,29.5,29.799999237060547,29.049999237060547,29.25,110310959,-0.0016920216024182144,28.35999984741211,29.26249990463257,30.451612903225808,0.026958233348911852
2021-02-18,28.799999237060547,30.14999961853028,28.600000381469727,29.850000381469727,212077811,-0.023728839421676362,28.65999984741211,29.13249988555908,30.399999976158142,0.02463711717806183
2021-02-19,30.64999961853028,32.29999923706055,27.5,28.799999237060547,450838518,0.06423612605826423,29.299999618530272,29.067499828338622,30.40757572289669,0.028671575105411833
2021-02-22,29.0,31.299999237060547,28.700000762939453,31.200000762939453,409368473,-0.053833593444246874,29.499999618530275,28.96999979019165,30.36617643692914,0.030293372437080204
2021-02-23,28.100000381469727,28.64999961853028,27.89999961853028,28.14999961853028,209412749,-0.031034469604492188,29.20999984741211,28.88499984741211,30.3014285496303,0.029957152057552446
2021-02-24,26.850000381469727,28.75,26.200000762939453,28.200000762939453,330953224,-0.044483985161235085,28.679999923706056,28.69999990463257,30.205555544959175,0.030611771490534498
2021-02-25,26.850000381469727,27.549999237060547,26.5,27.39999961853028,182489646,0.0,28.29000015258789,28.52249994277954,30.114864864864863,0.030640576168764883
2021-02-26,25.299999237060547,26.25,25.14999961853028,25.950000762939453,331792380,-0.057728160982779664,27.220000076293946,28.30999994277954,29.98815787465949,0.03244623764637162
2021-03-01,25.799999237060547,26.299999237060547,25.700000762939453,25.700000762939453,133323246,0.019762846445765092,26.579999923706055,28.13499994277954,29.88076919164413,0.03299914473896917
2021-03-02,26.049999237060547,27.0,25.89999961853028,26.200000762939453,176144747,0.009689922767163628,26.16999969482422,27.977499866485594,29.784999942779542,0.03317909209479837
2021-03-03,26.450000762939453,26.850000381469727,25.850000381469727,26.350000381469727,112931947,0.015355145397080605,26.089999771118165,27.80999994277954,29.703658499368807,0.03298702647786485
2021-03-04,25.39999961853028,26.049999237060547,25.25,25.850000381469727,155679812,-0.039697584654908136,25.799999618530272,27.594999885559083,29.601190430777415,0.03385637569856652
2021-03-05,24.450000762939453,25.299999237060547,23.700000762939453,24.5,290025969,-0.03740153030938498,25.629999923706055,27.369999885559082,29.481395322223044,0.03430252390220556
2021-03-08,22.350000381469727,24.200000762939453,22.100000381469727,23.89999961853028,457667695,-0.08588958347407671,24.940000152587892,27.10999994277954,29.31931816447865,0.03751152734537072
2021-03-09,21.950000762939453,22.850000381469727,20.64999961853028,21.799999237060547,436307145,-0.017897074349131126,24.120000457763673,26.847499942779542,29.155555555555555,0.037551157562054384
2021-03-10,21.799999237060547,22.799999237060547,21.600000381469727,22.75,246891368,-0.006833782262648969,23.190000152587892,26.579999923706055,28.995652157327402,0.037510685168302
2021-03-11,21.850000381469727,22.64999961853028,21.25,21.5,730428783,0.00229363055775611,22.480000305175782,26.307499980926515,28.84361701316022,0.03744612249211176
2021-03-12,22.75,24.0,22.75,22.89999961853028,609797203,0.041189913172428705,22.14000015258789,26.07249994277954,28.71666665871938,0.03905945910086519
2021-03-15,24.350000381469727,25.5,24.049999237060547,24.75,545252452,0.07032968709757048,22.54000015258789,25.88999996185303,28.627551020408163,0.04247108815205848
2021-03-16,26.299999237060547,26.450000762939453,25.200000762939453,25.299999237060547,373784725,0.08008208727071575,23.40999984741211,25.727499961853027,28.58099998474121,0.044657702563973646
2021-03-17,26.25,26.89999961853028,25.64999961853028,26.350000381469727,179388497,-0.0019011117304554848,24.3,25.56499996185303,28.535294102687462,0.04465694536368168
2021-03-18,26.200000762939453,27.049999237060547,26.14999961853028,26.75,152415537,-0.0019047328404018238,25.170000076293945,25.435000038146974,28.490384615384617,0.044438089526146515
2021-03-19,26.25,27.100000381469727,25.549999237060547,25.799999237060547,237278094,0.0019083677711670965,25.870000076293945,25.215000057220458,28.44811320754717,0.041505640671525706
2021-03-22,26.75,27.350000381469727,26.39999961853028,26.75,181925146,0.01904761904761898,26.35,25.10250005722046,28.416666666666668,0.04035143997917819
2021-03-23,25.64999961853028,27.0,25.25,27.0,205953838,-0.04112150958765304,26.220000076293946,24.980000019073486,28.366363629427823,0.04077770853266058
2021-03-24,25.0,25.950000762939453,24.5,25.75,186422284,-0.025341116109050654,25.970000076293946,24.8875,28.30624999318804,0.03998854281268894
2021-03-25,23.89999961853028,24.350000381469727,22.799999237060547,23.850000381469727,267084087,-0.04400001525878883,25.50999984741211,24.739999961853027,28.22894735503615,0.04102318863229706
2021-03-26,25.39999961853028,26.14999961853028,24.100000381469727,24.200000762939453,329482838,0.06276150727789176,25.33999977111817,24.744999980926515,28.18017239406191,0.041714127091014214
2021-03-29,25.049999237060547,25.89999961853028,24.89999961853028,25.450000762939453,179420095,-0.013779542784496557,24.99999961853028,24.707499980926514,28.127118611739853,0.041595095104147065
2021-03-30,25.600000381469727,25.64999961853028,24.850000381469727,25.5,161314876,0.021956134178059195,24.98999977111817,24.685000038146974,28.084999974568685,0.04184534286121834
2021-03-31,25.75,27.14999961853028,25.450000762939453,26.25,383276821,0.005859360011527537,25.13999977111817,24.65,27.92666664123535,0.04171511389321129
2021-04-01,26.450000762939453,26.549999237060547,25.89999961853028,26.299999237060547,204188863,0.027184495648134188,25.65,24.70250005722046,27.779166666666665,0.041084926800326195
2021-04-07,26.299999237060547,27.0,26.200000762939453,27.0,174989490,-0.005671135030327901,25.829999923706055,24.794999980926512,27.652499961853028,0.04004930306734484
2021-04-08,26.200000762939453,26.64999961853028,25.950000762939453,26.200000762939453,102743805,-0.0038022234609110805,26.060000228881837,24.9875,27.555833307902017,0.03406718986779025
2021-04-09,25.700000762939453,26.5,25.350000381469727,26.100000381469727,114867435,-0.01908396890992703,26.08000030517578,25.175,27.451666641235352,0.03411662447783844
2021-04-12,24.950000762939453,25.799999237060547,24.700000762939453,25.799999237060547,144134548,-0.029182878511098465,25.92000045776367,25.332500076293947,27.333333333333332,0.03499848930015871
2021-04-13,24.89999961853028,25.200000762939453,24.5,25.0,104209224,-0.0020040538228537352,25.610000228881837,25.48500003814697,27.190833314259848,0.03504427527675555
2021-04-14,25.39999961853028,25.799999237060547,25.14999961853028,25.450000762939453,97506756,0.02008032159277251,25.43000030517579,25.617500019073486,27.064166641235353,0.03427375965654867
2021-04-15,25.549999237060547,25.64999961853028,24.75,25.450000762939453,96914514,0.005905496881221772,25.300000000000004,25.677499961853027,26.945833269755045,0.030764323733993622
2021-04-16,26.049999237060547,26.14999961853028,25.39999961853028,25.549999237060547,124584923,0.019569472208623262,25.369999694824223,25.664999961853027,26.891666603088378,0.025250371081409054
2021-04-19,26.600000381469727,26.75,25.64999961853028,26.0,151579714,0.021113288311606082,25.699999618530278,25.682499980926515,26.836666615804038,0.025688229017732045
2021-04-20,26.799999237060547,27.200000762939453,26.200000762939453,26.39999961853028,131890095,0.007518753861753602,26.07999954223633,25.71249990463257,26.75999994277954,0.025719038266954916
2021-04-21,26.450000762939453,26.64999961853028,25.850000381469727,26.39999961853028,126241587,-0.013059644928537728,26.289999771118165,25.722499942779542,26.668333276112875,0.025921851282134676
2021-04-22,26.450000762939453,26.950000762939453,26.450000762939453,26.549999237060547,89145975,0.0,26.470000076293946,25.707499980926514,26.593333276112876,0.025559553614497296
2021-04-23,27.049999237060547,27.25,26.299999237060547,26.450000762939453,129756591,0.022684251675402,26.670000076293945,25.777499961853028,26.54749994277954,0.024132404779862733
2021-04-26,26.39999961853028,27.450000762939453,26.14999961853028,27.299999237060547,134175862,-0.0240295614367233,26.629999923706055,25.847499942779542,26.478333282470704,0.024053173503292443
2021-04-27,26.299999237060547,26.75,26.100000381469727,26.299999237060547,73738196,-0.00378789329222351,26.529999923706054,25.967499923706054,26.409999942779542,0.0214582711619072
2021-04-28,25.299999237060547,26.25,24.600000381469727,26.14999961853028,321329487,-0.038022814791220716,26.299999618530272,25.96249990463257,26.339166609446206,0.018859211793189504
2021-04-29,25.14999961853028,25.5,24.89999961853028,25.39999961853028,72008399,-0.005928838855873919,26.039999389648443,25.967499923706054,26.269999949137368,0.01863832306068513
2021-04-30,24.600000381469727,25.049999237060547,24.600000381469727,25.0,70539718,-0.021868757272478057,25.54999961853028,25.917499923706053,26.193333276112874,0.018542242200531914
2021-05-03,24.450000762939453,24.75,24.14999961853028,24.600000381469727,38977642,-0.006097545374156299,25.15999984741211,25.852499961853027,26.104166634877522,0.01847402951490092
2021-05-04,24.799999237060547,25.0,24.39999961853028,24.450000762939453,46145528,0.014314865570540514,24.85999984741211,25.76999988555908,26.02249994277954,0.01759148513669989
2021-05-05,24.700000762939453,25.299999237060547,24.5,24.5,45770483,-0.004032196661186149,24.74000015258789,25.689999961853026,25.951666609446207,0.017582533984430798
2021-05-06,25.5,25.950000762939453,24.950000762939453,25.0,160168161,0.0323886320789466,24.810000228881837,25.654999923706054,25.9174999554952,0.019274952412774188
2021-05-07,25.25,26.049999237060547,25.100000381469727,25.5,119844434,-0.009803921568627416,24.940000152587892,25.63249988555908,25.88499994277954,0.01892977963907029
2021-05-10,25.200000762939453,26.0,24.850000381469727,25.549999237060547,140084552,-0.0019801678043780413,25.09000015258789,25.64499988555908,25.852499961853027,0.01771472887977788
2021-05-11,24.600000381469727,24.89999961853028,24.049999237060547,24.89999961853028,159554062,-0.023809538226368665,25.050000381469726,25.629999923706055,25.807499980926515,0.018538415181835893
2021-05-12,26.100000381469727,26.299999237060547,24.64999961853028,25.450000762939453,276344321,0.06097560881055486,25.33000030517578,25.664999961853027,25.784999974568684,0.022707688687987088
2021-05-13,25.350000381469727,26.200000762939453,25.200000762939453,25.799999237060547,126572712,-0.02873563176391669,25.300000381469726,25.655000019073487,25.74083331425985,0.02366323784738948
2021-05-14,25.850000381469727,26.350000381469727,25.049999237060547,25.39999961853028,142681405,0.01972386558090511,25.42000045776367,25.645000076293947,25.679166666666667,0.02367002672188453
2021-05-17,26.14999961853028,26.5,25.850000381469727,25.89999961853028,107630535,0.01160538617537532,25.610000228881837,25.622500038146974,25.623333326975505,0.023313887729659363
2021-05-18,26.600000381469727,26.600000381469727,26.0,26.450000762939453,82830919,0.0172084424284491,26.010000228881836,25.61250009536743,25.586666679382326,0.023590462685854668
2021-05-20,27.350000381469727,27.450000762939453,26.100000381469727,26.100000381469727,199941007,0.028195488317454,26.260000228881836,25.657500076293946,25.531666692097982,0.02419474228294699
2021-05-21,27.450000762939453,28.14999961853028,27.25,27.600000381469727,129796611,0.0036563210265063706,26.68000030517578,25.707500076293947,25.505833371480307,0.02419304624456885
2021-05-24,26.64999961853028,27.350000381469727,26.350000381469727,27.350000381469727,120252248,-0.02914393887701683,26.840000152587898,25.687500095367433,25.48166669209798,0.02464733398560764
2021-05-25,27.75,28.0,27.049999237060547,27.299999237060547,195436384,0.04127581227824351,27.160000228881835,25.755000114440918,25.496666685740152,0.02566511354500679
2021-05-26,28.14999961853028,28.5,27.549999237060547,28.25,160860357,0.014414400667757787,27.470000076293946,25.847500133514405,25.51833333969116,0.025741578477493064
2021-05-27,29.049999237060547,29.600000381469727,28.14999961853028,29.350000381469727,404832783,0.03197156769898579,27.809999847412108,26.035000133514405,25.58083333969116,0.024496109101422744
2021-05-28,28.600000381469727,29.5,28.350000381469727,29.299999237060547,187041256,-0.015490494575185143,28.039999771118165,26.207500171661376,25.627500025431313,0.02485681536074351
2021-05-31,29.25,29.5,28.75,29.0,160629648,0.022727259086031903,28.559999847412108,26.440000152587892,25.680833371480308,0.024145607834568494
2021-06-01,29.200000762939453,29.450000762939453,28.850000381469727,29.25,116974355,-0.0017093756260015969,28.85,26.67750015258789,25.72666670481364,0.02402111814075464
2021-06-02,29.299999237060547,29.5,28.950000762939453,29.299999237060547,98133468,0.0034246051886412943,29.079999923706055,26.90250015258789,25.79166669845581,0.02402220683711041
2021-06-03,30.0,30.14999961853028,29.100000381469727,29.39999961853028,220582420,0.02389081164391449,29.270000076293947,27.16750011444092,25.88416668574015,0.024058160343937957
2021-06-04,29.549999237060547,30.450000762939453,29.200000762939453,29.600000381469727,422211814,-0.015000025431315067,29.45999984741211,27.370000076293945,26.004166666666666,0.02407476657090942
2021-06-07,28.350000381469727,29.700000762939453,28.049999237060547,29.600000381469727,220251680,-0.040609099376416435,29.279999923706054,27.52500009536743,26.110833326975506,0.026147726093468406
2021-06-08,28.350000381469727,29.100000381469727,28.100000381469727,28.850000381469727,109461913,0.0,29.10999984741211,27.682500076293945,26.22000001271566,0.026119135721148885
2021-06-09,27.89999961853028,28.450000762939453,27.799999237060547,28.299999237060547,108039563,-0.01587304257087696,28.829999923706055,27.847500038146972,26.320833333333336,0.025695606472925344
2021-06-10,28.14999961853028,28.549999237060547,27.89999961853028,28.0,99181358,0.008960573599218202,28.45999984741211,27.95,26.41083332697551,0.022315028081507517
2021-06-11,28.14999961853028,28.64999961853028,27.950000762939453,28.299999237060547,75428824,0.0,28.17999992370606,28.089999961853028,26.474166647593183,0.020979845241994973
2021-06-15,28.14999961853028,28.5,27.5,28.39999961853028,111033153,0.0,28.13999977111817,28.204999923706055,26.504999987284346,0.02073629254548413
2021-06-16,27.950000762939453,28.5,27.799999237060547,28.0,104032356,-0.007104755179434319,28.059999847412115,28.294999980926512,26.53333333333334,0.020819571224901814
2021-06-17,28.299999237060547,28.39999961853028,27.450000762939453,27.600000381469727,110333342,0.0125223064245914,28.13999977111817,28.379999923706055,26.568333307902023,0.020683570058249133
2021-06-18,28.799999237060547,28.89999961853028,28.049999237060547,28.5,513694954,0.01766784499927554,28.269999694824218,28.452499866485596,26.610833295186364,0.020143712012365728
2021-06-21,27.950000762939453,28.549999237060547,27.89999961853028,28.39999961853028,135866759,-0.029513836688832118,28.229999923706053,28.477499866485594,26.630833307902023,0.02139436809503728
2021-06-22,27.049999237060547,28.0,26.799999237060547,27.850000381469727,148167900,-0.032200411495954984,28.00999984741211,28.497499847412108,26.654166634877527,0.021631532425108412
2021-06-23,27.450000762939453,27.600000381469727,26.600000381469727,27.299999237060547,124497187,0.01478748751056802,27.90999984741211,28.482499885559083,26.694999980926518,0.019764005190993167
2021-06-24,27.450000762939453,27.64999961853028,27.14999961853028,27.450000762939453,57165689,0.0,27.74000015258789,28.44749994277954,26.75416666666667,0.019457450108566487
2021-06-25,27.799999237060547,27.950000762939453,27.14999961853028,27.200000762939453,78626243,0.012750399431450399,27.54000015258789,28.38499994277954,26.794166660308843,0.018171340812344318
2021-06-28,27.700000762939453,28.0,27.39999961853028,27.799999237060547,44527938,-0.003597067513145258,27.49000015258789,28.339999961853028,26.838333352406824,0.017900536469513614
2021-06-29,27.450000762939453,28.049999237060547,27.200000762939453,27.5,83575578,-0.009025270509540273,27.570000457763673,28.25,26.869166692097984,0.017030902744971734
2021-06-30,27.0,27.64999961853028,26.850000381469727,27.5,72207758,-0.016393469961101248,27.480000305175782,28.13999996185303,26.89000002543132,0.01728552192379317
2021-07-02,26.200000762939453,27.0,25.950000762939453,26.799999237060547,134958991,-0.029629601372612835,27.230000305175782,27.98500003814697,26.885833358764653,0.018121826681546216
2021-07-05,25.950000762939453,26.450000762939453,25.64999961853028,26.049999237060547,121292661,-0.00954198445496346,26.860000610351562,27.782500076293946,26.880000050862634,0.01676729387222428
2021-07-06,25.89999961853028,26.39999961853028,25.5,25.799999237060547,96161655,-0.0019268263174998523,26.500000381469725,27.60000009536743,26.87500003178915,0.01669737625712807
2021-07-07,25.700000762939453,26.049999237060547,25.25,25.700000762939453,88986815,-0.0077219636500588384,26.150000381469727,27.467500114440917,26.87500003178915,0.014648589137237798
2021-07-08,25.39999961853028,25.89999961853028,25.14999961853028,25.700000762939453,138136500,-0.011673195933977865,25.83000030517578,27.320000076293944,26.88250001271566,0.014680127948398644
2021-07-09,26.700000762939453,26.950000762939453,25.39999961853028,25.64999961853028,221079879,0.05118114818634778,25.93000030517578,27.260000133514403,26.912500031789147,0.019137011083665414
2021-07-12,26.64999961853028,27.100000381469727,26.25,27.0,131096021,-0.00187270198428513,26.07000007629395,27.185000133514404,26.933333365122483,0.01896228371548385
2021-07-13,27.0,27.299999237060547,26.700000762939453,26.89999961853028,99135581,0.013133222757210072,26.290000152587897,27.127500152587892,26.957500044504805,0.01928050027508113
2021-07-14,27.14999961853028,27.549999237060547,26.75,27.0,86650744,0.005555541427047395,26.579999923706062,27.07750015258789,26.97583338419597,0.01934933179208693
2021-07-15,26.950000762939453,27.299999237060547,26.75,27.14999961853028,88003869,-0.007366440456755163,26.89000015258789,27.02750015258789,26.98166672388713,0.019353316693942076
2021-07-16,28.25,28.64999961853028,27.0,27.100000381469727,280499205,0.048237447133888445,27.2,27.025000190734865,27.005833403269452,0.02217170817401662
2021-07-19,28.100000381469727,28.64999961853028,27.950000762939453,28.049999237060547,108165286,-0.00530972100992122,27.49000015258789,26.990000247955322,27.033333396911626,0.02180813408263708
2021-07-20,27.600000381469727,28.14999961853028,27.350000381469727,28.100000381469727,95004758,-0.01779359406449399,27.610000228881837,26.972500228881835,27.052500057220463,0.02114930181726648
2021-07-21,26.850000381469727,27.89999961853028,26.600000381469727,27.850000381469727,111358378,-0.027173912667897593,27.550000381469726,26.962500286102294,27.049166742960615,0.02077838439487023
2021-07-22,27.14999961853028,27.25,26.75,27.049999237060547,58277309,0.011173155783922972,27.59000015258789,26.947500228881843,27.061666742960615,0.020656818080079898
2021-07-23,26.350000381469727,27.14999961853028,26.0,27.14999961853028,106111241,-0.029465902331525018,27.210000228881835,26.892500209808354,27.062500095367437,0.021657130888200083
2021-07-26,25.850000381469727,26.39999961853028,25.549999237060547,26.0,194104709,-0.018975331793604777,26.760000228881836,26.795000267028815,27.071666781107588,0.021695361039374392
2021-07-27,24.350000381469727,26.25,23.700000762939453,25.75,306904560,-0.05802707844736654,26.110000228881837,26.62750024795533,27.058333460489912,0.024897704113141045
2021-07-28,25.100000381469727,25.450000762939453,24.350000381469727,24.850000381469727,169436941,0.03080082087270708,25.760000228881836,26.510000228881843,27.066666793823245,0.02621197037247961
2021-07-29,25.89999961853028,25.950000762939453,25.200000762939453,25.75,157458178,0.03187247907976776,25.51000022888184,26.455000209808354,27.090833441416425,0.027226636594794067
2021-07-30,25.350000381469727,25.75,24.75,25.5,104604141,-0.02123549209116804,25.310000228881837,26.412500190734868,27.10000012715658,0.026835752909276228
2021-08-02,25.75,25.950000762939453,25.200000762939453,25.64999961853028,70368632,0.01577907741660889,25.29000015258789,26.402500152587898,27.117500114440922,0.027023412683491038
2021-08-03,25.89999961853028,25.950000762939453,25.14999961853028,25.75,69092247,0.005825227904088459,25.6,26.40250015258789,27.12416677474976,0.02705051325560271
2021-08-04,26.850000381469727,27.049999237060547,25.75,25.75,123916304,0.036679566676895314,25.95,26.460000133514406,27.150833447774254,0.02815299847708998
2021-08-05,26.299999237060547,27.100000381469727,26.25,26.850000381469727,86458578,-0.02048421365344777,26.029999923706054,26.505000114440918,27.169166755676272,0.028454888132477252
2021-08-06,26.350000381469727,26.75,26.049999237060547,26.25,65959288,0.001901184253219279,26.229999923706053,26.48750009536743,27.19833342234294,0.026012360711997178
2021-08-09,26.799999237060547,26.950000762939453,26.0,26.25,73630205,0.017077755183156462,26.439999771118163,26.495000076293945,27.21000006993612,0.026297075326096486
2021-08-10,27.450000762939453,27.850000381469727,26.64999961853028,26.950000762939453,152767212,0.024253788969517798,26.75,26.517500114440917,27.245000076293948,0.026690425373252242
2021-08-11,26.850000381469727,27.89999961853028,26.799999237060547,27.64999961853028,127555123,-0.02185793678664638,26.75,26.502500152587892,27.261666742960617,0.027153043761364418
2021-08-12,26.299999237060547,27.299999237060547,26.049999237060547,26.89999961853028,93897825,-0.02048421365344777,26.75,26.470000076293946,27.264166736602785,0.027491471093709002
2021-08-13,25.450000762939453,26.200000762939453,25.200000762939453,26.049999237060547,129266883,-0.03231933455432656,26.570000076293944,26.330000114440917,27.245000076293948,0.025766608141422
2021-08-16,24.850000381469727,25.39999961853028,24.799999237060547,25.39999961853028,116215470,-0.02357565278911322,26.18000030517578,26.16750011444092,27.203333409627284,0.026103846661034925
2021-08-17,24.5,25.200000762939453,24.350000381469727,24.89999961853028,101729499,-0.014084522176937897,25.59000015258789,26.012500095367432,27.15416673024496,0.026027228181364975
2021-08-18,24.600000381469727,25.100000381469727,24.39999961853028,24.5,78821945,0.004081648223254186,25.14000015258789,25.90000009536743,27.120000076293948,0.025599519402346407
2021-08-19,24.0,24.75,23.799999237060547,24.549999237060547,103640911,-0.02439025903112113,24.68000030517578,25.74250011444092,27.057500076293948,0.025721059619789044
2021-08-20,23.450000762939453,23.950000762939453,23.200000762939453,23.799999237060547,125975731,-0.022916634877522823,24.280000305175783,25.597500133514405,26.979166762034097,0.025444528324088507
2021-08-23,24.350000381469727,25.100000381469727,23.850000381469727,24.0,152235718,0.03837951340081136,24.18000030517578,25.522500133514406,26.90083344777425,0.027029086112929198
2021-08-24,25.25,25.39999961853028,24.75,24.850000381469727,136660953,0.03696096938114102,24.33000030517578,25.567500114440918,26.845000108083088,0.025057314295805922
2021-08-25,25.350000381469727,25.75,24.850000381469727,25.700000762939453,74888784,0.003960411147315934,24.480000305175782,25.580000114440917,26.780000114440917,0.02414203867900534
2021-08-26,24.450000762939453,26.049999237060547,24.0,26.0,282351896,-0.035502942997513776,24.570000457763673,25.507500171661377,26.70083344777425,0.024274168440840557
2021-08-27,24.850000381469727,25.14999961853028,24.350000381469727,24.450000762939453,98005138,0.01635990208787974,24.850000381469727,25.48250017166138,26.62666680018107,0.02421049709571163
2021-08-30,24.850000381469727,25.100000381469727,24.450000762939453,24.850000381469727,83860142,0.0,24.950000381469728,25.437500190734863,26.540833473205566,0.02389971754980863
2021-08-31,25.0,25.0,24.0,24.850000381469727,123350350,0.006036201860267321,24.900000381469727,25.39250020980835,26.46500015258789,0.02390317033940024
2021-09-01,25.200000762939453,25.5,24.700000762939453,24.950000762939453,121661335,0.008000030517578027,24.870000457763673,25.310000228881837,26.41250015894572,0.022298844352578708
2021-09-02,25.299999237060547,25.89999961853028,25.200000762939453,25.549999237060547,99519208,0.003968193297365197,25.04000015258789,25.260000228881836,26.3616668065389,0.02195339549473466
2021-09-03,25.39999961853028,25.450000762939453,25.100000381469727,25.350000381469727,88035122,0.003952584367008516,25.150000000000002,25.212500190734865,26.32000013987223,0.021975924424080345
2021-09-06,24.950000762939453,25.39999961853028,24.75,25.350000381469727,112026393,-0.01771649064366665,25.170000076293945,25.120000267028807,26.266666825612386,0.02179556317682572
2021-09-07,25.0,25.39999961853028,24.799999237060547,24.950000762939453,99513841,0.0020039773760174295,25.170000076293945,24.997500228881837,26.214166831970214,0.020860517105438382
2021-09-08,24.5,25.100000381469727,24.25,25.0,141484288,-0.020000000000000018,25.029999923706054,24.88000020980835,26.15333350499471,0.020782941894685852
2021-09-09,23.600000381469727,24.200000762939453,23.5,24.100000381469727,156630987,-0.036734678307358104,24.690000152587892,24.745000267028807,26.08083349863688,0.021741868040166118
2021-09-10,24.100000381469727,24.200000762939453,23.5,23.600000381469727,84902716,0.021186440335509094,24.43000030517578,24.677500247955322,26.010833517710367,0.02151698637648737
2021-09-13,23.39999961853028,23.799999237060547,23.049999237060547,23.75,163521641,-0.029045674351012463,24.120000076293945,24.605000209808352,25.920833524068197,0.02183142333916661
2021-09-14,23.25,23.64999961853028,23.100000381469727,23.5,78341001,-0.006410240212632146,23.770000076293947,24.542500209808352,25.842500178019204,0.021689162738436574
2021-09-15,23.200000762939453,23.450000762939453,23.0,23.200000762939453,72833146,-0.0021505048198084964,23.510000228881836,24.472500228881838,25.778333536783855,0.02163597407491567
2021-09-16,22.64999961853028,23.25,22.39999961853028,23.200000762939453,99297562,-0.02370694510009519,23.320000076293947,24.405000209808353,25.698333517710367,0.021600435198176476
2021-09-17,23.0,23.14999961853028,22.549999237060547,22.799999237060547,78903856,0.015452555733527662,23.1,24.38250017166138,25.624166838328044,0.02141051851647644
2021-09-20,22.799999237060547,22.950000762939453,21.64999961853028,22.89999961853028,111749232,-0.008695685345193604,22.979999923706053,24.305000114440922,25.540833504994712,0.019373035538569554
2021-09-21,23.100000381469727,23.200000762939453,22.100000381469727,22.5,64864934,0.013157945370521729,22.95,24.197500133514406,25.464166831970214,0.01741428784139753
2021-09-23,22.5,23.450000762939453,21.950000762939453,23.39999961853028,183811121,-0.02597404205893572,22.809999847412108,24.055000114440922,25.38166681925456,0.01794576862380301
2021-09-24,22.100000381469727,22.64999961853028,21.950000762939453,22.25,112602010,-0.017777760823567745,22.7,23.937500095367433,25.300000158945718,0.016802465798238273
2021-09-27,21.75,22.14999961853028,20.799999237060547,21.89999961853028,190832787,-0.01583712106010604,22.45,23.78250007629395,25.225833479563395,0.016189073281184543
2021-09-28,21.89999961853028,22.200000762939453,21.5,21.799999237060547,116485810,0.006896534185300229,22.270000076293947,23.635000038146977,25.15833346048991,0.0164071159722244
2021-09-29,22.0,22.0,21.100000381469727,21.5,67715627,0.004566227543908452,22.05,23.485000038146975,25.09333346684774,0.01635276187016533
2021-09-30,21.350000381469727,21.549999237060547,21.200000762939453,21.39999961853028,80371264,-0.02954543720592151,21.820000076293944,23.29250001907349,25.020833460489907,0.0167810712212215
2021-10-04,20.549999237060547,21.25,20.450000762939453,21.0,103243641,-0.03747077892811301,21.50999984741211,23.05500001907349,24.940000120798747,0.01774071308938245
2021-10-05,20.850000381469727,21.14999961853028,19.86000061035156,20.14999961853028,98201609,0.01459859637698413,21.329999923706055,22.82750005722046,24.842500114440917,0.018337152855574794
2021-10-06,20.549999237060547,21.100000381469727,20.350000381469727,21.049999237060547,65766014,-0.014388543833112055,21.059999847412108,22.607499980926512,24.740833441416424,0.018275194104475
2021-10-07,21.350000381469727,21.450000762939453,20.75,21.0,79755003,0.03892949752360231,20.929999923706056,22.425,24.646666781107584,0.021138777829695872
2021-10-08,21.14999961853028,21.64999961853028,20.75,21.64999961853028,104803997,-0.009367717066320669,20.889999771118166,22.257499980926514,24.546666781107586,0.020944579557099687
2021-10-11,21.64999961853028,21.850000381469727,21.14999961853028,21.299999237060547,72014855,0.023640662364926568,21.10999984741211,22.159999942779542,24.458333428700765,0.02080139649013744
2021-10-12,21.100000381469727,21.450000762939453,20.850000381469727,21.299999237060547,79272091,-0.025404122251799444,21.15999984741211,22.00999994277954,24.339166768391927,0.020426326694391952
2021-10-15,21.25,21.549999237060547,20.850000381469727,21.450000762939453,75344508,0.007108986531678241,21.3,21.902499961853028,24.22500009536743,0.01991256576054581
2021-10-18,21.350000381469727,21.350000381469727,20.850000381469727,21.25,51691748,0.004705900304457611,21.3,21.807499980926515,24.120833428700767,0.020014809886806113
2021-10-19,22.5,22.64999961853028,21.450000762939453,21.5,144193907,0.05386414978841825,21.570000076293944,21.77249994277954,24.048333422342935,0.02384851806765267
2021-10-20,22.799999237060547,23.200000762939453,22.299999237060547,22.64999961853028,115040027,0.013333299424913125,21.8,21.779999923706054,23.975833415985107,0.023448666190832457
2021-10-21,22.450000762939453,22.950000762939453,22.049999237060547,22.950000762939453,102052284,-0.015350810782141844,22.070000076293944,21.752499961853026,23.910833422342936,0.023432668807751796
2021-10-22,22.600000381469727,22.89999961853028,22.299999237060547,22.549999237060547,54510459,0.006681497257581048,22.34000015258789,21.742500019073486,23.85666675567627,0.023417432012000656
2021-10-25,22.549999237060547,22.799999237060547,22.350000381469727,22.450000762939453,43235295,-0.0022124399807611494,22.579999923706055,21.714999961853028,23.826666736602782,0.0232078856009985
2021-10-26,22.39999961853028,23.0,22.200000762939453,22.600000381469727,53810811,-0.006651868009101447,22.55999984741211,21.70999994277954,23.781666723887124,0.02250281975081548
2021-10-27,21.89999961853028,22.200000762939453,21.64999961853028,22.14999961853028,62247977,-0.022321428951560196,22.379999923706055,21.69999990463257,23.715000057220458,0.02271386202368933
2021-10-28,21.850000381469727,22.200000762939453,21.64999961853028,22.14999961853028,56988436,-0.0022830702251815937,22.25999984741211,21.704999923706055,23.656666723887124,0.022423448602951746
2021-10-29,21.350000381469727,21.850000381469727,21.14999961853028,21.799999237060547,93571949,-0.0228832947949984,22.00999984741211,21.677499961853027,23.58333339691162,0.022956403745547728
2021-11-01,21.25,21.5,20.89999961853028,21.100000381469727,59219904,-0.004683858533160445,21.75,21.63999996185303,23.50583340326945,0.022931047453489915
2021-11-02,21.0,21.850000381469727,20.89999961853028,21.600000381469727,61162682,-0.0117647058823529,21.470000076293946,21.62249994277954,23.408333396911623,0.02211608570837874
2021-11-03,20.450000762939453,21.25,20.100000381469727,20.89999961853028,153430240,-0.026190439860026005,21.18000030517578,21.617500019073486,23.310833422342935,0.021253194779594708
2021-11-04,20.75,20.75,20.299999237060547,20.549999237060547,69581543,0.01466988879551634,20.960000228881835,21.6125,23.217500082651775,0.021255783616730722
2021-11-05,20.39999961853028,20.850000381469727,20.299999237060547,20.549999237060547,64422173,-0.01686748826360096,20.770000076293947,21.605000019073486,23.110833422342935,0.021350942548856857
2021-11-08,20.350000381469727,20.600000381469727,20.049999237060547,20.39999961853028,76288436,-0.0024509430389958453,20.59000015258789,21.555000019073486,22.992500082651773,0.019267734670488344
2021-11-09,20.350000381469727,20.600000381469727,20.200000762939453,20.5,47569497,0.0,20.460000228881835,21.51500005722046,22.884166749318442,0.019198606401079562
2021-11-10,20.600000381469727,20.64999961853028,20.049999237060547,20.350000381469727,83863860,0.01228501205472421,20.49000015258789,21.46250009536743,22.789166768391926,0.01856556422349131
2021-11-11,21.049999237060547,21.25,20.299999237060547,20.299999237060547,81741335,0.021844604235813803,20.55,21.460000038146973,22.71583340962728,0.018479614609732943
2021-11-12,21.14999961853028,21.450000762939453,20.799999237060547,21.299999237060547,57035815,0.004750612118487485,20.7,21.455000019073488,22.654166730244956,0.018439625447313455
2021-11-15,21.299999237060547,21.600000381469727,21.14999961853028,21.299999237060547,44419092,0.007092180673083703,20.889999771118163,21.45249996185303,22.600833384195962,0.018479873487124276
2021-11-16,21.799999237060547,22.0,21.299999237060547,21.350000381469727,88859170,0.023474179244571625,21.179999542236327,21.417499923706057,22.55416669845581,0.01468034482903071
2021-11-17,21.75,21.950000762939453,21.5,21.799999237060547,41554266,-0.002293543064696424,21.409999465942384,21.36499996185303,22.51666669845581,0.014260484412634417
2021-11-18,21.14999961853028,21.700000762939453,20.89999961853028,21.549999237060547,94304096,-0.027586224435389384,21.42999954223633,21.29999990463257,22.47833334604899,0.015090052291767112
2021-11-19,21.14999961853028,21.200000762939453,20.600000381469727,20.89999961853028,46863434,0.0,21.429999542236327,21.227499866485598,22.425,0.014940695674411924
2021-11-22,20.89999961853028,21.5,20.600000381469727,21.100000381469727,85143716,-0.011820331182463284,21.349999618530276,21.144999885559084,22.352499993642173,0.01506112570308442
2021-11-23,20.700000762939453,21.049999237060547,20.5,20.799999237060547,66921709,-0.00956932340867156,21.12999992370606,21.059999942779545,22.275,0.015105446291152602
2021-11-24,19.26000022888184,20.600000381469727,19.020000457763672,20.5,395151127,-0.06956524062722447,20.63199996948243,20.927999973297123,22.18849999109904,0.020778169589458644
2021-11-25,19.57999992370605,19.76000022888184,19.020000457763672,19.26000022888184,100291014,0.01661472954420562,20.31800003051758,20.814499950408937,22.10066665013631,0.021386086094591576
2021-11-26,19.059999465942383,19.5,19.020000457763672,19.479999542236328,106126117,-0.02655773543359874,19.9,20.69999990463257,22.004166634877524,0.02156063765670126
2021-11-29,19.299999237060547,19.6200008392334,19.040000915527344,19.059999465942383,87365450,0.01259180366437107,19.579999923706055,20.602499866485598,21.909166622161866,0.021934950795482248
2021-11-30,19.280000686645508,19.600000381469727,19.1200008392334,19.21999931335449,119311914,-0.0010361943629840775,19.295999908447264,20.516499900817873,21.810499954223634,0.021880785866973923
2021-12-01,19.559999465942383,19.799999237060547,19.239999771118164,19.39999961853028,98818392,0.014522757745066839,19.355999755859376,20.47199983596802,21.714833291371665,0.021602762200777444
2021-12-02,19.520000457763672,19.76000022888184,19.31999969482422,19.31999969482422,67596705,-0.002044939124275391,19.3439998626709,20.410499858856205,21.616833305358888,0.02124446672497453
2021-12-03,19.65999984741211,19.81999969482422,19.13999938964844,19.31999969482422,124088389,0.007172099711337587,19.463999938964843,20.373499870300293,21.52866662343343,0.021087979188686167
2021-12-06,19.1200008392334,19.5,19.0,19.299999237060547,96454934,-0.027466887709553633,19.428000259399415,20.311999893188478,21.430666637420654,0.021866814801744197
2021-12-07,19.239999771118164,19.459999084472656,18.6200008392334,19.34000015258789,140483510,0.006276094488371298,19.420000076293945,20.2564998626709,21.342999966939292,0.021955169221773124
2021-12-08,19.21999931335449,19.479999542236328,19.1200008392334,19.39999961853028,57459015,-0.0010395248441581462,19.352000045776368,20.187499809265137,21.269999949137368,0.021681261528298565
2021-12-09,19.39999961853028,19.57999992370605,19.1200008392334,19.1200008392334,73800509,0.009365260749552906,19.327999877929688,20.104999828338624,21.19166660308838,0.021093191747420047
2021-12-10,19.200000762939453,19.5,19.15999984741211,19.31999969482422,52784263,-0.010309219563066074,19.236000061035156,20.00749988555908,21.121666622161865,0.02103851358955222
2021-12-13,19.239999771118164,19.65999984741211,19.13999938964844,19.39999961853028,68187761,0.0020832815931923765,19.25999984741211,19.90449991226196,21.054833285013835,0.020921377317492853
2021-12-14,18.440000534057617,19.07999992370605,18.3799991607666,19.020000457763672,142698242,-0.04158000242086557,19.1,19.736499977111816,20.975499947865803,0.021337363972133375
2021-12-15,18.0,18.479999542236328,17.68000030517578,18.440000534057617,141791804,-0.02386119963743827,18.8560001373291,19.548999977111816,20.897999954223632,0.02157154169699351
2021-12-16,18.1200008392334,18.200000762939453,17.760000228881836,17.81999969482422,73226397,0.006666713290744308,18.600000381469727,19.397500038146973,20.816666634877524,0.021393167730297858
2021-12-17,18.21999931335449,18.420000076293945,18.020000457763672,18.100000381469727,92181486,0.0055186793316572835,18.404000091552735,19.251000022888185,20.740333302815756,0.021529849660176507
2021-12-20,17.6200008392334,18.34000015258789,17.5,18.200000762939453,91893630,-0.03293076271859774,18.08000030517578,19.08700008392334,20.648999977111817,0.022272845832877305
2021-12-21,18.39999961853028,18.540000915527344,17.5,17.600000381469727,128461190,0.04426780602416924,18.072000122070314,18.97200002670288,20.580666637420656,0.02517076053711059
2021-12-22,18.5,18.6200008392334,18.36000061035156,18.479999542236328,80064570,0.005434803453420178,18.172000122070312,18.93400001525879,20.520666631062827,0.02023751685631005
2021-12-23,18.63999938964844,18.84000015258789,18.39999961853028,18.459999084472656,79187023,0.00756753457559145,18.275999832153325,18.886999988555907,20.468833287556965,0.019902205468291218
2021-12-24,18.63999938964844,18.799999237060547,18.559999465942383,18.65999984741211,27867442,0.0,18.359999847412112,18.86599998474121,20.414499950408935,0.019064632174531734
2021-12-28,18.780000686645508,18.86000061035156,18.459999084472656,18.65999984741211,64115871,0.007510799441056593,18.591999816894536,18.840000057220458,20.36083329518636,0.018908029909909335
2021-12-29,18.559999465942383,18.81999969482422,18.36000061035156,18.799999237060547,48064836,-0.011714654561198579,18.623999786376952,18.803999996185304,20.31433327992757,0.01905354367350431
2021-12-30,18.63999938964844,18.86000061035156,18.459999084472656,18.559999465942383,32449849,0.004310340840949722,18.65199966430664,18.757999992370607,20.28249994913737,0.018729193894262385
2021-12-31,18.89999961853028,19.34000015258789,18.84000015258789,19.100000381469727,55703217,0.013948510589878449,18.70399971008301,18.726999950408935,20.249999936421712,0.01907612139193558
2022-01-03,18.600000381469727,19.07999992370605,18.520000457763672,19.07999992370605,34724235,-0.015872975826222935,18.69599990844727,18.673999977111816,20.2174999554952,0.019224030781138657
2022-01-04,18.559999465942383,18.799999237060547,18.34000015258789,18.71999931335449,49159666,-0.0021505868122021488,18.651999664306643,18.645999908447266,20.17099994023641,0.018311710271157015
2022-01-05,17.920000076293945,18.57999992370605,17.780000686645508,18.440000534057617,79869995,-0.034482726727597,18.523999786376955,18.579999923706055,20.117166614532472,0.019641005653205975
2022-01-06,18.1200008392334,18.26000022888184,17.600000381469727,17.6200008392334,69464104,0.011160756812943928,18.42000007629395,18.525,20.058333301544188,0.01990466919092782
2022-01-07,18.26000022888184,18.280000686645508,17.8799991607666,18.21999931335449,59988309,0.0077262352739695395,18.292000198364256,18.46800003051758,20.010999965667725,0.019855461680063472
2022-01-10,18.520000457763672,18.76000022888184,18.07999992370605,18.15999984741211,65618737,0.014238785631042417,18.276000213623046,18.43400001525879,19.96549997329712,0.02012602942517945
2022-01-11,18.15999984741211,18.39999961853028,18.020000457763672,18.299999237060547,57905143,-0.019438477400288035,18.19600028991699,18.380000019073485,19.912333297729493,0.02049034186737705
2022-01-12,18.81999969482422,18.8799991607666,18.239999771118164,18.239999771118164,90999239,0.03634360423775895,18.376000213623048,18.398999977111817,19.850999959309895,0.020110067956135857
2022-01-13,18.68000030517578,18.8799991607666,18.520000457763672,18.84000015258789,47981790,-0.0074388624823910066,18.488000106811523,18.432999992370604,19.78233331044515,0.019353449335829578
2022-01-14,18.63999938964844,18.65999984741211,18.200000762939453,18.5,36008293,-0.002141376599242184,18.563999938964844,18.45899991989136,19.718833287556965,0.019342676958011305
2022-01-17,18.5,18.68000030517578,18.34000015258789,18.520000457763672,37229089,-0.007510697115483245,18.559999847412108,18.472999954223635,19.650499947865804,0.019422746637617373
2022-01-18,18.6200008392334,19.059999465942383,18.459999084472656,18.559999465942383,58685931,0.006486531850453892,18.65200004577637,18.522999954223636,19.584999974568685,0.01773096808178623
2022-01-19,18.31999969482422,18.68000030517578,18.26000022888184,18.559999465942383,55582183,-0.01611176857613561,18.552000045776367,18.518999958038332,19.51699997584025,0.01529139092339723
2022-01-20,18.89999961853028,18.89999961853028,18.34000015258789,18.440000534057617,77311777,0.031659385009155994,18.59599990844727,18.538999938964846,19.46699997584025,0.016837764789943175
2022-01-21,18.920000076293945,19.07999992370605,18.739999771118164,18.799999237060547,63055065,0.0010582252998596609,18.65200004577637,18.552999973297123,19.418166637420654,0.01677107629907997
2022-01-24,18.200000762939453,18.76000022888184,18.1200008392334,18.68000030517578,84491214,-0.03805493184202602,18.59200019836426,18.531000041961672,19.365666643778482,0.01889971388212257
2022-01-25,17.6200008392334,18.059999465942383,17.420000076293945,17.920000076293945,104472148,-0.031868126340252934,18.39200019836426,18.473000049591068,19.305166657765707,0.019983928988286995
2022-01-26,17.440000534057617,17.81999969482422,17.200000762939453,17.760000228881836,77648864,-0.010215680851443865,18.21600036621094,18.41700010299683,19.245833333333334,0.019952281725084193
2022-01-27,16.479999542236328,17.239999771118164,16.399999618530273,17.239999771118164,122127568,-0.05504592674447206,17.73200035095215,18.309000110626222,19.179666646321614,0.02300197643448908
2022-01-28,16.260000228881836,16.579999923706055,15.880000114440918,16.5,84049256,-0.013349473268531309,17.200000381469728,18.1770001411438,19.104833316802978,0.022568948303025718
2022-01-31,16.3799991607666,16.3799991607666,16.3799991607666,16.3799991607666,0,0.007380008007110472,16.836000061035158,18.066000080108644,19.037833309173585,0.022699937729310966
2022-02-04,16.579999923706055,16.799999237060547,16.260000228881836,16.780000686645508,58116918,0.012210059413097829,16.62799987792969,17.967000102996828,18.974999968210856,0.023055372247702037
2022-02-07,16.3799991607666,16.760000228881836,16.18000030517578,16.520000457763672,67416507,-0.012062772247272036,16.415999603271484,17.890000057220462,18.908833281199136,0.022090186909596417
2022-02-08,15.960000038146973,16.420000076293945,15.760000228881836,16.34000015258789,76746236,-0.0256409733906221,16.311999702453612,17.78200001716614,18.831499942143758,0.022271067593546922
2022-02-09,16.719999313354492,16.81999969482422,16.15999984741211,16.15999984741211,81663619,0.04761900209216785,16.403999519348144,17.70499997138977,18.759333276748656,0.025171109873647915
2022-02-10,16.81999969482422,17.079999923706055,16.6200008392334,17.0,54622826,0.005980884304813028,16.491999626159668,17.6199999332428,18.687166611353557,0.024921044192846936
2022-02-11,16.600000381469727,16.799999237060547,16.360000610351562,16.700000762939453,52652480,-0.013079626477174644,16.4959997177124,17.541999959945677,18.60883329709371,0.024760569733169542
2022-02-14,16.34000015258789,16.420000076293945,16.0,16.34000015258789,61759265,-0.015662664030542395,16.48799991607666,17.417999982833862,18.517833312352497,0.02294402540786567
2022-02-15,16.280000686645508,16.600000381469727,16.100000381469727,16.100000381469727,49003099,-0.0036719379058806068,16.552000045776367,17.298000001907347,18.426666657129925,0.022953872869065983
2022-02-16,16.600000381469727,16.84000015258789,16.479999542236328,16.5,54273604,0.01965600008154267,16.528000259399413,17.196000051498412,18.35083333651225,0.023682677322447554
2022-02-17,16.540000915527344,16.760000228881836,16.299999237060547,16.65999984741211,36337646,-0.003614425576119795,16.472000503540038,17.09800009727478,18.274000024795534,0.023681389321813174
2022-02-18,16.139999389648438,16.520000457763672,16.020000457763672,16.280000686645508,61347122,-0.024183887771335844,16.38000030517578,16.974000024795533,18.1946666876475,0.023869154637231254
2022-02-21,16.100000381469727,16.260000228881836,15.9399995803833,16.0,48069644,-0.00247825338855745,16.33200035095215,16.863000059127806,18.118000014623007,0.023785257073062418
2022-02-22,15.619999885559082,15.899999618530272,15.460000038146973,15.800000190734863,89147153,-0.029813694691777748,16.200000190734862,16.699000072479247,18.057333342234294,0.02258115192588742
2022-02-23,15.760000228881836,15.859999656677246,15.619999885559082,15.760000228881836,72254717,0.008962890163154658,16.032000160217287,16.541000080108642,17.99366668065389,0.022838630472653106
2022-02-24,14.960000038146973,15.699999809265137,14.859999656677246,15.5,108268171,-0.05076143268505673,15.715999984741211,16.37900004386902,17.9253333568573,0.02384832515648129
2022-02-25,14.739999771118164,15.140000343322754,14.479999542236328,14.960000038146973,115352246,-0.014705900164961427,15.436000061035156,16.23499999046326,17.84933336575826,0.02330296240078216
2022-02-28,14.65999984741211,14.84000015258789,14.380000114440918,14.81999969482422,98704507,-0.0054274033207794,15.147999954223632,16.09599995613098,17.772333351771035,0.023310343793599798
2022-03-01,14.68000030517578,14.81999969482422,14.5,14.65999984741211,49086772,0.0013642877197710401,14.960000038146973,16.005999994277953,17.691000032424927,0.020625370509347114
2022-03-02,14.81999969482422,14.960000038146973,14.600000381469728,14.619999885559082,64324653,0.009536742965807754,14.771999931335449,15.933999967575073,17.612666686375935,0.020804782587522587
2022-03-03,14.720000267028809,14.979999542236328,14.600000381469728,14.960000038146973,59181317,-0.006747599855237207,14.723999977111816,15.851000022888183,17.530333360036213,0.02062209904461905
2022-03-04,13.960000038146973,14.300000190734863,13.699999809265137,14.239999771118164,172115195,-0.05163044939504202,14.568000030517577,15.72000002861023,17.444333346684775,0.022639611584423344
2022-03-07,13.68000030517578,13.920000076293944,13.039999961853027,13.399999618530272,186408382,-0.020057287407311497,14.372000122070313,15.58500008583069,17.351666688919067,0.022779352616603923
2022-03-08,12.9399995803833,13.979999542236328,12.899999618530272,13.699999809265137,179112275,-0.05409361902663867,14.023999977111817,15.434000062942506,17.24700002670288,0.024699428377543655
2022-03-09,13.300000190734863,13.539999961853027,12.739999771118164,13.079999923706056,168374161,0.02782075904371073,13.720000076293946,15.263000106811523,17.145333369572956,0.022567413960809784
2022-03-10,13.579999923706056,13.899999618530272,13.380000114440918,13.800000190734863,81509483,0.021052611199678717,13.492000007629395,15.101000118255616,17.051666688919067,0.023404976430621397
2022-03-11,13.65999984741211,13.880000114440918,12.859999656677246,12.979999542236328,137860658,0.005891010615279857,13.431999969482423,14.954000091552734,16.958666690190633,0.023672553000375445
2022-03-14,12.479999542236328,13.479999542236328,12.359999656677246,13.4399995803833,169050905,-0.0863836250627289,13.191999816894532,14.761000061035157,16.859333340326945,0.029272404772057264
2022-03-15,11.5,12.920000076293944,11.380000114440918,11.859999656677246,267858299,-0.07852560722616175,12.90399990081787,14.52200002670288,16.75100000699361,0.032616099707982495
2022-03-16,13.399999618530272,13.460000038146973,11.84000015258789,12.020000457763672,277546915,0.16521735813306715,12.923999786376953,14.361999988555908,16.67233331998189,0.05177236199005593
2022-03-17,13.9399995803833,14.5,13.420000076293944,14.5,209742078,0.040298505763111114,12.995999717712403,14.231999921798707,16.60099999109904,0.05294970765093398
2022-03-18,13.520000457763672,13.81999969482422,13.039999961853027,13.81999969482422,154366597,-0.030129062787825456,12.967999839782715,14.100999975204468,16.532666651407876,0.053066436202908844
2022-03-21,13.380000114440918,13.899999618530272,13.199999809265137,13.880000114440918,98820089,-0.010355054628889526,13.147999954223632,13.964999961853028,16.44899999300639,0.053056195267521776
2022-03-22,14.199999809265137,14.199999809265137,13.359999656677246,13.5,119307537,0.06128547741484702,13.68799991607666,13.89399995803833,16.37733332316081,0.0549545923561208
2022-03-23,14.779999732971191,15.479999542236328,14.699999809265137,15.039999961853027,285555532,0.040845065598354324,13.963999938964843,13.844999933242798,16.31299999554952,0.055787258125422706
2022-03-24,14.5,15.020000457763672,14.34000015258789,14.81999969482422,120935081,-0.01894450189647623,14.076000022888184,13.82199993133545,16.244000005722047,0.05476104415700662
2022-03-25,14.420000076293944,14.9399995803833,14.260000228881836,14.4399995803833,136345667,-0.005517236117659086,14.255999946594239,13.805999946594238,16.171333328882852,0.05467127170712751
2022-03-28,14.479999542236328,14.619999885559082,13.81999969482422,14.279999732971191,98257431,0.004160850598123211,14.47599983215332,13.79699993133545,16.10333333015442,0.05466067401685988
2022-03-29,14.119999885559082,14.579999923706056,13.380000114440918,14.479999542236328,336743632,-0.02486185552887432,14.45999984741211,13.768999910354614,16.028000005086263,0.054959041251888455
2022-03-30,14.15999984741211,14.460000038146973,14.0,14.300000190734863,123364635,0.002832858511134795,14.335999870300293,13.735999917984008,15.94900000890096,0.054914665928006735
2022-03-31,13.9399995803833,14.199999809265137,13.800000190734863,14.119999885559082,65658906,-0.015536742189232178,14.223999786376954,13.696999883651733,15.871333328882853,0.0549990941965586
2022-04-01,13.779999732971191,13.81999969482422,13.380000114440918,13.640000343322754,66987879,-0.011477751235894229,14.095999717712402,13.687999868392945,15.791666666666666,0.05378586158270854
2022-04-04,14.039999961853027,14.0600004196167,13.720000267028809,13.779999732971191,60839903,0.018867941503637242,14.007999801635743,13.705999851226807,15.726999998092651,0.0537003232817687
2022-04-06,13.65999984741211,13.960000038146973,13.520000457763672,13.920000076293944,95404423,-0.02706553529012723,13.915999794006348,13.741999864578247,15.652666648228964,0.05252513793228033
2022-04-07,13.420000076293944,13.9399995803833,13.420000076293944,13.5,65456759,-0.017569529560692798,13.767999839782714,13.7479998588562,15.571999979019164,0.05242103506944957
2022-04-08,13.199999809265137,13.539999961853027,12.9399995803833,13.359999656677246,109115951,-0.01639346242757711,13.619999885559082,13.728999853134155,15.483333301544189,0.05236229649764004
2022-04-11,12.359999656677246,13.119999885559082,12.260000228881836,13.100000381469728,116988120,-0.06363637611557316,13.335999870300293,13.663999843597413,15.386666631698608,0.05421410083086976
2022-04-12,12.31999969482422,12.579999923706056,11.979999542236328,12.380000114440918,115468751,-0.003236242958260638,12.99199981689453,13.655999851226806,15.278333298365276,0.05060316251248501
2022-04-13,12.359999656677246,12.460000038146973,12.239999771118164,12.260000228881836,62393559,0.003246750230832429,12.731999778747559,13.698999834060668,15.172999954223632,0.04706041160489571
2022-04-14,12.479999542236328,12.579999923706056,12.34000015258789,12.479999542236328,63457238,0.009708728874782357,12.543999671936035,13.652999830245971,15.070333290100098,0.028189649407041776
2022-04-19,12.039999961853027,12.4399995803833,12.0,12.300000190734863,68449463,-0.035256377926473514,12.311999702453614,13.557999849319458,14.962666622797649,0.027098732635798588
2022-04-20,12.020000457763672,12.420000076293944,11.979999542236328,12.020000457763672,85137443,-0.0016610883847775204,12.243999862670899,13.482999849319459,14.85266661643982,0.026559524519789986
2022-04-21,11.520000457763672,12.039999961853027,11.420000076293944,11.960000038146973,123909323,-0.04159733618621053,12.08400001525879,13.389999866485596,14.739333295822144,0.02775042750612402
2022-04-22,11.619999885559082,11.760000228881836,11.140000343322754,11.300000190734863,103248009,0.008680505540086036,11.936000061035156,13.260999870300292,14.61799996693929,0.023018006241873973
2022-04-25,10.920000076293944,11.460000038146973,10.81999969482422,11.460000038146973,125362903,-0.06024094803435176,11.62400016784668,13.067999887466431,14.484666633605958,0.022420913943040417
2022-04-26,10.859999656677246,11.220000267028809,10.779999732971191,11.020000457763672,95712222,-0.005494543882554659,11.388000106811523,12.885999870300292,14.36233328183492,0.022490868022619712
2022-04-27,11.199999809265137,11.34000015258789,10.640000343322754,10.739999771118164,125659368,0.031307565684759675,11.223999977111816,12.724999856948852,14.255333264668783,0.02463576576618869
2022-04-28,11.359999656677246,11.359999656677246,11.020000457763672,11.199999809265137,71601177,0.014285700905079413,11.191999816894532,12.568999862670898,14.153999916712444,0.02509080905969537
2022-04-29,12.199999809265137,12.220000267028809,11.199999809265137,11.199999809265137,124067524,0.07394367763859488,11.307999801635741,12.472999858856202,14.08266658782959,0.031326590318677114
2022-05-03,11.65999984741211,11.899999618530272,11.399999618530272,11.579999923706056,75537344,-0.04426229264716308,11.455999755859375,12.347999858856202,14.005999914805095,0.032317591394874216
2022-05-04,11.380000114440918,11.81999969482422,11.300000190734863,11.65999984741211,55584992,-0.024013699539913502,11.55999984741211,12.219999885559082,13.922666597366334,0.03246076607169088
2022-05-05,11.579999923706056,11.84000015258789,11.539999961853027,11.579999923706056,84906330,0.01757467550561298,11.635999870300292,12.109999895095825,13.839333264033,0.03301727299787538
2022-05-06,11.100000381469728,11.260000228881836,10.960000038146973,11.100000381469728,95199165,-0.04145073794462595,11.58400001525879,11.96299991607666,13.751333284378052,0.03317485851356231
2022-05-10,10.81999969482422,10.979999542236328,10.359999656677246,10.640000343322754,92534305,-0.02522528621827247,11.307999992370606,11.820999908447266,13.665666611989339,0.03313093452755757
2022-05-11,11.0,11.279999732971191,10.420000076293944,10.720000267028809,119990850,0.016635888193405668,11.176000022888184,11.699999904632568,13.570333290100098,0.03365616724813149
2022-05-12,10.359999656677246,10.960000038146973,10.300000190734863,10.800000190734863,132336455,-0.05818184939297766,10.97199993133545,11.557999897003175,13.462666622797649,0.035369690554603886
2022-05-13,11.039999961853027,11.0600004196167,10.460000038146973,10.460000038146973,124732458,0.0656370972693523,10.863999938964843,11.491999912261964,13.36999994913737,0.0370994880717583
2022-05-16,11.119999885559082,11.359999656677246,10.9399995803833,11.18000030517578,79669228,0.007246369925949514,10.867999839782716,11.431999921798706,13.282999944686889,0.03719933309186231
2022-05-17,11.720000267028809,11.760000228881836,11.239999771118164,11.34000015258789,120318726,0.053956869392500106,11.047999954223632,11.399999952316284,13.206999937693277,0.03941423614736369
2022-05-18,11.65999984741211,11.779999732971191,11.460000038146973,11.479999542236328,90055588,-0.0051194896117446875,11.179999923706054,11.358999967575073,13.124666595458985,0.03932333129974642
2022-05-19,11.079999923706056,11.399999618530272,11.0,11.15999984741211,117817978,-0.04974270422780336,11.323999977111818,11.310999965667724,13.03366657892863,0.04008141495451048
2022-05-20,11.739999771118164,11.779999732971191,11.34000015258789,11.399999618530272,132030953,0.059566773642300674,11.463999938964843,11.29699993133545,12.960333251953125,0.0424862333498239
2022-05-23,11.5,11.779999732971191,11.34000015258789,11.579999923706056,59939662,-0.020442911055977397,11.539999961853027,11.295999908447266,12.88366657892863,0.04165993682866085
2022-05-24,11.15999984741211,11.640000343322754,11.039999961853027,11.359999656677246,67194425,-0.029565230659816533,11.427999877929688,11.272999906539917,12.809333244959513,0.04215082070956726
2022-05-25,11.220000267028809,11.34000015258789,11.079999923706056,11.15999984741211,55449316,0.0053763817595939845,11.339999961853028,11.28799991607666,12.733666578928629,0.03979986311165424
2022-05-26,11.300000190734863,11.460000038146973,11.079999923706056,11.300000190734863,54816444,0.007130117807674585,11.384000015258788,11.309999942779541,12.672666581471761,0.03977315157248135
2022-05-27,11.600000381469728,11.760000228881836,11.31999969482422,11.68000030517578,71705705,0.026548688997442893,11.3560001373291,11.329999971389771,12.620333258310954,0.03960709370255294
2022-05-30,12.020000457763672,12.039999961853027,11.619999885559082,11.760000228881836,106393844,0.0362069019381126,11.460000228881835,11.363000011444091,12.576333268483479,0.04024867739476913
2022-05-31,12.140000343322754,12.140000343322754,11.81999969482422,12.119999885559082,170918224,0.009983351163815879,11.656000328063964,11.360000038146973,12.53399993578593,0.03675378712089535
2022-06-01,12.15999984741211,12.239999771118164,11.880000114440918,12.15999984741211,77546267,0.0016474055620891992,11.844000244140625,11.385000038146973,12.489666604995728,0.03521966766908014
2022-06-02,11.960000038146973,12.039999961853027,11.859999656677246,11.920000076293944,64232985,-0.016447352942006832,11.976000213623047,11.414000034332275,12.44366660118103,0.03495740776929067
2022-06-06,12.34000015258789,12.34000015258789,11.760000228881836,11.960000038146973,86181852,0.03177258471813471,12.12400016784668,11.452000045776368,12.416666603088379,0.035408780409868744
2022-06-07,12.140000343322754,12.420000076293944,11.960000038146973,12.100000381469728,93985822,-0.016207439772453647,12.148000144958496,11.504000043869018,12.390999937057495,0.03413891067789461
2022-06-08,12.579999923706056,12.579999923706056,12.15999984741211,12.279999732971191,140043896,0.036243786485995466,12.236000061035156,11.592000055313111,12.38499994277954,0.03403771292474961
2022-06-09,12.18000030517578,12.899999618530272,12.079999923706056,12.699999809265137,128184142,-0.031796472254066344,12.240000152587891,11.6510000705719,12.366333278020223,0.03510549687595879
2022-06-10,12.18000030517578,12.220000267028809,11.81999969482422,11.920000076293944,119036187,0.0,12.284000205993653,11.742000102996826,12.34299995104472,0.0317879106045926
2022-06-13,11.720000267028809,11.880000114440918,11.619999885559082,11.760000228881836,118851211,-0.03776683305594808,12.160000228881836,11.776000118255615,12.310666624704997,0.030401639101224266
2022-06-14,11.539999961853027,11.720000267028809,11.359999656677246,11.619999885559082,88648708,-0.015358387463707324,12.04000015258789,11.797000122070312,12.294999965031941,0.030671264462380533
2022-06-15,11.880000114440918,11.960000038146973,11.539999961853027,11.539999961853027,92454783,0.029462751621473604,11.900000190734863,11.805000114440919,12.301333300272624,0.028940186454044118
2022-06-16,11.460000038146973,12.119999885559082,11.34000015258789,12.100000381469728,95860296,-0.03535354143502134,11.756000137329101,11.795000123977662,12.268999973932901,0.030049162403476767
2022-06-17,11.800000190734863,11.81999969482422,11.260000228881836,11.279999732971191,147218129,0.029668425083432037,11.680000114440919,11.831000137329102,12.233333317438762,0.028392072417426004
2022-06-20,11.800000190734863,11.920000076293944,11.600000381469728,11.779999732971191,59166341,0.0,11.696000099182129,11.834000158309937,12.204666646321614,0.025143197921006513
2022-06-21,12.0,12.0600004196167,11.640000343322754,11.800000190734863,73853904,0.016949136104436047,11.788000106811523,11.859000158309936,12.181666644414266,0.024888558433674563
2022-06-22,11.619999885559082,12.039999961853027,11.579999923706056,11.9399995803833,68635783,-0.031666676203409794,11.736000061035156,11.882000160217284,12.138666645685833,0.02503472535550331
2022-06-23,11.84000015258789,11.920000076293944,11.640000343322754,11.920000076293944,71262931,0.018932897521128034,11.81200008392334,11.91300015449524,12.089666652679444,0.02530392070730295
2022-06-24,12.220000267028809,12.279999732971191,11.800000190734863,11.81999969482422,114828526,0.03209460384659368,11.896000099182128,11.959000158309937,12.051666657129923,0.026121057186432685
2022-06-27,13.739999771118164,13.84000015258789,12.279999732971191,12.300000190734863,387697229,0.12438620874588002,12.284000015258789,12.066000127792359,12.040333318710328,0.037290886509223985
2022-06-28,14.220000267028809,14.539999961853027,13.5600004196167,13.640000343322754,309632718,0.03493453449101347,12.728000068664551,12.176000118255615,12.035999997456868,0.03724333059987278
2022-06-29,13.800000190734863,14.420000076293944,13.640000343322754,13.81999969482422,164915729,-0.02953586978952305,13.164000129699707,12.259000110626221,12.030666669209799,0.03822788350725864
2022-06-30,13.640000343322754,14.020000457763672,13.359999656677246,13.65999984741211,115741648,-0.011594191681209676,13.52400016784668,12.333000135421752,12.02200001080831,0.0384413238521177
2022-07-04,13.84000015258789,13.880000114440918,13.359999656677246,13.619999885559082,104120426,0.014662742245680649,13.848000144958496,12.427000141143798,12.020333353678385,0.03809449294865853
2022-07-05,13.359999656677246,14.279999732971191,13.260000228881836,14.039999961853027,138584800,-0.0346821163741744,13.772000122070313,12.478000116348266,12.01333335240682,0.03880266680887433
2022-07-06,13.18000030517578,13.579999923706056,12.81999969482422,13.279999732971191,117743883,-0.013473005698132923,13.564000129699707,12.530000114440918,11.999000024795532,0.03872998744092732
2022-07-07,13.420000076293944,13.479999542236328,12.859999656677246,13.15999984741211,71149190,0.018209390406760173,13.488000106811523,12.57200012207031,11.99500002861023,0.03816533246706731
2022-07-08,13.460000038146973,13.739999771118164,13.300000190734863,13.68000030517578,83286180,0.002980623071954236,13.452000045776368,12.636000108718871,11.995666694641113,0.03723406639285356
2022-07-11,12.880000114440918,13.279999732971191,12.800000190734863,13.220000267028809,95010329,-0.043090633139842294,13.260000038146973,12.671000099182129,11.990333366394044,0.038791874901028506
2022-07-12,12.68000030517578,12.84000015258789,12.460000038146973,12.699999809265137,88799595,-0.015527935363983447,13.12400016784668,12.719000101089478,11.995666710535685,0.03785449816664514
2022-07-13,12.800000190734863,12.960000038146973,12.68000030517578,12.68000030517578,65175249,0.009463713144399755,13.048000144958497,12.78200011253357,12.003666718800863,0.03757155407068772
2022-07-14,12.779999732971191,13.0600004196167,12.640000343322754,12.84000015258789,66892002,-0.001562535739503268,12.920000076293945,12.827000093460082,12.010666720072429,0.03718340877720198
2022-07-15,12.460000038146973,12.81999969482422,12.399999618530272,12.65999984741211,67213878,-0.025039100274677595,12.720000076293946,12.877000093460083,12.010333395004272,0.0366726505019627
2022-07-18,13.15999984741211,13.18000030517578,12.420000076293944,12.5600004196167,87456813,0.05617975980112755,12.776000022888184,12.945000076293946,12.029000059763591,0.038071116989085906
2022-07-19,12.920000076293944,13.119999885559082,12.800000190734863,13.039999961853027,37138555,-0.018237064886088228,12.823999977111816,13.0010000705719,12.044000053405762,0.0384422846570925
2022-07-20,12.9399995803833,13.220000267028809,12.9399995803833,13.100000381469728,49077588,0.0015479492237815418,12.851999855041504,13.048000049591064,12.067666705449422,0.038349091347549706
2022-07-21,13.0,13.220000267028809,12.84000015258789,12.880000114440918,59604863,0.004636817740524268,12.895999908447266,13.11700005531311,12.090666707356771,0.03739700762354606
2022-07-22,12.960000038146973,13.260000228881836,12.81999969482422,13.100000381469728,39406740,-0.0030769201425405734,12.995999908447265,13.173000049591064,12.124666706720989,0.03732836692217218
2022-07-25,12.84000015258789,12.979999542236328,12.5600004196167,12.9399995803833,48690437,-0.009259250401687513,12.931999969482423,13.20400004386902,12.157666714986165,0.03690099534974934
2022-07-26,12.920000076293944,12.9399995803833,12.65999984741211,12.720000267028809,60121064,0.006230523579077163,12.931999969482423,13.163000059127807,12.186333386103312,0.023477306749297985
2022-07-27,12.699999809265137,12.880000114440918,12.600000381469728,12.720000267028809,43976896,-0.01702788434440261,12.884000015258788,13.087000036239624,12.208666721979776,0.021902678488025625
2022-07-28,13.0,13.31999969482422,12.739999771118164,12.739999771118164,91834844,0.023622062617355555,12.884000015258788,13.04700002670288,12.222000058492025,0.02204577452343915
2022-07-29,12.34000015258789,13.239999771118164,12.260000228881836,13.15999984741211,134654832,-0.05076921903170073,12.760000038146973,12.982000017166138,12.233333396911622,0.02447883476342589
2022-08-01,12.140000343322754,12.380000114440918,12.020000457763672,12.300000190734863,82352444,-0.016207439772453647,12.620000076293945,12.89700002670288,12.246000067392986,0.024164192676301047
2022-08-02,11.619999885559082,11.800000190734863,11.260000228881836,11.800000190734863,146898728,-0.04283364440345194,12.360000038146973,12.810000038146972,12.246666733423869,0.024731020700722882
2022-08-03,11.600000381469728,11.920000076293944,11.4399995803833,11.81999969482422,81892611,-0.0017211277354837184,12.140000152587891,12.73100004196167,12.255000066757201,0.024700260075078917
2022-08-04,12.119999885559082,12.15999984741211,11.760000228881836,11.779999732971191,87353457,0.044827541981810715,11.964000129699707,12.666000032424927,12.276666736602783,0.026712718076520793
2022-08-05,12.220000267028809,12.359999656677246,12.140000343322754,12.239999771118164,58162034,0.008250856634815396,11.94000015258789,12.604000043869018,12.297000074386597,0.02681870518306986
2022-08-08,11.779999732971191,12.119999885559082,11.760000228881836,11.9399995803833,83929049,-0.03600658956160563,11.868000030517578,12.549000024795532,12.320666742324828,0.02632414050926064
2022-08-09,11.760000228881836,11.880000114440918,11.479999542236328,11.779999732971191,70361425,-0.0016977508100767258,11.896000099182128,12.503000020980835,12.33266674677531,0.02619015596661367
2022-08-10,11.520000457763672,11.81999969482422,11.4399995803833,11.779999732971191,70229202,-0.020408143405366563,11.880000114440918,12.439000034332276,12.339333422978719,0.02626756791055605
2022-08-11,12.0600004196167,12.100000381469728,11.640000343322754,11.739999771118164,73512299,0.046874994825985894,11.86800022125244,12.40300006866455,12.345000092188517,0.028713272866768818
2022-08-12,12.140000343322754,12.520000457763672,12.020000457763672,12.31999969482422,101475123,0.006633492613808523,11.85200023651123,12.38700008392334,12.353000100453695,0.028275152394139243
2022-08-15,12.119999885559082,12.279999732971191,12.020000457763672,12.039999961853027,36953492,-0.001647484118455722,11.920000267028808,12.33500008583069,12.370333433151245,0.024881731276816282
2022-08-16,11.68000030517578,12.18000030517578,11.539999961853027,12.140000343322754,99439396,-0.0363035960839867,11.904000282287598,12.27300009727478,12.369333442052206,0.02574588441907174
2022-08-17,11.68000030517578,11.859999656677246,11.619999885559082,11.800000190734863,38650367,0.0,11.936000251770018,12.210000133514404,12.372333447138468,0.025728381034079626
2022-08-18,11.640000343322754,11.800000190734863,11.579999923706056,11.739999771118164,43618846,-0.0034246541787589235,11.852000236511229,12.142000150680541,12.380333455403646,0.02563583574801972
2022-08-19,11.65999984741211,11.720000267028809,11.520000457763672,11.520000457763672,52921630,0.0017181704037343426,11.7560001373291,12.077000141143799,12.387666781743368,0.0256790951667623
2022-08-22,11.279999732971191,11.460000038146973,11.020000457763672,11.420000076293944,113190298,-0.032590061699293904,11.588000106811522,11.999000120162965,12.38733344078064,0.026404486977662223
2022-08-23,11.18000030517578,11.260000228881836,11.039999961853027,11.199999809265137,73873317,-0.00886519770945704,11.488000106811523,11.912000131607055,12.380333439509075,0.026248035176786453
2022-08-24,11.020000457763672,11.18000030517578,10.81999969482422,11.18000030517578,90824042,-0.014311256086284363,11.3560001373291,11.828000164031982,12.363666772842407,0.026199734892754768
2022-08-25,11.420000076293944,11.520000457763672,10.9399995803833,11.199999809265137,77119855,0.036297604529450744,11.31200008392334,11.74900016784668,12.351666768391928,0.027110415548536076
2022-08-26,11.779999732971191,11.84000015258789,11.34000015258789,11.600000381469728,119513324,0.03152361245815993,11.336000061035156,11.721000146865844,12.345333433151245,0.026205282388319324
2022-08-29,11.399999618530272,11.619999885559082,11.279999732971191,11.479999542236328,75681283,-0.03225807496220334,11.360000038146973,11.68400011062622,12.3360000928243,0.026900023249067505
2022-08-30,11.34000015258789,11.399999618530272,11.020000457763672,11.399999618530272,68044280,-0.005263111223692829,11.392000007629395,11.670000123977662,12.319333426157634,0.025216108299986682
2022-08-31,11.5600004196167,11.779999732971191,11.119999885559082,11.119999885559082,100516040,0.019400376020153987,11.5,11.66800012588501,12.309666760762532,0.025619789317310904
2022-09-01,11.380000114440918,11.640000343322754,11.260000228881836,11.479999542236328,58724806,-0.015570960090133812,11.492000007629395,11.631000137329101,12.289666763941447,0.023550907691629517
2022-09-02,11.15999984741211,11.460000038146973,11.039999961853027,11.31999969482422,130714809,-0.01933218495750577,11.368000030517578,11.578000116348267,12.272666756312052,0.023671952367885787
2022-09-05,10.859999656677246,11.079999923706056,10.779999732971191,11.0600004196167,107912829,-0.026881737888592383,11.260000038146973,11.53200011253357,12.250666745503743,0.023109154368591435
2022-09-06,10.9399995803833,11.039999961853027,10.800000190734863,10.920000076293944,45679521,0.007366475712259124,11.179999923706054,11.491000080108643,12.237666734059651,0.023241168171718115
2022-09-07,10.800000190734863,10.880000114440918,10.699999809265137,10.720000267028809,56397394,-0.012797019654321784,11.027999877929688,11.455000066757203,12.225333404541015,0.023008336350884732
2022-09-08,10.5600004196167,10.9399995803833,10.460000038146973,10.899999618530272,72248161,-0.02222220063700142,10.863999938964843,11.380000066757201,12.203333409627279,0.02013830909282509
2022-09-09,10.800000190734863,10.899999618530272,10.520000457763672,10.5600004196167,82304510,0.022727250149756628,10.792000007629394,11.313000059127807,12.19233341217041,0.020991103541504415
2022-09-13,10.800000190734863,10.920000076293944,10.760000228881836,10.899999618530272,49031466,0.0,10.780000114440918,11.247000074386596,12.175666745503744,0.021010743551278164
2022-09-14,10.4399995803833,10.600000381469728,10.359999656677246,10.5600004196167,78204299,-0.033333389258678014,10.680000114440919,11.185000038146972,12.15300006866455,0.02079119764759292
2022-09-15,10.420000076293944,10.5,10.34000015258789,10.380000114440918,49082671,-0.0019156613882376217,10.604000091552733,11.122000026702882,12.126666736602782,0.020769456825653895
2022-09-16,10.239999771118164,10.359999656677246,10.020000457763672,10.300000190734863,126061441,-0.017274501329927028,10.539999961853027,11.05199999809265,12.103666734695434,0.020927378762322545
2022-09-19,10.020000457763672,10.18000030517578,10.0,10.18000030517578,59972669,-0.021484308424986387,10.384000015258788,10.97000002861023,12.073333406448365,0.02110888256093876
2022-09-20,10.039999961853027,10.18000030517578,10.0,10.119999885559082,48361716,0.0019959584007662734,10.231999969482422,10.908000040054322,12.037000068028767,0.0203338507771892
2022-09-21,9.75,10.0,9.710000038146973,10.0,88313058,-0.02888445846164167,10.094000053405761,10.836500024795532,11.970500071843466,0.020984848138090182
2022-09-22,9.68000030517578,9.829999923706056,9.520000457763672,9.600000381469728,66338067,-0.0071794558794072705,9.946000099182129,10.769500017166138,11.894833405812582,0.02090756287861437
2022-09-23,9.460000038146973,9.670000076293944,9.369999885559082,9.609999656677246,83389230,-0.022727299596382755,9.79000015258789,10.67150001525879,11.822500069936117,0.01862637766591328
2022-09-26,9.670000076293944,9.890000343322754,9.3100004196167,9.34000015258789,87964444,0.022198735443991202,9.720000076293946,10.566000032424927,11.75633339881897,0.017644015006403013
2022-09-27,9.6899995803833,9.729999542236328,9.43000030517578,9.68000030517578,59800557,0.002068201027049188,9.65,10.480500030517579,11.68716672261556,0.016988673794856836
2022-09-28,9.329999923706056,9.640000343322754,9.260000228881836,9.479999542236328,84950626,-0.037151668964572226,9.565999984741211,10.380000019073487,11.620000060399374,0.0181775038608192
2022-09-29,8.880000114440918,9.600000381469728,8.710000038146973,9.5,136984013,-0.04823149120524217,9.405999946594239,10.246000003814697,11.548333390553791,0.018788932695496346
2022-09-30,8.960000038146973,8.989999771118164,8.670000076293945,8.829999923706055,73125303,0.009009000301245074,9.305999946594238,10.125,11.474000056584677,0.01940111937971811
2022-10-03,8.789999961853027,9.039999961853027,8.710000038146973,8.710000038146973,34713280,-0.018973222719885552,9.129999923706055,10.006500005722046,11.396166721979776,0.019393854283499923
2022-10-05,9.399999618530272,9.489999771118164,9.09000015258789,9.140000343322754,84330774,0.06939700333612397,9.07199993133545,9.933500003814697,11.3381667137146,0.026183655093213153
2022-10-06,9.390000343322754,9.460000038146973,9.239999771118164,9.43000030517578,44029960,-0.0010637527248199552,9.08400001525879,9.85600004196167,11.28333338101705,0.026009678112525216
2022-10-07,9.079999923706056,9.289999961853027,8.989999771118164,9.289999961853027,43519402,-0.033013887995982816,9.123999977111817,9.77000002861023,11.22133337656657,0.02662056321775546
2022-10-10,8.920000076293945,8.979999542236328,8.770000457763672,8.829999923706055,60424156,-0.01762112871767585,9.115999984741212,9.688000011444093,11.15700004895528,0.026513609044513844
2022-10-11,8.739999771118164,9.039999961853027,8.670000076293945,8.920000076293945,80383810,-0.02017940623724379,9.105999946594238,9.584999990463256,11.095000044504802,0.025610777622282425
2022-10-12,8.680000305175781,8.920000076293945,8.3100004196167,8.720000267028809,120062330,-0.006864927633139617,8.96200008392334,9.478999996185303,11.020333385467529,0.02551243518936638
2022-10-13,8.520000457763672,8.930000305175781,8.489999771118164,8.680000305175781,70074062,-0.018433161496169914,8.788000106811523,9.383000040054322,10.947000058492025,0.025025361249706394
2022-10-14,8.619999885559082,8.979999542236328,8.529999732971191,8.65999984741211,93032719,0.011737021411106552,8.696000099182129,9.293000030517579,10.875000063578288,0.025435073052545568
2022-10-17,8.729999542236328,8.890000343322754,8.5,8.600000381469727,79775699,0.012760981222462275,8.657999992370605,9.217500019073487,10.803833389282227,0.02581301391044296
2022-10-18,9.140000343322754,9.1899995803833,8.760000228881836,8.920000076293945,103845201,0.04696458448855734,8.738000106811523,9.17350001335144,10.740166727701823,0.028297822850337967
2022-10-19,8.9399995803833,9.18000030517578,8.930000305175781,9.140000343322754,83039310,-0.021881920725042914,8.789999961853027,9.118499994277954,10.67516671816508,0.028525023358695993
2022-10-20,9.109999656677246,9.199999809265137,8.65999984741211,8.84000015258789,113527723,0.019015669381793998,8.907999801635743,9.086499977111817,10.611666711171468,0.028460575434669212
2022-10-21,9.25,9.3100004196167,9.09000015258789,9.260000228881836,76970263,0.015367766037196251,9.033999824523926,9.064999961853028,10.554166714350382,0.028731932019673636
2022-10-24,8.449999809265137,9.170000076293944,8.380000114440918,8.9399995803833,152588683,-0.08648650710647166,8.977999877929687,9.014499950408936,10.478333377838135,0.034186175805939724
2022-10-25,8.829999923706055,9.020000457763672,8.319999694824219,8.569999694824219,155140346,0.04497042875956758,8.915999794006348,8.97249994277954,10.419833374023437,0.035496248914759866
2022-10-26,9.140000343322754,9.289999961853027,8.6899995803833,8.829999923706055,121354827,0.0351076355940203,8.955999946594238,8.944999980926514,10.369833374023438,0.03654348731981741
2022-10-27,9.1899995803833,9.449999809265137,9.119999885559082,9.43000030517578,103257619,0.005470375840529895,8.97199993133545,8.937999963760376,10.329333368937174,0.03563424009116274
2022-10-28,8.720000267028809,9.18000030517578,8.630000114440918,9.100000381469728,102862264,-0.05114247386449711,8.865999984741212,8.92999997138977,10.281333367029825,0.035846291768385274
2022-10-31,8.8100004196167,9.140000343322754,8.600000381469727,8.75,85534884,0.010321118099983373,8.938000106811524,8.922499990463256,10.226166709264119,0.03586540793313747
2022-11-01,9.25,9.399999618530272,8.880000114440918,9.0,164245053,0.04994319630264488,9.022000122070313,8.945499992370605,10.17666670481364,0.03725335033879966
2022-11-02,9.359999656677246,9.449999809265137,9.09000015258789,9.149999618530272,80786978,0.011891854775918587,9.065999984741211,8.943499994277953,10.13633337020874,0.03394943052090812
2022-11-03,9.119999885559082,9.270000457763672,8.960000038146973,9.100000381469728,96957108,-0.025641002128344415,9.052000045776367,8.92999997138977,10.092333364486695,0.03444424074705574
2022-11-04,9.699999809265137,9.90999984741211,9.100000381469728,9.119999885559082,176327133,0.06359648366053672,9.247999954223634,8.960999965667725,10.062000020345051,0.036419167853331796
2022-11-07,10.199999809265137,10.399999618530272,9.520000457763672,9.630000114440918,158975573,0.05154639276615414,9.525999832153321,9.024999952316284,10.031000010172527,0.0375305987034326
2022-11-08,10.15999984741211,10.420000076293944,10.039999961853027,10.31999969482422,73946560,-0.003921564960883028,9.707999801635742,9.095999956130981,9.998000001907348,0.037075034179422976
2022-11-09,10.079999923706056,10.34000015258789,9.890000343322754,10.34000015258789,87401569,-0.00787400835704044,9.851999855041504,9.165999937057496,9.964000002543132,0.037097317468613084
2022-11-10,9.859999656677246,9.970000267028809,9.8100004196167,9.9399995803833,60432213,-0.021825423481543482,9.999999809265137,9.232999897003173,9.933666658401489,0.037232838224844536
2022-11-11,10.300000190734863,10.65999984741211,10.119999885559082,10.65999984741211,146595991,0.04462480216818743,10.119999885559082,9.316999912261963,9.91066665649414,0.03812237373563403
2022-11-14,10.380000114440918,10.899999618530272,10.300000190734863,10.880000114440918,129556375,0.007766982740254447,10.155999946594239,9.399499940872193,9.889666652679443,0.03811721331254884
2022-11-15,10.899999618530272,10.899999618530272,10.18000030517578,10.380000114440918,159443993,0.050096290785769604,10.303999900817871,9.487499904632568,9.876999982198079,0.03828575032971849
2022-11-16,10.5600004196167,11.0,10.34000015258789,10.84000015258789,124974253,-0.03119258814794501,10.4,9.568499946594239,9.86499999364217,0.038741914689297365
2022-11-17,10.300000190734863,10.479999542236328,10.039999961853027,10.359999656677246,94151966,-0.024621232817268468,10.488000106811523,9.627999973297118,9.850333325068156,0.03937657888451574
2022-11-18,10.300000190734863,10.739999771118164,10.199999809265137,10.380000114440918,106733764,0.0,10.488000106811523,9.680499982833862,9.838333320617675,0.03935257671683138
2022-11-21,10.020000457763672,10.199999809265137,9.850000381469728,10.199999809265137,62784463,-0.02718443959089034,10.416000175476075,9.759000015258788,9.814999993642171,0.033857204714106616
2022-11-22,9.869999885559082,10.119999885559082,9.800000190734863,10.0,65788306,-0.014970116302576275,10.210000228881835,9.81100001335144,9.78316666285197,0.033160322414908766
2022-11-23,9.800000190734863,9.989999771118164,9.699999809265137,9.920000076293944,51032502,-0.007092167744260691,10.058000183105468,9.844000005722046,9.756500005722046,0.03255444775357379
2022-11-24,9.449999809265137,9.859999656677246,9.25,9.720000267028809,152140052,-0.035714323944669335,9.888000106811523,9.857000017166138,9.725,0.03373694771609478
2022-11-25,9.489999771118164,9.68000030517578,9.369999885559082,9.449999809265137,81638273,0.004232800281520621,9.726000022888183,9.895499992370606,9.690499989191691,0.03133914859517109
2022-11-28,9.34000015258789,9.380000114440918,8.949999809265137,9.029999732971191,99190598,-0.015806071880716144,9.589999961853028,9.921999979019166,9.656499989827473,0.03163561342300166
2022-11-29,9.970000267028809,9.970000267028809,9.460000038146973,9.579999923706056,139822555,0.06745183127929177,9.610000038146973,9.957999992370606,9.636666663487752,0.03319537175397864
2022-11-30,10.31999969482422,10.359999656677246,9.779999732971191,9.899999618530272,129924182,0.03510525761497463,9.713999938964843,10.005999994277953,9.627666664123534,0.03387483242131093
2022-12-01,10.460000038146973,10.760000228881836,10.34000015258789,10.579999923706056,167597346,0.013565925141738822,9.91599998474121,10.07300000190735,9.61966667175293,0.03310795320806527
2022-12-02,10.119999885559082,10.600000381469728,10.0600004196167,10.539999961853027,138743563,-0.032504794583932184,10.042000007629394,10.094000005722046,9.608333333333333,0.031453476085279104
2022-12-05,11.5,11.520000457763672,10.380000114440918,10.539999961853027,311486969,0.13636364921408095,10.473999977111816,10.159000015258789,9.623999993006388,0.04226299374758777
2022-12-06,11.279999732971191,11.539999961853027,11.119999885559082,11.199999809265137,100038626,-0.019130458002505124,10.735999870300294,10.215000009536743,9.631999985376995,0.04260200453520531
2022-12-07,10.68000030517578,11.4399995803833,10.640000343322754,11.279999732971191,147439566,-0.05319143989353359,10.807999992370606,10.24500002861023,9.629999987284343,0.044543293316888735
2022-12-08,11.039999961853027,11.100000381469728,10.720000267028809,10.720000267028809,106210501,0.033707832059029386,10.923999977111816,10.304000043869019,9.63999999364217,0.04459275093449269
2022-12-09,11.479999542236328,11.5,10.899999618530272,10.899999618530272,137851082,0.039855034592721994,11.195999908447266,10.363000011444091,9.657666651407878,0.04439084465621523
2022-12-12,11.18000030517578,11.380000114440918,11.0600004196167,11.220000267028809,83187315,-0.026132338765068264,11.131999969482422,10.403000020980835,9.673333326975504,0.04497668561364411
2022-12-13,11.199999809265137,11.479999542236328,11.020000457763672,11.18000030517578,60866444,0.0017888643598782394,11.115999984741212,10.418000030517579,9.692999982833863,0.043685782139602516
2022-12-14,11.239999771118164,11.479999542236328,11.15999984741211,11.399999618530272,67103018,0.003571425226269964,11.227999877929687,10.451999998092651,9.712999979654947,0.04297186714374333
2022-12-15,10.979999542236328,11.239999771118164,10.84000015258789,11.119999885559082,53888239,-0.02313169343205168,11.215999794006347,10.485999965667725,9.733499972025554,0.04292097623113517
2022-12-16,10.979999542236328,11.279999732971191,10.720000267028809,11.260000228881836,72815755,0.0,11.115999794006347,10.519999933242797,9.755166625976562,0.04292097623113517
2022-12-19,10.779999732971191,11.220000267028809,10.65999984741211,11.0,63254489,-0.01821491963599864,11.03599967956543,10.557999897003175,9.7771666208903,0.04262338169386545
2022-12-20,10.5600004196167,10.699999809265137,10.420000076293944,10.539999961853027,50435100,-0.020408100074586488,10.907999801635743,10.592499923706054,9.791999959945679,0.04277112681830921
2022-12-21,10.5600004196167,10.68000030517578,10.380000114440918,10.579999923706056,36889916,0.0,10.771999931335449,10.630499935150146,9.806499973932903,0.04270178362395638
2022-12-22,11.020000457763672,11.0600004196167,10.699999809265137,10.779999732971191,64839836,0.04356060794206584,10.780000114440918,10.708999967575073,9.834666649500528,0.0424441130737828
2022-12-23,10.800000190734863,10.9399995803833,10.68000030517578,10.720000267028809,39314711,-0.019963725761355744,10.744000244140626,10.774499988555908,9.866666650772094,0.0429154043458649
2022-12-28,11.220000267028809,11.359999656677246,10.920000076293944,11.0600004196167,84432613,0.03888889526634043,10.832000350952148,10.868499994277954,9.904333321253459,0.043106132443164566
2022-12-29,10.859999656677246,11.100000381469728,10.720000267028809,10.960000038146973,70917775,-0.03208561513224406,10.892000198364258,10.912999963760376,9.938833316167196,0.04185909899840923
2022-12-30,10.9399995803833,11.079999923706056,10.899999618530272,11.039999961853027,41295012,0.007366475712259124,10.968000030517578,10.94399995803833,9.96449998219808,0.041267332730234876
2023-01-03,11.220000267028809,11.239999771118164,10.539999961853027,10.9399995803833,75716142,0.025594213654960507,11.007999992370605,10.981999969482422,9.994999980926513,0.041505714195710745
2023-01-04,11.5,11.5,11.199999809265137,11.300000190734863,84284859,0.024955412326860715,11.147999954223632,11.050999975204467,10.035333315531412,0.04080706274709853
2023-01-05,11.619999885559082,11.81999969482422,11.520000457763672,11.640000343322754,80383189,0.01043477265731152,11.227999877929687,11.056999969482423,10.080333312352499,0.02730509170377559
2023-01-06,11.239999771118164,11.779999732971191,11.199999809265137,11.779999732971191,73556425,-0.032702247692202535,11.303999900817871,11.05499997138977,10.121999979019165,0.02798848352793052
2023-01-09,12.100000381469728,12.18000030517578,11.359999656677246,11.4399995803833,153533290,0.07651251137579074,11.536000061035157,11.125999975204468,10.178999980290731,0.0299270417540869
2023-01-10,11.979999542236328,12.15999984741211,11.899999618530272,12.100000381469728,59017961,-0.0099174244173722,11.68799991607666,11.172999954223632,10.236666631698608,0.029439259549884546
2023-01-11,11.739999771118164,12.18000030517578,11.640000343322754,12.119999885559082,87323242,-0.020033370641795778,11.735999870300294,11.185999965667724,10.28866662979126,0.028689939557103982
2023-01-12,11.779999732971191,11.920000076293944,11.520000457763672,11.739999771118164,55226443,0.0034071518426628256,11.767999839782714,11.215999937057495,10.339499966303508,0.027942944348878385
2023-01-13,11.960000038146973,12.0,11.640000343322754,11.779999732971191,47427580,0.015280162076063197,11.911999893188476,11.253999948501587,10.386499961217245,0.02807517888678683
2023-01-16,11.880000114440918,12.239999771118164,11.779999732971191,12.039999961853027,77872795,-0.0066889568102751484,11.867999839782716,11.285999965667724,10.435499970118205,0.028170383212470656
2023-01-17,11.720000267028809,12.0,11.600000381469728,11.81999969482422,46066888,-0.013468000494176735,11.815999984741211,11.32300000190735,10.47899998029073,0.02777611757645483
2023-01-18,11.899999618530272,12.0,11.619999885559082,11.699999809265137,61959126,0.015358306092180252,11.847999954223633,11.369000005722047,10.523166640599568,0.02788269602116338
2023-01-19,11.579999923706056,11.800000190734863,11.520000457763672,11.699999809265137,40628591,-0.026890731519513933,11.807999992370606,11.409000015258789,10.575333309173583,0.028317053038238966
2023-01-20,11.859999656677246,11.899999618530272,11.5600004196167,11.5600004196167,35943876,0.024179597134365016,11.78799991607666,11.473999977111816,10.625833304723104,0.02805152921303564
2023-01-26,13.34000015258789,13.399999618530272,12.0,12.100000381469728,154903684,0.12478925284600617,12.079999923706055,11.612999963760377,10.695833301544189,0.03852536802966835
2023-01-27,13.460000038146973,13.779999732971191,13.260000228881836,13.260000228881836,109472891,0.008995493567202306,12.427999877929688,11.734999942779542,10.766999975840251,0.03782420616761556
2023-01-30,12.699999809265137,13.460000038146973,12.619999885559082,13.420000076293944,161324229,-0.056463612684095055,12.58799991607666,11.829999923706055,10.83333330154419,0.04018828056712938
2023-01-31,12.920000076293944,13.079999923706056,12.699999809265137,12.720000267028809,117950802,0.01732285593172289,12.855999946594238,11.91499991416931,10.901833295822144,0.03962599104275144
2023-02-01,13.5,13.5,12.859999656677246,12.960000038146973,131222555,0.04489163469667923,13.184000015258789,12.04699993133545,10.972666629155476,0.039285212271800235
2023-02-02,13.68000030517578,14.100000381469728,13.5600004196167,13.5600004196167,155840025,0.013333355938946578,13.252000045776366,12.183999967575073,11.044666639963786,0.039273655784364224
2023-02-03,13.479999542236328,13.68000030517578,13.31999969482422,13.619999885559082,63211494,-0.014619938485219364,13.255999946594239,12.29699993133545,11.117333300908406,0.039566385290277825
2023-02-06,12.81999969482422,13.300000190734863,12.720000267028809,13.199999809265137,108018475,-0.04896141467543502,13.279999923706054,12.36299991607666,11.169333299001059,0.04149463650611764
2023-02-07,12.84000015258789,13.100000381469728,12.699999809265137,12.899999618530272,58909026,0.0015600981466281638,13.263999938964844,12.423999929428101,11.213333304723104,0.04149484663880199
2023-02-08,12.460000038146973,13.0600004196167,12.399999618530272,12.81999969482422,94201792,-0.029595024137466952,13.055999946594238,12.484999942779542,11.251666641235351,0.041348685072827976
2023-02-09,13.520000457763672,13.68000030517578,12.420000076293944,12.4399995803833,175278492,0.08507226455629624,13.023999977111817,12.555999946594238,11.308999983469645,0.04215395938831947
2023-02-10,13.079999923706056,13.579999923706056,12.960000038146973,13.31999969482422,144568255,-0.03254441709763045,12.944000053405762,12.610999965667725,11.362666654586793,0.04291114775002941
2023-02-13,13.140000343322754,13.399999618530272,12.699999809265137,12.800000190734863,94004353,0.004587188070846571,13.00800018310547,12.680999994277954,11.409999990463257,0.04249893663913484
2023-02-14,13.020000457763672,13.239999771118164,12.979999542236328,13.199999809265137,35257461,-0.0091324111433575,13.044000244140625,12.743000030517578,11.453999996185303,0.042638879596900534
2023-02-15,13.039999961853027,13.31999969482422,12.800000190734863,13.020000457763672,64885344,0.0015360601679110797,13.160000228881836,12.79700002670288,11.489666668574015,0.04258962806305134
2023-02-16,13.140000343322754,13.479999542236328,13.020000457763672,13.119999885559082,74662669,0.007668740932688989,13.084000205993652,12.860000038146973,11.532666667302449,0.042500249125102425
2023-02-17,12.699999809265137,13.220000267028809,12.65999984741211,13.100000381469728,75713458,-0.03348558010359637,13.00800018310547,12.909000015258789,11.572666660944622,0.04320968432321909
2023-02-20,12.84000015258789,13.079999923706056,12.640000343322754,12.640000343322754,46286725,0.01102364924609045,12.948000144958495,12.95600004196167,11.61499999364217,0.043165209173426464
2023-02-21,12.5600004196167,13.020000457763672,12.5,12.899999618530272,62268840,-0.021806832526770514,12.8560001373291,13.005000066757201,11.657333326339721,0.04298420061428321
2023-02-22,12.239999771118164,12.65999984741211,12.079999923706056,12.5600004196167,86113597,-0.025477757787232713,12.696000099182129,13.024000072479248,11.696833324432372,0.043246383469469775
2023-02-23,12.140000343322754,12.4399995803833,12.100000381469728,12.420000076293944,53332904,-0.008169888044554652,12.49600009918213,12.96400008201599,11.735833326975504,0.03227566523668767
2023-02-24,12.0,12.34000015258789,11.960000038146973,12.0600004196167,76140115,-0.01153215316009093,12.3560001373291,12.891000080108643,11.77833333015442,0.032159698452587655
2023-02-27,11.859999656677246,12.0,11.640000343322754,11.859999656677246,78381408,-0.011666695276896122,12.160000038146972,12.849000072479248,11.81783332824707,0.029883768759493237
2023-02-28,11.859999656677246,12.199999809265137,11.760000228881836,11.9399995803833,67656036,0.0,12.019999885559082,12.796000051498414,11.859833319981893,0.029512474615394947
2023-03-01,12.600000381469728,12.68000030517578,11.859999656677246,11.880000114440918,85423517,0.06239466662849846,12.092000007629395,12.7510000705719,11.903666655222574,0.031243177491875055
2023-03-02,12.520000457763672,12.720000267028809,12.359999656677246,12.359999656677246,59850698,-0.006349200101907093,12.168000030517579,12.693000078201294,11.9403333346049,0.031011048213596706
2023-03-03,12.619999885559082,12.84000015258789,12.4399995803833,12.84000015258789,42967550,0.007987174452010581,12.292000007629394,12.650000095367432,11.976333332061767,0.03101463056753845
2023-03-06,12.5,12.65999984741211,12.359999656677246,12.420000076293944,51800047,-0.009508707341304823,12.420000076293945,12.634000110626221,12.016000000635783,0.02912410916068143
2023-03-07,12.520000457763672,12.800000190734863,12.300000190734863,12.420000076293944,49693351,0.0016000366210937589,12.55200023651123,12.61800012588501,12.033000008265178,0.029124286061161443
2023-03-08,12.0,12.359999656677246,11.81999969482422,12.359999656677246,95668955,-0.04153358136989671,12.432000160217285,12.59500012397766,12.045000012715658,0.029857143589771602
2023-03-09,11.800000190734863,12.079999923706056,11.779999732971191,12.0,43262911,-0.016666650772094727,12.288000106811523,12.509000110626221,12.063666677474975,0.021959295099795332
2023-03-10,11.359999656677246,11.699999809265137,11.220000267028809,11.5600004196167,174828294,-0.03728818024961533,12.036000061035157,12.42300009727478,12.069000005722046,0.022278106791402942
2023-03-13,11.539999961853027,11.760000228881836,11.420000076293944,11.420000076293944,84770834,0.01584509776547227,11.844000053405761,12.343000078201294,12.070000012715658,0.02271859853765311
2023-03-14,11.0,11.5,10.9399995803833,11.5,93481420,-0.04679375768094174,11.539999961853027,12.24200005531311,12.067000007629394,0.024465633878914674
2023-03-15,10.920000076293944,11.34000015258789,10.859999656677246,11.199999809265137,111444518,-0.0072727203369141735,11.323999977111816,12.136000061035157,12.062333345413208,0.024361889627645836
2023-03-16,10.899999618530272,11.079999923706056,10.760000228881836,10.81999969482422,59238657,-0.001831543738455732,11.1439998626709,12.024000024795532,12.05666667620341,0.024120397856047127
2023-03-17,11.34000015258789,11.4399995803833,11.0,11.079999923706056,96516397,0.040367022885909654,11.139999961853027,11.95600004196167,12.062666686375936,0.025775203092133058
2023-03-20,11.020000457763672,11.31999969482422,10.859999656677246,11.220000267028809,79733626,-0.02821866759421443,11.036000061035157,11.86500005722046,12.063333368301391,0.025957453106034752
2023-03-21,11.199999809265137,11.279999732971191,10.9399995803833,11.0600004196167,51454131,0.01633387876809511,11.076000022888184,11.79700002670288,12.070333369572957,0.02623484845556017
2023-03-22,11.399999618530272,11.600000381469728,11.300000190734863,11.31999969482422,54716717,0.017857126131349155,11.17199993133545,11.755000019073487,12.084333356221517,0.02627788125962287
2023-03-23,12.220000267028809,12.279999732971191,11.359999656677246,11.420000076293944,148255361,0.07192988385417642,11.436000061035156,11.759000015258788,12.112000020345052,0.031138564016181376
2023-03-24,12.4399995803833,12.5600004196167,12.140000343322754,12.220000267028809,100223599,0.01800321673871652,11.655999946594239,11.780999994277954,12.135666672388712,0.031224037435672796
2023-03-27,12.0,12.199999809265137,11.739999771118164,12.119999885559082,77946657,-0.035369742381433755,11.851999855041504,11.788000011444092,12.155666669209799,0.0322145727184063
2023-03-28,12.140000343322754,12.220000267028809,11.800000190734863,12.0,62345310,0.011666695276896233,12.039999961853027,11.802000045776367,12.171000003814697,0.03229961307990102
2023-03-29,12.100000381469728,12.5600004196167,12.0,12.5,77274033,-0.0032948896805449213,12.180000114440919,11.777000045776367,12.19166668256124,0.028966237524783937
2023-03-30,12.140000343322754,12.260000228881836,11.880000114440918,12.039999961853027,67483886,0.003305781867104951,12.164000129699707,11.758000040054322,12.211666695276897,0.028963847914719305
2023-03-31,12.100000381469728,12.420000076293944,12.020000457763672,12.300000190734863,61240948,-0.0032948896805449213,12.096000289916992,11.732000064849853,12.22633336385091,0.028886407397878965
2023-04-03,12.15999984741211,12.199999809265137,11.899999618530272,12.039999961853027,55819222,0.0049586333926290305,12.128000259399414,11.71500005722046,12.23733336130778,0.028861922215024347
2023-04-04,11.979999542236328,12.18000030517578,11.739999771118164,12.18000030517578,60026517,-0.014802656861388819,12.09600009918213,11.688000011444093,12.243333355585735,0.029017234302311
2023-04-06,12.079999923706056,12.15999984741211,11.779999732971191,11.800000190734863,55095054,0.008347277570184275,12.092000007629395,11.692000007629394,12.257333358128866,0.027528264060316998
2023-04-11,12.279999732971191,12.34000015258789,12.020000457763672,12.18000030517578,52108705,0.016556275705983392,12.119999885559082,11.715999984741211,12.260333347320557,0.027428051106893905
2023-04-12,12.140000343322754,12.359999656677246,12.0600004196167,12.279999732971191,41027945,-0.011400602010808392,12.127999877929687,11.755000019073487,12.263000027338665,0.026034427817960875
2023-04-13,12.18000030517578,12.18000030517578,11.81999969482422,12.020000457763672,43513614,0.0032948896805449213,12.131999969482422,11.787000036239624,12.270333369572958,0.025875645165487536
2023-04-14,12.220000267028809,12.5,12.15999984741211,12.199999809265137,56409308,0.003284069035370374,12.180000114440919,11.848000049591064,12.277666711807251,0.023073105192887824
2023-04-17,12.65999984741211,12.760000228881836,12.0600004196167,12.119999885559082,76153354,0.03600651151951917,12.296000099182129,11.935000038146972,12.289333375295003,0.023827264546280185
2023-04-18,12.4399995803833,12.600000381469728,12.380000114440918,12.539999961853027,47058837,-0.01737758844237114,12.32800006866455,12.012000036239623,12.298666699727375,0.02440072717865724
2023-04-19,11.899999618530272,12.5,11.84000015258789,12.5,68144926,-0.043408358526358604,12.279999923706054,12.040000009536744,12.301666688919067,0.025519613837170375
2023-04-20,11.960000038146973,12.020000457763672,11.760000228881836,11.920000076293944,53134376,0.005042052230259664,12.235999870300294,12.086999988555908,12.302666695912679,0.02445911425729421
2023-04-21,11.539999961853027,11.9399995803833,11.460000038146973,11.899999618530272,73509272,-0.03511706312327223,12.099999809265137,12.103999996185303,12.302000029881794,0.025804603029553796
2023-04-24,11.380000114440918,11.539999961853027,11.15999984741211,11.539999961853027,68513619,-0.013864804847574463,11.843999862670898,12.103000020980835,12.29400003751119,0.025741126197878016
2023-04-25,10.9399995803833,11.34000015258789,10.800000190734863,11.31999969482422,91436900,-0.03866436991501154,11.543999862670898,12.038999986648559,12.254000027974447,0.020961561013750143
2023-04-26,11.039999961853027,11.239999771118164,10.859999656677246,10.859999656677246,53680228,0.009140803044365597,11.371999931335449,11.969000005722046,12.213666693369548,0.020532142583475667
2023-04-27,11.0600004196167,11.079999923706056,10.880000114440918,11.0,46155383,0.0018116356732591488,11.192000007629394,11.92200002670288,12.18633337020874,0.01935880776031036
2023-04-28,11.0600004196167,11.300000190734863,11.0,11.0600004196167,46222658,0.0,11.09600009918213,11.868000030517578,12.155333375930786,0.01903847724280226
2023-05-02,11.020000457763672,11.380000114440918,10.859999656677246,11.18000030517578,28750297,-0.0036166329417204324,11.02400016784668,11.814000034332276,12.114000050226847,0.019037564510094526
2023-05-03,10.84000015258789,11.020000457763672,10.640000343322754,11.0,39040498,-0.01633396530841069,11.004000282287597,11.749000024795532,12.066666714350383,0.01912062759778491
2023-05-04,10.9399995803833,11.140000343322754,10.81999969482422,10.9399995803833,46929937,0.00922503933466623,10.984000205993652,11.690999984741211,12.024333381652832,0.01939858079046205
2023-05-05,11.15999984741211,11.279999732971191,10.960000038146973,11.0,54652158,0.020109714393709455,11.004000091552735,11.64099998474121,11.996666717529298,0.020085306417801145
2023-05-08,11.520000457763672,11.5600004196167,11.199999809265137,11.300000190734863,80207601,0.03225811964818637,11.09600009918213,11.618000030517578,11.97466672261556,0.021472759285878086
2023-05-09,11.31999969482422,11.600000381469728,11.260000228881836,11.579999923706056,50509669,-0.01736117664862291,11.155999946594239,11.580000019073486,11.955666716893514,0.021606491825920473
2023-05-10,11.300000190734863,11.399999618530272,11.15999984741211,11.300000190734863,33805521,-0.0017667406915656825,11.247999954223634,11.53100004196167,11.918666712443034,0.021115589677976155
2023-05-11,11.220000267028809,11.520000457763672,11.039999961853027,11.359999656677246,44549242,-0.007079639146523986,11.304000091552734,11.485000038146973,11.88766671816508,0.021057229099132487
2023-05-12,11.020000457763672,11.220000267028809,10.979999542236328,11.199999809265137,44999422,-0.01782529451918624,11.276000213623046,11.427000045776367,11.852333386739096,0.021215860037637497
2023-05-15,11.119999885559082,11.18000030517578,10.859999656677246,10.859999656677246,46322771,0.009074357862205007,11.196000099182129,11.372000026702882,11.820666710535685,0.021370593662163772
2023-05-16,11.220000267028809,11.31999969482422,11.100000381469728,11.199999809265137,37665723,0.008992840152776571,11.176000213623047,11.300000047683715,11.790333382288615,0.019443329120009338
2023-05-17,10.84000015258789,11.220000267028809,10.81999969482422,11.100000381469728,35051967,-0.03386810208530833,11.084000205993652,11.220000076293946,11.752000045776366,0.0202896704341324
2023-05-18,10.979999542236328,11.260000228881836,10.899999618530272,10.899999618530272,41337058,0.012915072663999494,11.036000061035157,11.174000072479249,11.723333374659221,0.01877310438577802
2023-05-19,10.859999656677246,11.039999961853027,10.84000015258789,10.899999618530272,36400641,-0.010928951781599139,11.00399990081787,11.119000053405761,11.690333366394043,0.018714705137416295
2023-05-22,10.960000038146973,11.15999984741211,10.84000015258789,10.859999656677246,41131393,0.009208138547982525,10.97199993133545,11.09000005722046,11.663666693369548,0.017501408198337353
2023-05-23,10.760000228881836,11.0600004196167,10.68000030517578,10.960000038146973,57178065,-0.018248157716151847,10.879999923706055,11.059000062942506,11.639000034332275,0.017678706442082137
2023-05-24,10.399999618530272,10.699999809265137,10.380000114440918,10.699999809265137,59005592,-0.033457305083066435,10.791999816894531,11.032000064849854,11.6100000222524,0.01715083835373594
2023-05-25,10.5,10.9399995803833,10.31999969482422,10.4399995803833,128060617,0.00961542164785767,10.695999908447266,11.005000066757201,11.5850000222524,0.01716794898388729
2023-05-29,10.479999542236328,10.739999771118164,10.399999618530272,10.539999961853027,56740130,-0.0019048055013021203,10.619999885559082,10.976000022888183,11.562000020345051,0.01714046755041185
2023-05-30,10.5,10.600000381469728,10.359999656677246,10.479999542236328,53065128,0.0019084407096647826,10.527999877929688,10.94800000190735,11.539333359400432,0.017160708642923714
2023-05-31,10.34000015258789,10.4399995803833,10.140000343322754,10.380000114440918,93057851,-0.015238080705915147,10.443999862670898,10.913999986648559,11.501666688919068,0.017397265950772196
2023-06-01,10.260000228881836,10.539999961853027,10.18000030517578,10.18000030517578,61542516,-0.007736936414457607,10.41599998474121,10.884999990463257,11.464000018437703,0.01715592123266153
2023-06-02,10.739999771118164,10.81999969482422,10.34000015258789,10.34000015258789,123072680,0.0467835800709957,10.463999938964843,10.875,11.432666683197022,0.020288662976670046
2023-06-05,10.920000076293944,10.960000038146973,10.65999984741211,10.68000030517578,52384088,0.016759805308360853,10.552000045776367,10.863000011444091,11.406333351135254,0.02012071788625539
2023-06-06,10.859999656677246,11.0600004196167,10.739999771118164,10.920000076293944,36488457,-0.005494543882554659,10.623999977111817,10.829999971389771,11.378666671117147,0.01855686562087417
2023-06-07,11.0600004196167,11.079999923706056,10.920000076293944,10.9399995803833,43826349,0.01841627709596505,10.768000030517578,10.817000007629394,11.363000011444091,0.018800398135771026
2023-06-08,10.880000114440918,11.079999923706056,10.720000267028809,11.039999961853027,47078257,-0.01627489135140736,10.892000007629395,10.796000003814697,11.347666676839193,0.019109155179898123
2023-06-09,10.84000015258789,10.979999542236328,10.699999809265137,10.899999618530272,45289854,-0.0036764670434089597,10.91200008392334,10.776999998092652,11.339000018437703,0.019074029619148763
2023-06-12,10.65999984741211,10.84000015258789,10.539999961853027,10.81999969482422,55855012,-0.016605193970666954,10.860000038146973,10.758999967575074,11.324333349863688,0.01902111049543824
2023-06-13,10.9399995803833,11.039999961853027,10.579999923706056,10.600000381469728,70037515,0.026266391836690772,10.876000022888183,10.749999952316283,11.323333342870077,0.019892095691579202
2023-06-14,10.859999656677246,11.039999961853027,10.800000190734863,10.899999618530272,53239286,-0.007312607566229201,10.835999870300293,10.731999921798707,11.322333335876465,0.019810990842092095
2023-06-15,11.0600004196167,11.0600004196167,10.800000190734863,11.020000457763672,69380544,0.01841627709596505,10.871999931335449,10.742999935150147,11.325000015894572,0.01872715472446309
2023-06-16,11.079999923706056,11.199999809265137,10.899999618530272,11.100000381469728,96858038,0.0018082733571949117,10.919999885559083,10.747999954223634,11.32066667874654,0.018524131489905015
2023-06-19,10.920000076293944,11.079999923706056,10.720000267028809,11.0,62563818,-0.014440419540959315,10.97199993133545,10.750999975204468,11.319000005722046,0.018655482408743557
2023-06-20,10.600000381469728,10.880000114440918,10.5,10.880000114440918,72426672,-0.029304001152792747,10.904000091552735,10.732999992370605,11.309000015258789,0.01966315464290518
2023-06-21,10.279999732971191,10.539999961853027,10.239999771118164,10.420000076293944,75818523,-0.03018873933796662,10.788000106811523,10.708999967575073,11.290333350499472,0.020367547796723975
2023-06-23,9.989999771118164,10.260000228881836,9.859999656677246,10.199999809265137,56294874,-0.028210113753496135,10.573999977111816,10.688499975204468,11.253166675567627,0.01997209265455901
2023-06-26,10.420000076293944,10.600000381469728,10.0,10.0,111054264,0.04304307457733314,10.442000007629394,10.684499979019165,11.219500017166137,0.022248480296942572
2023-06-27,10.600000381469728,10.779999732971191,10.460000038146973,10.5,59155194,0.017274501329927583,10.378000068664551,10.690500020980835,11.196166690190633,0.02257970078853356
2023-06-28,10.84000015258789,10.920000076293944,10.4399995803833,10.4399995803833,67928193,0.0226414870265208,10.426000022888184,10.70750002861023,11.174500020345052,0.023102677334226267
2023-06-29,10.859999656677246,10.899999618530272,10.760000228881836,10.800000190734863,68557766,0.001844972675999479,10.542000007629394,10.733500003814697,11.15383334159851,0.022750904949304672
2023-06-30,10.720000267028809,10.899999618530272,10.65999984741211,10.859999656677246,52166419,-0.012891288588794625,10.688000106811524,10.756500005722046,11.130166673660279,0.022904039684829482
2023-07-03,10.979999542236328,11.0600004196167,10.760000228881836,10.760000228881836,59905978,0.02425366312790045,10.8,10.768499994277954,11.111499993006388,0.021090700871844177
2023-07-04,11.119999885559082,11.220000267028809,10.859999656677246,10.859999656677246,60927043,0.012750487172993097,10.90399990081787,10.778499984741211,11.094166660308838,0.02095480202957158
2023-07-05,11.119999885559082,11.18000030517578,11.020000457763672,11.039999961853027,46064834,0.0,10.95999984741211,10.791499996185303,11.07983333269755,0.020899520355557276
2023-07-06,11.140000343322754,11.420000076293944,11.0,11.0,82888187,0.0017986023353870895,11.01599998474121,10.795499992370605,11.064166673024495,0.020513787370765094
2023-07-07,10.800000190734863,11.100000381469728,10.800000190734863,11.0600004196167,65980986,-0.030520659076252565,11.031999969482422,10.791499996185303,11.039500013987224,0.021359001731954673
2023-07-10,10.65999984741211,11.0600004196167,10.619999885559082,11.039999961853027,55472209,-0.012962994523172067,10.968000030517578,10.782499980926513,11.014833339055379,0.021539814979097408
2023-07-11,10.880000114440918,11.0,10.739999771118164,10.779999732971191,41502779,0.020637924031698507,10.920000076293945,10.793499994277955,10.993166669209797,0.02169416552018021
2023-07-12,11.100000381469728,11.100000381469728,10.899999618530272,10.899999618530272,50530800,0.020220612565693408,10.916000175476075,10.801500034332275,10.97450000445048,0.021366819710037642
2023-07-13,11.539999961853027,11.5600004196167,11.119999885559082,11.199999809265137,98641098,0.03963960047405335,10.99600009918213,10.835500049591065,10.955833339691162,0.022933920520168065
2023-07-14,11.479999542236328,11.640000343322754,11.380000114440918,11.600000381469728,64236224,-0.005199343138218238,11.131999969482422,10.856500005722046,10.93983333905538,0.02272111920540019
2023-07-18,11.199999809265137,11.4399995803833,11.140000343322754,11.399999618530272,37108329,-0.0243902216146471,11.239999961853027,10.8625,10.928166675567628,0.023481882295892115
2023-07-19,11.15999984741211,11.220000267028809,10.920000076293944,10.920000076293944,38985346,-0.003571425226269853,11.295999908447266,10.874499988555907,10.91483333905538,0.023235082876637975
2023-07-20,11.0600004196167,11.380000114440918,11.039999961853027,11.300000190734863,33473401,-0.008960522326404763,11.28799991607666,10.897499990463256,10.906833346684774,0.022247094425143433
2023-07-21,11.279999732971191,11.359999656677246,11.0600004196167,11.199999809265137,37258049,0.01989143806579685,11.235999870300294,10.947499990463257,10.905166673660279,0.021183673592768463
2023-07-24,11.020000457763672,11.15999984741211,10.9399995803833,11.020000457763672,34364229,-0.023049581681065745,11.144000053405762,10.999000024795532,10.906500021616617,0.020787327798603882
2023-07-25,11.479999542236328,11.5,11.239999771118164,11.460000038146973,68662590,0.04174220193871081,11.2,11.05199999809265,10.91383334795634,0.020664099259617395
2023-07-26,11.399999618530272,11.479999542236328,11.31999969482422,11.4399995803833,29656225,-0.006968634747042235,11.247999954223634,11.091999959945678,10.919500001271565,0.02062073554872377
2023-07-27,12.039999961853027,12.119999885559082,11.479999542236328,11.520000457763672,143620772,0.056140382871808114,11.443999862670898,11.151999950408936,10.935833326975505,0.023400909940261387
2023-07-28,12.18000030517578,12.220000267028809,11.859999656677246,11.920000076293944,101554772,0.011627935528764288,11.623999977111817,11.217999982833863,10.955166657765707,0.02342227882967642
2023-07-31,12.279999732971191,12.699999809265137,12.199999809265137,12.34000015258789,120117443,0.008210133439234601,11.87599983215332,11.29599995613098,10.979166650772095,0.02299748623561497
2023-08-01,12.15999984741211,12.5,12.039999961853027,12.4399995803833,77805242,-0.009771977863882841,12.011999893188477,11.35499997138977,10.999499988555907,0.022917373519810717
2023-08-02,11.960000038146973,12.399999618530272,11.9399995803833,12.100000381469728,63719154,-0.016447352942006832,12.123999977111817,11.396999979019165,11.012833325068156,0.02334795896005413
2023-08-03,12.0600004196167,12.239999771118164,11.920000076293944,11.960000038146973,68851250,0.008361235882171414,12.128000068664551,11.444000005722046,11.021833324432373,0.02334924589542609
2023-08-04,12.220000267028809,12.460000038146973,12.140000343322754,12.31999969482422,58405984,0.013266985227617045,12.136000061035157,11.498000001907348,11.036833333969117,0.023424730444306777
2023-08-07,12.31999969482422,12.359999656677246,12.039999961853027,12.15999984741211,50108937,0.00818325905157491,12.144000053405762,11.573999977111816,11.05383332570394,0.021893645445728513
2023-08-08,12.0600004196167,12.300000190734863,12.020000457763672,12.020000457763672,57693569,-0.021103837796095926,12.12400016784668,11.644000005722045,11.06783332824707,0.022351881142639887
2023-08-09,12.140000343322754,12.18000030517578,11.920000076293944,12.020000457763672,30895968,0.006633492613808523,12.160000228881836,11.707000017166138,11.086499993006388,0.022101080700579968
2023-08-10,12.079999923706056,12.199999809265137,11.899999618530272,12.119999885559082,35641014,-0.004942373799000643,12.164000129699707,11.755999994277953,11.102499993642171,0.02194801763951087
2023-08-11,11.859999656677246,12.18000030517578,11.81999969482422,12.18000030517578,53706668,-0.018211942749856935,12.092000007629395,11.771999979019165,11.113166650136312,0.020853114700847206
2023-08-14,11.779999732971191,11.84000015258789,11.5,11.600000381469728,53845667,-0.006745356325623009,11.98400001525879,11.786999988555909,11.128833309809368,0.020882381467391728
2023-08-15,11.859999656677246,11.979999542236328,11.65999984741211,11.65999984741211,72271125,0.00679116515445588,11.943999862670898,11.819999980926514,11.143499978383382,0.019993174095552697
2023-08-16,11.779999732971191,12.0600004196167,11.619999885559082,11.619999885559082,56914563,-0.006745356325623009,11.871999740600586,11.850999975204468,11.158833312988282,0.02006101104021114
2023-08-17,11.960000038146973,12.100000381469728,11.579999923706056,11.600000381469728,71444851,0.015280162076063197,11.847999763488769,11.895999956130982,11.175499979654948,0.02003929596319523
2023-08-18,11.739999771118164,12.079999923706056,11.699999809265137,11.899999618530272,62354458,-0.018394671097584192,11.823999786376953,11.91899995803833,11.191833305358887,0.020279348131631573
2023-08-21,11.31999969482422,11.65999984741211,11.279999732971191,11.640000343322754,72825809,-0.0357751349644142,11.731999778747559,11.933999919891358,11.207166639963786,0.02128759998839059
2023-08-22,11.479999542236328,11.640000343322754,11.220000267028809,11.380000114440918,53543733,0.014134262519924112,11.655999755859375,11.933999919891358,11.223499965667724,0.019351698927089843
2023-08-23,11.739999771118164,11.81999969482422,11.380000114440918,11.420000076293944,76713639,0.02264810446422616,11.64799976348877,11.950999927520751,11.244499969482423,0.01990154959720127
2023-08-24,12.140000343322754,12.300000190734863,11.859999656677246,11.979999542236328,84641753,0.034071599659536655,11.683999824523926,11.955999946594238,11.2718333085378,0.01714224636783048
2023-08-25,12.100000381469728,12.279999732971191,12.039999961853027,12.100000381469728,43383467,-0.0032948896805449213,11.755999946594239,11.951999950408936,11.301166645685832,0.016958631617593152
2023-08-28,12.199999809265137,12.640000343322754,12.140000343322754,12.5600004196167,66031713,0.008264415259734204,11.931999969482423,11.947999954223633,11.333499972025553,0.016960051473495445
2023-08-29,12.380000114440918,12.479999542236328,12.140000343322754,12.199999809265137,66423181,0.01475412360573003,12.11200008392334,11.958999967575073,11.360833311080933,0.0171167127245833
2023-08-30,12.460000038146973,12.880000114440918,12.380000114440918,12.600000381469728,145583131,0.006462029318783147,12.256000137329101,11.983999967575073,11.386499977111816,0.01664516578247392
2023-08-31,12.359999656677246,12.579999923706056,12.239999771118164,12.520000457763672,101008498,-0.008025712773962246,12.3,11.9989999294281,11.411499977111816,0.01672809282876204
2023-09-04,12.420000076293944,12.600000381469728,12.220000267028809,12.520000457763672,123292187,0.004854403016450126,12.363999938964843,12.008999919891357,11.434166638056437,0.016517440571026075
2023-09-05,11.600000381469728,12.300000190734863,11.5600004196167,12.300000190734863,149734406,-0.06602251930652958,12.244000053405761,11.972999954223633,11.446166642506917,0.02217177009308244
2023-09-06,11.760000228881836,11.800000190734863,11.31999969482422,11.520000457763672,99746238,0.013793089840556938,12.120000076293945,11.95799994468689,11.461499977111817,0.022025541883965664
2023-09-07,11.899999618530272,12.020000457763672,11.539999961853027,11.800000190734863,81913109,0.011904709772420308,12.007999992370605,11.945999908447266,11.482166639963786,0.02215315800312574
2023-09-11,11.699999809265137,11.800000190734863,11.260000228881836,11.779999732971191,134256350,-0.016806707199696236,11.876000022888183,11.92699990272522,11.49483331044515,0.02242819225587195
2023-09-12,11.880000114440918,11.979999542236328,11.5600004196167,11.5600004196167,79622506,0.015384641718817926,11.768000030517578,11.927999925613403,11.511833318074544,0.02235709556712865
2023-09-13,11.920000076293944,11.979999542236328,11.739999771118164,11.859999656677246,54092771,0.0033670001235439617,11.831999969482421,11.934999942779541,11.526166645685832,0.022303024149423287
2023-09-14,12.239999771118164,12.359999656677246,12.0,12.039999961853027,81192176,0.02684561181007239,11.927999877929688,11.953999948501586,11.545499976476034,0.023024187156899696
2023-09-15,12.220000267028809,12.4399995803833,12.18000030517578,12.399999618530272,69536968,-0.001633946443083012,11.992000007629395,11.975999975204468,11.567166646321615,0.022952188140272806
2023-09-18,11.920000076293944,12.15999984741211,11.920000076293944,12.039999961853027,45023516,-0.024549933238897315,12.036000061035157,11.973999977111816,11.589166641235352,0.023469668912185992
2023-09-19,11.9399995803833,11.979999542236328,11.84000015258789,11.920000076293944,29536286,0.0016778107350126081,12.047999954223632,11.983999967575073,11.616833305358886,0.023062857366413454
2023-09-20,11.800000190734863,11.920000076293944,11.65999984741211,11.84000015258789,48861190,-0.011725242426176341,12.023999977111817,12.007999992370605,11.646999979019165,0.02162074593662539
2023-09-21,11.68000030517578,11.81999969482422,11.520000457763672,11.720000267028809,46865077,-0.010169481662661739,11.91200008392334,12.018000030517578,11.667999982833862,0.02160388733616561
2023-09-22,12.0600004196167,12.100000381469728,11.520000457763672,11.520000457763672,50724271,0.03253425552330924,11.880000114440918,12.034000062942505,11.692333316802978,0.02222721711641271
2023-09-25,11.84000015258789,12.079999923706056,11.81999969482422,11.960000038146973,34412095,-0.018242144226708112,11.864000129699708,12.019000053405762,11.708999983469646,0.021259991350323998
2023-09-26,11.65999984741211,11.960000038146973,11.600000381469728,11.81999969482422,43912124,-0.01520272828175917,11.808000183105468,11.997000026702882,11.722333319981892,0.021492189721935343
2023-09-27,11.84000015258789,12.020000457763672,11.739999771118164,11.779999732971191,65245278,0.015437419170784228,11.816000175476074,11.979000043869018,11.740999984741212,0.021724530437869767
2023-09-28,11.720000267028809,11.979999542236328,11.619999885559082,11.9399995803833,53805707,-0.010135125338900708,11.82400016784668,11.946000051498412,11.753333330154419,0.02146978868565801
2023-09-29,12.34000015258789,12.399999618530272,11.81999969482422,11.899999618530272,78531382,0.05290101292090332,11.880000114440918,11.940000057220459,11.773666667938233,0.024751802603127475
2023-10-03,11.979999542236328,12.18000030517578,11.899999618530272,12.100000381469728,34551749,-0.029173468873585406,11.907999992370605,11.921000051498414,11.78799999554952,0.025543189299222252
2023-10-04,11.859999656677246,11.979999542236328,11.760000228881836,11.880000114440918,29326117,-0.010016685320897833,11.947999954223633,11.893000030517578,11.799999984105428,0.025572628183441626
2023-10-05,11.68000030517578,11.979999542236328,11.600000381469728,11.960000038146973,34395661,-0.01517701152715678,11.915999984741209,11.89700002670288,11.814666652679444,0.020988546110388598
2023-10-06,11.880000114440918,11.979999542236328,11.699999809265137,11.699999809265137,20332229,0.017123270893795395,11.947999954223633,11.903000020980835,11.834999990463256,0.02111197877500493
2023-10-09,11.9399995803833,12.119999885559082,11.5600004196167,12.0,26946882,0.0050504600475087535,11.867999839782716,11.905000019073487,11.852666648228963,0.020976007008508383
2023-10-10,12.279999732971191,12.380000114440918,12.0600004196167,12.199999809265137,83964556,0.028475725673097196,11.927999877929688,11.934000015258789,11.872333304087322,0.021462119736058428
2023-10-11,12.300000190734863,12.520000457763672,12.300000190734863,12.479999542236328,78874600,0.0016287018077021376,12.01599998474121,11.955000019073486,11.884999974568684,0.021251532873352352
2023-10-12,12.65999984741211,12.779999732971191,12.420000076293944,12.5600004196167,94611842,0.029268264316647752,12.211999893188477,11.992000007629395,11.904666646321614,0.022114083498939188
2023-10-13,12.600000381469728,12.760000228881836,12.399999618530272,12.399999618530272,81339936,-0.004739294365366464,12.355999946594238,12.010000038146973,11.927999989191692,0.0214581033750366
2023-10-16,12.539999961853027,12.779999732971191,12.460000038146973,12.600000381469728,68730078,-0.004761937920648052,12.476000022888183,12.026000022888184,11.95099999109904,0.021494793789582436
2023-10-17,13.039999961853027,13.119999885559082,12.619999885559082,12.720000267028809,118831878,0.0398724084147537,12.628000068664551,12.082000017166138,11.983999983469646,0.022199471872426147
2023-10-18,13.18000030517578,13.239999771118164,12.9399995803833,13.039999961853027,98780782,0.010736222678857876,12.804000091552734,12.144000053405762,12.015666659673055,0.022226284635646618
2023-10-19,13.579999923706056,13.640000343322754,13.039999961853027,13.18000030517578,177275255,0.030348984011267177,12.988000106811523,12.233000040054321,12.05833331743876,0.02253064499639387
2023-10-20,13.300000190734863,13.81999969482422,13.260000228881836,13.420000076293944,139281025,-0.020618537153480276,13.128000068664551,12.314000034332276,12.088666661580403,0.02307142242687628
2023-10-24,12.960000038146973,13.399999618530272,12.899999618530272,13.279999732971191,117605001,-0.025563920880598445,13.21200008392334,12.35900001525879,12.114666668574015,0.023312422378076406
2023-10-25,13.199999809265137,13.760000228881836,13.039999961853027,13.5,129285123,0.018518500803375026,13.244000053405761,12.42699999809265,12.133999999364217,0.02292398034171652
2023-10-26,13.359999656677246,13.640000343322754,13.199999809265137,13.279999732971191,86798824,0.012121200736670001,13.279999923706054,12.511999988555909,12.153666655222574,0.022421468010895125
2023-10-27,13.520000457763672,13.640000343322754,13.279999732971191,13.380000114440918,105734369,0.011976108173510136,13.268000030517578,12.596000003814698,12.174333333969116,0.022366732292933327
2023-10-30,14.31999969482422,14.359999656677246,13.420000076293944,13.460000038146973,194405364,0.059171539199257994,13.47199993133545,12.725999975204468,12.210333331425984,0.024823837844413037
2023-10-31,14.020000457763672,14.399999618530272,13.979999542236328,14.239999771118164,93634298,-0.02094966783895813,13.684000015258789,12.809999990463258,12.24466667175293,0.023626106484111294
2023-11-01,14.220000267028809,14.4399995803833,13.9399995803833,14.15999984741211,98673756,0.014265321165120692,13.888000106811523,12.92200002670288,12.280666669209799,0.022105878643644973
2023-11-02,15.079999923706056,15.199999809265137,14.399999618530272,14.399999618530272,200581937,0.060478174439369425,14.232000160217286,13.083000040054321,12.328333330154418,0.02443861662447688
2023-11-03,15.239999771118164,15.34000015258789,14.84000015258789,15.279999732971191,144753242,0.010610069510715636,14.576000022888184,13.26100001335144,12.376999998092652,0.02357422436326313
2023-11-06,15.539999961853027,15.859999656677246,15.279999732971191,15.460000038146973,144345254,0.019685052181129592,14.820000076293946,13.444000005722046,12.434999990463258,0.023601030497309102
2023-11-07,15.81999969482422,15.960000038146973,15.300000190734863,15.300000190734863,100277922,0.01801800087892702,15.179999923706054,13.638000011444092,12.49633331298828,0.02352663286368277
2023-11-08,16.139999389648438,16.399999618530273,15.760000228881836,15.880000114440918,141748758,0.020227541150263706,15.56399974822998,13.830999994277954,12.563999970753988,0.023338950204984606
2023-11-09,16.520000457763672,16.940000534057617,16.260000228881836,16.31999969482422,162320904,0.023544057155228337,15.851999855041504,14.042000007629394,12.641666650772095,0.023241081677991778
2023-11-10,16.040000915527344,16.719999313354492,15.9399995803833,16.219999313354492,166672948,-0.02905566155785122,16.01200008392334,14.211000061035156,12.712666670481363,0.024966210886087484
2023-11-13,16.219999313354492,16.6200008392334,15.920000076293944,16.420000076293945,151924036,0.011221844610551202,16.147999954223632,14.392000007629395,12.785333331425985,0.024649528791534075
2023-11-14,15.859999656677246,16.3799991607666,15.699999809265137,16.219999313354492,121612690,-0.022194800981332086,16.15599994659424,14.557999992370606,12.853333330154419,0.025600276291815275
2023-11-15,16.799999237060547,16.860000610351562,15.9399995803833,16.219999313354492,180686655,0.059268575077651375,16.28799991607666,14.745999956130982,12.933999983469645,0.027034155833215345
2023-11-16,15.699999809265137,16.979999542236328,15.539999961853027,16.940000534057617,274424480,-0.0654761593898664,16.123999786376952,14.871999931335449,12.999999984105427,0.03225132913907109
2023-11-17,15.9399995803833,16.139999389648438,15.520000457763672,15.699999809265137,137007416,0.015286609811073548,16.103999519348143,14.989999914169312,13.07699998219808,0.03190746837191666
2023-11-20,16.18000030517578,16.260000228881836,15.420000076293944,16.079999923706055,136253912,0.015056507597894786,16.095999717712402,15.133999919891357,13.155333328247071,0.031181305856427123
2023-11-21,15.380000114440918,16.440000534057617,15.239999771118164,16.31999969482422,245013470,-0.049443768581324044,15.999999809265137,15.254999923706055,13.216000000635782,0.033029720588493565
2023-11-22,15.119999885559082,15.4399995803833,14.800000190734863,15.300000190734863,192073449,-0.016905086277451353,15.663999938964844,15.350999927520752,13.265666659673055,0.03344616005190532
2023-11-23,15.4399995803833,15.460000038146973,14.760000228881836,15.079999923706056,114048365,0.021164001140624666,15.611999893188477,15.454999923706055,13.321333312988282,0.033574995375251514
2023-11-24,15.0,15.380000114440918,14.920000076293944,15.119999885559082,88383132,-0.028497382923657888,15.423999977111816,15.52899990081787,13.367999982833862,0.03451641219688516
2023-11-27,15.140000343322754,15.220000267028809,14.899999618530272,15.119999885559082,76059066,0.009333356221516986,15.215999984741211,15.569999933242798,13.413999986648559,0.03217830670411317
2023-11-28,15.520000457763672,15.800000190734863,15.119999885559082,15.300000190734863,148605750,0.025099082286911045,15.244000053405761,15.644999933242797,13.464999993642172,0.032000187286826735
2023-11-29,15.479999542236328,15.779999732971191,15.300000190734863,15.600000381469728,129395706,-0.0025773785017727535,15.315999984741211,15.707999897003173,13.516999991734822,0.031981323217252826
2023-11-30,15.619999885559082,15.760000228881836,15.4399995803833,15.479999542236328,131529758,0.009043950094492548,15.352000045776368,15.734999895095825,13.570333321889242,0.02921158824541998
2023-12-01,15.15999984741211,15.68000030517578,15.020000457763672,15.619999885559082,226992234,-0.02944942647357185,15.384000015258788,15.730999898910522,13.629666646321615,0.029966094658773965
2023-12-04,15.220000267028809,15.5,15.15999984741211,15.399999618530272,106138626,0.003957811360198793,15.4,15.714999914169312,13.687333313624064,0.029631448759376407
2023-12-05,14.779999732971191,15.220000267028809,14.5,15.220000267028809,135975691,-0.028909364411168426,15.251999855041504,15.66299991607666,13.735333315531413,0.029934435584638798
2023-12-06,14.880000114440918,15.0600004196167,14.720000267028809,14.880000114440918,77127748,0.006765925796780925,15.131999969482422,15.599999952316285,13.788333320617676,0.02953416110911013
2023-12-07,14.68000030517578,14.779999732971191,14.380000114440918,14.739999771118164,85960796,-0.013440847293478164,14.944000053405762,15.50799994468689,13.834999990463256,0.028893522469859035
2023-12-08,14.619999885559082,14.81999969482422,14.399999618530272,14.760000228881836,94540322,-0.00408722195976674,14.836000061035156,15.436999893188476,13.879999987284343,0.028356020513784885
2023-12-11,14.5600004196167,14.619999885559082,14.15999984741211,14.34000015258789,98399725,-0.004103930671138234,14.704000091552734,15.353999948501587,13.918666664759318,0.0281223313254005
2023-12-12,15.15999984741211,15.260000228881836,14.4399995803833,14.579999923706056,97354343,0.04120875072139629,14.780000114440918,15.31899995803833,13.967666657765706,0.0296166084113856
2023-12-13,15.539999961853027,15.640000343322754,15.079999923706056,15.079999923706056,114075094,0.02506597086185236,14.91200008392334,15.255999994277953,14.027999989191692,0.026751517725949272
2023-12-14,15.960000038146973,16.34000015258789,15.699999809265137,15.699999809265137,136139527,0.02702703200289225,15.168000030517579,15.269000005722045,14.094999996821086,0.023247692004200095
2023-12-15,15.979999542236328,16.280000686645508,15.859999656677246,16.0,106577327,0.0012531017569896719,15.439999961853028,15.271000003814697,14.164666652679443,0.023006859538198914
2023-12-18,15.899999618530272,16.31999969482422,15.760000228881836,15.979999542236328,60185771,-0.0050062531913477315,15.707999801635742,15.256999969482422,14.234999974568685,0.022769328609583195
2023-12-19,16.139999389648438,16.31999969482422,15.84000015258789,15.880000114440918,77957733,0.01509432558969781,15.903999710083008,15.294999933242797,14.302999957402546,0.019875906814514628
2023-12-20,16.1200008392334,16.360000610351562,16.0,16.260000228881836,62375549,-0.0012390676066484918,16.01999988555908,15.344999980926513,14.374333302179972,0.01936891643717727
2023-12-21,15.960000038146973,16.0,15.600000381469728,15.899999618530272,64563507,-0.009925607491099497,16.01999988555908,15.371000003814697,14.445999972025554,0.01911282612435575
2023-12-22,15.68000030517578,16.100000381469727,15.520000457763672,15.979999542236328,91757167,-0.01754384287606192,15.960000038146973,15.405000019073487,14.509999974568684,0.01833932345126326
2023-12-27,16.31999969482422,16.540000915527344,15.68000030517578,15.960000038146973,127850403,0.04081628681073313,16.04400005340576,15.46399998664856,14.586666631698609,0.02022222726096341
2023-12-28,16.280000686645508,16.700000762939453,16.040000915527344,16.399999618530273,155342841,-0.002450919664624518,16.072000312805176,15.501999998092652,14.652333307266236,0.019635768659039172
2023-12-29,15.600000381469728,16.360000610351562,15.279999732971191,16.360000610351562,184891499,-0.04176905875277903,15.968000221252442,15.508000040054322,14.712666654586792,0.021991327470774598
2024-01-02,15.479999542236328,15.600000381469728,15.239999771118164,15.600000381469728,60637820,-0.007692361301217754,15.872000122070313,15.501000022888183,14.772999986012776,0.02197213999685219
2024-01-03,14.979999542236328,15.460000038146973,14.760000228881836,15.279999732971191,113158917,-0.03229974255721246,15.731999969482422,15.492000007629395,14.82799997329712,0.022179957644074138
2024-01-04,15.079999923706056,15.140000343322754,14.739999771118164,14.899999618530272,53881228,0.00667559309249488,15.48400001525879,15.484999990463256,14.881333303451537,0.022216125169136795
2024-01-05,14.9399995803833,15.119999885559082,14.81999969482422,14.859999656677246,55909939,-0.009283842442377788,15.215999794006347,15.492999982833862,14.931333303451538,0.02129702241542064
2024-01-08,14.359999656677246,14.960000038146973,14.039999961853027,14.899999618530272,125148672,-0.03882195046829939,14.96799964904785,15.466999959945678,14.965999968846639,0.022991793017771302
2024-01-09,14.34000015258789,14.68000030517578,14.199999809265137,14.4399995803833,64814175,-0.0013927231592972822,14.739999771118164,15.449999952316285,14.999999968210856,0.02282038448057379
2024-01-10,14.100000381469728,14.300000190734863,13.84000015258789,14.279999732971191,75082322,-0.016736385534476428,14.563999938964844,15.423999977111816,15.023999977111817,0.02308640548509099
2024-01-11,14.479999542236328,14.619999885559082,13.920000076293944,14.100000381469728,109090904,0.02695029436070051,14.443999862670898,15.419999933242797,15.055333296457926,0.02393475037118116
2024-01-12,14.300000190734863,14.4399995803833,14.140000343322754,14.31999969482422,67762190,-0.012430894833693196,14.315999984741211,15.376999950408935,15.084666633605957,0.022000838549300912
2024-01-15,14.239999771118164,14.239999771118164,14.239999771118164,14.239999771118164,0,-0.004195833483664813,14.292000007629394,15.311999940872193,15.104666630427042,0.021008801689660215
2024-01-16,13.81999969482422,14.199999809265137,13.699999809265137,14.079999923706056,81583680,-0.02949438785426073,14.18799991607666,15.204999923706055,15.115333286921183,0.02038676228850511
2024-01-17,13.140000343322754,13.699999809265137,12.899999618530272,13.68000030517578,184245293,-0.049204006260299415,13.995999908447265,15.062999963760376,15.107999960581461,0.02234314535048765
2024-01-18,13.31999969482422,13.479999542236328,12.720000267028809,13.020000457763672,111819184,0.013698580426060314,13.763999938964844,14.933999967575073,15.108333285649618,0.022924935578684136
2024-01-19,13.18000030517578,13.359999656677246,13.0,13.300000190734863,70030994,-0.01051046492912766,13.539999961853027,14.78600001335144,15.111999956766764,0.022238990261813973
2024-01-22,12.979999542236328,13.5,12.640000343322754,13.239999771118164,87016435,-0.015174564363318765,13.28799991607666,14.628999948501587,15.108333285649618,0.022173458008682725
2024-01-23,13.220000267028809,13.479999542236328,12.800000190734863,13.0,92309898,0.018490041082939168,13.168000030517579,14.491999959945678,15.105999962488811,0.023105633458428587
2024-01-24,13.699999809265137,13.779999732971191,13.140000343322754,13.31999969482422,109448247,0.03630858793804004,13.279999923706054,14.392999935150147,15.1089999516805,0.02512198275932591
2024-01-25,13.739999771118164,13.899999618530272,13.399999618530272,13.699999809265137,84263209,0.002919705285395313,13.363999938964843,14.263999938964844,15.0993332862854,0.02268186831694856
2024-01-26,13.199999809265137,13.760000228881836,13.100000381469728,13.619999885559082,97820581,-0.03930130792200748,13.367999839782716,14.109999895095825,15.085666608810424,0.02365577799478671
2024-01-29,13.300000190734863,13.4399995803833,13.15999984741211,13.279999732971191,64841120,0.0075757865844463534,13.431999969482423,13.994999885559082,15.070333274205526,0.02274147616929071
2024-01-30,12.899999618530272,13.15999984741211,12.800000190734863,13.0,82926712,-0.030075230561518507,13.367999839782716,13.865999889373779,15.03399993578593,0.023285528158818687
2024-01-31,12.31999969482422,12.920000076293944,12.140000343322754,12.859999656677246,141795486,-0.04496123572537991,13.091999816894532,13.732999897003173,14.985333267847697,0.024114964439449677
2024-02-01,12.380000114440918,12.579999923706056,12.020000457763672,12.260000228881836,79821509,0.004870164050564396,12.819999885559081,13.597999906539917,14.932666603724162,0.024054734200840207
2024-02-02,12.199999809265137,12.65999984741211,12.079999923706056,12.539999961853027,69558141,-0.014539604483994828,12.619999885559082,13.460999917984008,14.872333272298176,0.02408050066190924
2024-02-05,12.119999885559082,12.359999656677246,11.84000015258789,11.9399995803833,81606974,-0.006557370898096271,12.383999824523926,13.3489999294281,14.805333280563355,0.02309455695561611
2024-02-06,12.899999618530272,12.960000038146973,12.119999885559082,12.119999885559082,119306507,0.06435641421915816,12.383999824523926,13.276999902725219,14.744999933242799,0.028222972206147345
2024-02-07,12.699999809265137,13.140000343322754,12.579999923706056,12.960000038146973,95271998,-0.015503861641813055,12.45999984741211,13.20699987411499,14.689333248138428,0.028197101745349475
2024-02-08,12.619999885559082,12.81999969482422,12.520000457763672,12.68000030517578,59019381,-0.006299206685632552,12.507999801635743,13.113999891281129,14.629333257675171,0.027186251931946404
2024-02-09,12.460000038146973,12.460000038146973,12.460000038146973,12.460000038146973,0,-0.012678276455073134,12.55999984741211,13.021999883651734,14.572666597366332,0.027189147801091447
2024-02-14,12.5600004196167,12.640000343322754,11.9399995803833,12.020000457763672,29480353,0.008025712773962246,12.647999954223632,12.93799991607666,14.501999950408935,0.0273806516835774
2024-02-15,12.720000267028809,12.800000190734863,12.399999618530272,12.5,22062099,0.012738840928875783,12.61200008392334,12.88299994468689,14.452333291371664,0.027092493519002024
2024-02-16,13.420000076293944,13.619999885559082,12.699999809265137,12.720000267028809,83130851,0.05503143039073577,12.756000137329101,12.896999931335449,14.410333299636841,0.02791015687485381
2024-02-19,12.920000076293944,13.399999618530272,12.800000190734863,13.399999618530272,86809268,-0.03725782393125587,12.816000175476074,12.876999950408935,14.355999962488811,0.029033569591037672
2024-02-20,12.979999542236328,13.100000381469728,12.739999771118164,13.0,55020181,0.004643921485145697,12.920000076293945,12.866999912261964,14.315999952952067,0.02897348141568864
2024-02-21,13.359999656677246,13.640000343322754,12.800000190734863,12.920000076293944,95944593,0.029275818786003382,13.079999923706055,12.885999917984009,14.286666615804036,0.029478487799435474
2024-02-22,13.399999618530272,13.520000457763672,13.140000343322754,13.359999656677246,52235249,0.002994009197675007,13.215999794006347,12.894999885559082,14.25266661643982,0.02922071355605007
2024-02-23,13.220000267028809,13.399999618530272,12.979999542236328,13.260000228881836,56432229,-0.013432787807885482,13.17599983215332,12.870999908447265,14.222999954223633,0.02816197747086484
2024-02-26,13.100000381469728,13.359999656677246,13.020000457763672,13.220000267028809,44712709,-0.009077146984509898,13.211999893188477,12.838999938964843,14.188999954859415,0.028192678414357308
2024-02-27,13.479999542236328,13.5,12.880000114440918,13.119999885559082,92877053,0.02900756867947263,13.311999893188476,12.852999925613403,14.154999939600627,0.027567777773347013
2024-02-28,13.079999923706056,13.619999885559082,13.039999961853027,13.479999542236328,77754329,-0.02967356321318626,13.255999946594239,12.841999912261963,14.114999945958456,0.02837551401241068
2024-02-29,13.220000267028809,13.359999656677246,13.0,13.0,74874764,0.010703390224721332,13.220000076293946,12.85799994468689,14.074999952316285,0.02758935988243231
2024-03-01,13.31999969482422,13.4399995803833,12.979999542236328,13.0,79997348,0.007564253084382688,13.239999961853027,12.907999944686889,14.044333283106486,0.025333265396270704
2024-03-04,13.34000015258789,13.600000381469728,13.260000228881836,13.359999656677246,53459138,0.0015015359025452035,13.28799991607666,12.955999946594238,14.012999947865804,0.025339839883167233
2024-03-05,12.760000228881836,13.0600004196167,12.600000381469728,13.0,99117229,-0.043478254653058435,13.144000053405762,12.983999967575073,13.979333289464314,0.02721359960164428
2024-03-06,13.039999961853027,13.140000343322754,12.5600004196167,12.720000267028809,74670496,0.021943552347077677,13.136000061035157,13.02999997138977,13.948666620254517,0.027454315543806385
2024-03-07,12.800000190734863,13.239999771118164,12.699999809265137,13.140000343322754,43368825,-0.018404890477013436,13.052000045776367,13.025,13.917333285013834,0.02388663000682218
2024-03-08,13.079999923706056,13.359999656677246,12.920000076293944,12.960000038146973,59663848,0.02187497881241196,13.004000091552735,13.044000005722046,13.891666618982951,0.02408102248876925
2024-03-11,13.399999618530272,13.4399995803833,13.039999961853027,13.039999961853027,57531857,0.02446480861549949,13.01599998474121,13.082999992370606,13.872333272298176,0.024518370542467777
2024-03-12,14.920000076293944,15.0600004196167,13.600000381469728,13.619999885559082,295821714,0.11343287321155815,13.447999954223633,13.205999994277954,13.868333276112875,0.03441506718435141
2024-03-13,14.920000076293944,15.18000030517578,14.720000267028809,14.899999618530272,118299566,0.0,13.823999977111816,13.323999977111816,13.85799994468689,0.0344810424054831
2024-03-14,14.760000228881836,15.220000267028809,14.539999961853027,14.899999618530272,89957580,-0.010723850307905014,14.215999984741211,13.425999975204467,13.837999947865804,0.03475210626220483
2024-03-15,14.539999961853027,14.760000228881836,14.279999732971191,14.579999923706056,106232795,-0.014905166911740264,14.507999992370605,13.481999969482422,13.813999954859415,0.03325921323880933
2024-03-18,14.9399995803833,15.039999961853027,14.4399995803833,14.5,110825105,0.027510290204931787,14.815999984741211,13.58299994468689,13.797999954223632,0.032110341624592524
2024-03-19,14.859999656677246,15.100000381469728,14.739999771118164,14.920000076293944,93986286,-0.005354747386412062,14.803999900817871,13.676999950408936,13.776666625340779,0.03223900552518619
2024-03-20,14.5,15.359999656677246,14.359999656677246,15.199999809265137,135837454,-0.02422608781928759,14.719999885559082,13.733999967575073,13.749666611353556,0.032534509704507684
2024-03-21,14.760000228881836,15.020000457763672,14.600000381469728,14.739999771118164,92314676,0.0179310502677128,14.719999885559082,13.80199999809265,13.729666614532471,0.03266721448535676
2024-03-22,14.800000190734863,14.9399995803833,14.520000457763672,14.779999732971191,110507208,0.0027100244737636725,14.771999931335449,13.880999994277953,13.714999945958455,0.03237729091559594
2024-03-25,14.81999969482422,15.399999618530272,14.800000190734863,15.0,119247446,0.0013513178264603631,14.747999954223634,13.966999959945678,13.689999945958455,0.03220282923151782
2024-03-26,15.300000190734863,15.460000038146973,14.84000015258789,15.18000030517578,147860646,0.0323886980968211,14.836000061035156,14.057999992370606,13.673666604359944,0.032334918915803125
2024-03-27,14.760000228881836,15.4399995803833,14.739999771118164,15.4399995803833,144610632,-0.0352941147138045,14.888000106811523,14.142000007629395,13.659666601816813,0.032691339403272526
2024-03-28,14.9399995803833,15.260000228881836,14.699999809265137,14.699999809265137,173539152,0.012195077825896572,14.923999977111816,14.22799997329712,13.650666602452596,0.03270301475448701
2024-04-02,16.280000686645508,17.34000015258789,16.200000762939453,17.18000030517578,539923703,0.08969217830646214,15.220000076293946,14.376000022888183,13.67233328819275,0.03761469029844513
2024-04-03,15.5600004196167,16.299999237060547,15.520000457763672,16.299999237060547,225179872,-0.04422605876297203,15.36800022125244,14.487000036239625,13.680333296457926,0.03954539643459737
2024-04-05,15.539999961853027,15.640000343322754,15.079999923706056,15.619999885559082,84033215,-0.0012853764282972913,15.416000175476075,14.626000022888183,13.690333302815755,0.03771266045200871
2024-04-08,15.5,15.699999809265137,15.119999885559082,15.359999656677246,117977816,-0.0025740001255609712,15.564000129699707,14.749000024795532,13.7093333085378,0.03772141931680431
2024-04-09,15.979999542236328,16.100000381469727,15.5600004196167,15.640000343322754,140213601,0.03096771240234375,15.772000122070313,14.907999992370605,13.736666631698608,0.03742536436670711
2024-04-10,16.0,16.280000686645508,15.84000015258789,16.18000030517578,135392416,0.0012515931374597056,15.715999984741211,15.053999996185302,13.768333292007446,0.037417173355278915
2024-04-11,16.079999923706055,16.18000030517578,15.539999961853027,15.5600004196167,94275932,0.004999995231628418,15.819999885559081,15.188000011444093,13.794999965031941,0.037295033578489754
2024-04-12,16.5,16.739999771118164,16.239999771118164,16.260000228881836,207001967,0.02611940785365041,16.011999893188477,15.267000007629395,13.831666628519693,0.028627788254617453
2024-04-15,16.520000457763672,16.6200008392334,16.3799991607666,16.3799991607666,102135567,0.0012121489553740261,16.21599998474121,15.347000026702881,13.869666639963786,0.028616976543390408
2024-04-16,15.920000076293944,16.3799991607666,15.779999732971191,16.360000610351562,150004413,-0.03631963467578203,16.204000091552736,15.405000019073487,13.904666646321614,0.0299226561280191
2024-04-17,16.280000686645508,16.34000015258789,15.920000076293944,15.920000076293944,90729174,0.022613103556929692,16.260000228881836,15.49200005531311,13.956999985376994,0.029837325773116607
2024-04-18,16.3799991607666,16.440000534057617,15.960000038146973,16.260000228881836,81343612,0.00614241215623057,16.320000076293944,15.564000034332276,14.007999976476034,0.029409186838306612
2024-04-19,15.800000190734863,16.1200008392334,15.460000038146973,16.1200008392334,152829967,-0.0354089743435978,16.18000011444092,15.611000061035156,14.051666641235352,0.030706156098093143
2024-04-22,15.81999969482422,15.979999542236328,15.579999923706056,15.800000190734863,94522377,0.001265791382780268,16.039999961853027,15.677000045776367,14.098999977111816,0.030015472641339812
2024-04-23,16.18000030517578,16.31999969482422,15.779999732971191,16.0,119181417,0.02275604407687437,16.092000007629395,15.748000049591065,14.148333311080933,0.030145789187548195
2024-04-24,16.65999984741211,16.68000030517578,16.420000076293945,16.559999465942383,132630197,0.029666225783863798,16.167999839782716,15.841000032424926,14.197666645050049,0.030635332183945804
2024-04-25,16.600000381469727,16.700000762939453,16.399999618530273,16.65999984741211,76835421,-0.003601408552936003,16.21200008392334,15.930000066757202,14.245333321889241,0.03069803659264627
2024-04-26,17.360000610351562,17.5,16.739999771118164,16.760000228881836,233139880,0.045783145266081515,16.52400016784668,16.03300008773804,14.314666668574015,0.031438288910779974
2024-04-29,17.420000076293945,17.8799991607666,17.219999313354492,17.5,175353396,0.0034561903129546323,16.844000244140624,16.166000080108642,14.383333333333333,0.029862240532143397
2024-04-30,17.31999969482422,17.65999984741211,17.139999389648438,17.559999465942383,94318755,-0.005740550001823053,17.072000122070314,16.28500008583069,14.457000001271565,0.030021755138721292
2024-05-02,17.639999389648438,17.760000228881836,17.260000228881836,17.299999237060547,75334285,0.01847573328305807,17.268000030517577,16.353000020980836,14.54566666285197,0.02326545489754593
2024-05-03,18.18000030517578,18.239999771118164,17.899999618530273,18.0,96628783,0.030612297857800952,17.584000015258788,16.48400001525879,14.64233333269755,0.020957610886626718
2024-05-06,18.100000381469727,18.200000762939453,17.799999237060547,18.020000457763672,108995973,-0.004400435773550537,17.731999969482423,16.612000036239625,14.740666675567628,0.021041809389720882
2024-05-07,17.940000534057617,18.18000030517578,17.860000610351562,18.1200008392334,82242465,-0.008839770388950563,17.836000061035158,16.734000062942506,14.837666686375936,0.02125100146714372
2024-05-08,19.100000381469727,19.31999969482422,17.84000015258789,18.0,297225949,0.0646599672731305,18.19200019836426,16.890000104904175,14.941000032424927,0.024318998156560252
2024-05-09,19.15999984741211,19.700000762939453,18.920000076293945,19.39999961853028,137022563,0.0031413332326732935,18.496000289916992,17.04800009727478,15.048666699727375,0.024290000724585818
2024-05-10,19.39999961853028,19.479999542236328,18.780000686645508,19.18000030517578,120743190,0.012526084187343356,18.74000015258789,17.214000082015993,15.161666695276896,0.024277689272941008
2024-05-13,19.36000061035156,19.6200008392334,18.979999542236328,19.13999938964844,99804853,-0.002061804585836935,18.99200019836426,17.35700011253357,15.276666704813639,0.024092024732858163
2024-05-14,19.979999542236328,20.14999961853028,19.540000915527344,19.600000381469727,191006970,0.03202473720756305,19.4,17.530000066757204,15.400333356857299,0.024595071769390315
2024-05-16,19.81999969482422,20.350000381469727,19.700000762939453,20.200000762939453,128486893,-0.008008000554448502,19.543999862670898,17.725000047683714,15.51866668065389,0.022526400358619327
2024-05-17,19.940000534057617,20.25,19.76000022888184,19.8799991607666,104990296,0.006054532849702143,19.7,17.908000040054322,15.62733335494995,0.022390789761359026
2024-05-20,19.8799991607666,20.049999237060547,19.3799991607666,19.8799991607666,126143823,-0.0030090958718147487,19.795999908447264,18.083000040054323,15.743333339691162,0.022575664557802372
2024-05-21,19.299999237060547,19.940000534057617,19.07999992370605,19.780000686645508,133981498,-0.029175047695710665,19.783999633789062,18.257999992370607,15.848666667938232,0.021950569139147946
2024-05-22,19.440000534057617,19.57999992370605,19.18000030517578,19.39999961853028,80987339,0.007253953499036125,19.67599983215332,18.439000034332274,15.950000015894572,0.021861813286244643
2024-05-23,18.940000534057617,19.459999084472656,18.739999771118164,19.36000061035156,118710642,-0.025720163902466564,19.5,18.577000045776366,16.042333364486694,0.02309324580561425
2024-05-24,18.299999237060547,18.959999084472656,17.8799991607666,18.920000076293945,182324263,-0.03379098621703991,19.171999740600587,18.65900001525879,16.127000013987224,0.02430945332128991
2024-05-27,18.440000534057617,18.5,17.81999969482422,18.200000762939453,111351692,0.007650344417148736,18.88400001525879,18.751000022888185,16.216000016530355,0.024230423630155148
2024-05-28,18.13999938964844,18.540000915527344,18.020000457763672,18.39999961853028,81902009,-0.016269042067276085,18.65200004577637,18.789999961853027,16.29366668065389,0.022733384673758534
2024-05-29,17.780000686645508,18.07999992370605,17.65999984741211,18.020000457763672,101668386,-0.01984557415191346,18.320000076293944,18.807999992370604,16.37200002670288,0.02326946068359943
2024-05-30,17.700000762939453,18.059999465942383,17.459999084472656,17.780000686645508,105715211,-0.004499433105542128,18.072000122070314,18.827000045776366,16.446666701634726,0.02325140917862757
2024-05-31,17.479999542236328,18.100000381469727,17.3799991607666,18.0,136405438,-0.01242944696159376,17.908000183105468,18.819000053405762,16.516000032424927,0.023078900591586543
2024-06-03,17.899999618530273,18.13999938964844,17.559999465942383,17.559999465942383,106453297,0.024027464948103372,17.8,18.805000019073486,16.592000023523966,0.022659259850003284
2024-06-04,17.780000686645508,17.920000076293945,17.68000030517578,17.68000030517578,75212318,-0.006703851086149792,17.728000259399415,18.789000034332275,16.675666697820027,0.022685776362432245
2024-06-05,17.700000762939453,18.07999992370605,17.6200008392334,17.84000015258789,73525775,-0.004499433105542128,17.7120002746582,18.77700004577637,16.753333377838135,0.022623990984424705
2024-06-06,17.959999084472656,18.39999961853028,17.81999969482422,17.81999969482422,120451138,0.014689170074929647,17.763999938964844,18.719999980926513,16.83933335940043,0.017155202885460737
2024-06-07,17.6200008392334,18.200000762939453,17.219999313354492,18.059999465942383,201105124,-0.018930860944932015,17.792000198364256,18.643000030517577,16.915000041325886,0.017451328439363843
2024-06-11,17.31999969482422,17.34000015258789,17.020000457763672,17.18000030517578,150166213,-0.017026170835428456,17.67600021362305,18.539000034332275,16.980333375930787,0.017224850500488446
2024-06-12,17.139999389648438,17.34000015258789,17.040000915527344,17.219999313354492,84361187,-0.010392627502734397,17.547999954223634,18.42799997329712,17.017333364486696,0.017237713626353846
2024-06-13,17.559999465942383,17.6200008392334,17.219999313354492,17.280000686645508,82025721,0.024504089337809454,17.519999694824218,18.306999969482423,17.06133335431417,0.01642924336445432
2024-06-14,17.299999237060547,17.520000457763672,17.219999313354492,17.360000610351562,86630442,-0.01480639161670283,17.387999725341796,18.180999946594238,17.103666671117146,0.016536291089810945
2024-06-17,17.31999969482422,17.639999389648438,17.059999465942383,17.200000762939453,62407200,0.0011560958754741613,17.32799949645996,18.049999904632568,17.15,0.016373758962667673
2024-06-18,17.3799991607666,17.559999465942383,17.260000228881836,17.3799991607666,46659965,0.0034641724595592116,17.339999389648437,17.924999904632568,17.190666659673056,0.01651787387258134
2024-06-19,18.479999542236328,18.5,17.440000534057617,17.479999542236328,158776789,0.06329116424544212,17.607999420166017,17.88399991989136,17.25099999109904,0.021915551833267405
2024-06-20,18.520000457763672,18.71999931335449,18.299999237060547,18.5,90185310,0.0021645517596426966,17.799999618530272,17.83799991607666,17.317999998728435,0.021832521418452218
2024-06-21,18.18000030517578,18.39999961853028,17.84000015258789,18.280000686645508,87851069,-0.018358539102808713,17.97599983215332,17.799999904632568,17.375,0.021474203731482972
2024-06-24,18.020000457763672,18.07999992370605,17.559999465942383,17.959999084472656,69977040,-0.008800871547100964,18.11599998474121,17.785999965667724,17.428666671117146,0.020206256801231746
2024-06-25,17.780000686645508,18.13999938964844,17.6200008392334,18.07999992370605,58116612,-0.013318521921277915,18.19600028991699,17.75299997329712,17.478000020980836,0.02030047746229481
2024-06-26,17.81999969482422,17.940000534057617,17.540000915527344,17.579999923706055,44582518,0.00224966291529749,18.06400032043457,17.736999988555908,17.52000001271566,0.020017954968250477
2024-06-27,16.540000915527344,17.68000030517578,16.34000015258789,17.540000915527344,245670671,-0.07182933789099044,17.668000411987304,17.675,17.549666690826417,0.025309688492761027
2024-06-28,16.479999542236328,16.780000686645508,16.360000610351562,16.3799991607666,94102995,-0.003627652356094413,17.328000259399413,17.613999938964845,17.5753333568573,0.02530826918979956
2024-07-02,16.65999984741211,16.739999771118164,16.360000610351562,16.5,62421619,0.010922348918424474,17.0560001373291,17.572999954223633,17.581666676203408,0.025401412426627742
2024-07-03,16.899999618530273,17.079999923706055,16.65999984741211,16.65999984741211,68480845,0.014405748698457899,16.879999923706055,17.522999954223632,17.6039999961853,0.024968124541603336
2024-07-04,16.84000015258789,17.219999313354492,16.760000228881836,17.15999984741211,47136649,-0.0035502643370829423,16.68400001525879,17.475999927520753,17.625666666030884,0.024950611699193458
2024-07-05,16.6200008392334,16.979999542236328,16.479999542236328,16.920000076293945,50780567,-0.013064092123578952,16.7,17.42199993133545,17.644333346684775,0.025061527986873403
2024-07-08,16.459999084472656,16.760000228881836,16.360000610351562,16.6200008392334,54387650,-0.009627060570480794,16.695999908447266,17.34699993133545,17.652333339055378,0.024754170433477198
2024-07-09,16.399999618530273,16.579999923706055,16.059999465942383,16.399999618530273,83646140,-0.0036451682429911036,16.6439998626709,17.285999870300294,17.658999999364216,0.02450555059694034
2024-07-10,16.1200008392334,16.559999465942383,16.040000915527344,16.360000610351562,81314076,-0.017073096695716106,16.488000106811523,17.225999927520753,17.65966668128967,0.02450693675088451
2024-07-11,16.68000030517578,16.760000228881836,16.200000762939453,16.260000228881836,69245590,0.03473941915557699,16.456000137329102,17.202999973297118,17.662666686375935,0.02585970875208534
2024-07-12,16.84000015258789,16.979999542236328,16.540000915527344,16.860000610351562,84861492,0.00959231681563355,16.5,17.167000007629394,17.668000014623008,0.025293215472011504
2024-07-15,16.459999084472656,17.059999465942383,16.399999618530273,16.84000015258789,75353380,-0.022565383887887758,16.5,17.125,17.67699999809265,0.025561518989216703
2024-07-16,16.34000015258789,16.399999618530273,16.139999389648438,16.239999771118164,66641300,-0.007290336485982207,16.488000106811523,17.076000022888184,17.67799998919169,0.025573381202175494
2024-07-17,16.780000686645508,16.940000534057617,16.260000228881836,16.479999542236328,71347036,0.02692781701032798,16.620000076293945,17.04600009918213,17.684666681289674,0.026391150681920727
2024-07-18,16.84000015258789,17.040000915527344,16.600000381469727,16.68000030517578,69357199,0.0035756533663395818,16.65200004577637,16.964000129699706,17.702000013987224,0.021633485704390207
2024-07-19,16.520000457763672,16.760000228881836,16.360000610351562,16.600000381469727,70888406,-0.019002357002653736,16.588000106811524,16.864000129699708,17.713666693369547,0.021812012843759575
2024-07-22,17.219999313354492,17.31999969482422,16.540000915527344,16.559999465942383,117875122,0.04237281090763245,16.74000015258789,16.816000080108644,17.731000010172526,0.02403676278235556
2024-07-23,16.959999084472656,17.440000534057617,16.860000610351562,17.299999237060547,64433875,-0.015098736309484106,16.863999938964845,16.763000011444092,17.73599999745687,0.024165518919248105
2024-07-24,16.540000915527344,17.040000915527344,16.31999969482422,16.940000534057617,91652264,-0.024764044317067913,16.81599998474121,16.701000022888184,17.73500000635783,0.02456136847417911
2024-07-25,16.200000762939453,16.479999542236328,16.1200008392334,16.399999618530273,72854684,-0.02055623541524154,16.688000106811522,16.620000076293945,17.715666675567626,0.024817361128687772
2024-07-26,16.360000610351562,16.6200008392334,16.31999969482422,16.31999969482422,64273609,0.009876533325735348,16.6560001373291,16.611000061035156,17.69800001780192,0.01924208226323373
2024-07-29,16.81999969482422,17.100000381469727,16.559999465942383,16.6200008392334,82843861,0.028117302402886013,16.576000213623047,16.62800006866455,17.689666684468587,0.02024272219094894
2024-07-30,16.31999969482422,16.799999237060547,16.219999313354492,16.700000762939453,75799866,-0.029726516591665475,16.448000335693358,16.611000061035156,17.66766668955485,0.021233152829972835
2024-07-31,16.84000015258789,17.059999465942383,16.260000228881836,16.399999618530273,93621817,0.03186277374310165,16.50800018310547,16.608000087738038,17.645333353678385,0.022227430115563974
2024-08-01,16.68000030517578,16.899999618530273,16.5,16.780000686645508,50657487,-0.009501178501326923,16.604000091552734,16.60000009536743,17.621666685740152,0.02231787940694932
2024-08-02,16.079999923706055,16.3799991607666,15.859999656677246,16.360000610351562,132911168,-0.03597124523334372,16.547999954223634,16.573000049591066,17.590666675567626,0.02356355479265412
2024-08-05,15.859999656677246,16.059999465942383,15.359999656677246,15.739999771118164,137905794,-0.01368160871098456,16.35599994659424,16.543000078201295,17.536666663487754,0.023655433589344892
2024-08-06,15.81999969482422,16.1200008392334,15.640000343322754,16.0,74328521,-0.0025220657452023065,16.25599994659424,16.51400008201599,17.480999994277955,0.023651632253363024
2024-08-07,15.899999618530272,16.079999923706055,15.760000228881836,15.779999732971191,51826337,0.005056885287565649,16.067999839782715,16.503000020980835,17.42266666094462,0.02340276860883874
2024-08-08,15.84000015258789,16.040000915527344,15.579999923706056,15.739999771118164,57560855,-0.003773551407665221,15.899999809265136,16.46100001335144,17.363999986648558,0.021892550810382647
2024-08-09,16.399999618530273,16.520000457763672,16.020000457763672,16.1200008392334,104527148,0.03535350129721371,15.96399974822998,16.43899998664856,17.30433332125346,0.023342223229413428
2024-08-12,16.459999084472656,16.639999389648438,16.31999969482422,16.3799991607666,49506251,0.0036585041059751244,16.083999633789062,16.43899998664856,17.248333311080934,0.02280121749584934
2024-08-13,16.899999618530273,16.959999084472656,16.440000534057617,16.520000457763672,89113360,0.026731504163489683,16.299999618530272,16.466999959945678,17.197666629155478,0.023468732705805354
2024-08-14,16.860000610351562,16.979999542236328,16.739999771118164,16.979999542236328,42244264,-0.002366805271099115,16.49199981689453,16.47099995613098,17.147333319981893,0.02273010219877133
2024-08-15,17.219999313354492,17.299999237060547,16.600000381469727,16.68000030517578,94551112,0.021352235466818525,16.76799964904785,16.48999991416931,17.112666654586793,0.023200144133899522
2024-08-16,17.31999969482422,17.420000076293945,17.139999389648438,17.239999771118164,71246541,0.005807223313428089,16.95199966430664,16.529999876022337,17.077333307266237,0.022711605423834793
2024-08-19,17.6200008392334,18.040000915527344,17.479999542236328,17.5,123269250,0.017321082545909583,17.18400001525879,16.549999952316284,17.0553333123525,0.021031989568221512
2024-08-20,17.68000030517578,17.959999084472656,17.280000686645508,17.959999084472656,79865450,0.0034051908674592735,17.34000015258789,16.58600001335144,17.044999996821087,0.02067386525176112
2024-08-21,17.520000457763672,17.520000457763672,17.100000381469727,17.31999969482422,98036616,-0.009049764968910634,17.472000122070312,16.634999990463257,17.029666662216187,0.019874973408132494
2024-08-22,19.100000381469727,19.239999771118164,18.3799991607666,18.5,434622724,0.09018264169085155,17.84800033569336,16.77999997138977,17.045666678746542,0.027069699741816822
2024-08-23,18.81999969482422,19.13999938964844,18.68000030517578,19.0,123160023,-0.0146597215211135,18.14800033569336,16.902999925613404,17.06299999554952,0.027560663624653925
2024-08-26,18.71999931335449,19.0,18.520000457763672,19.0,85190286,-0.005313516636093918,18.368000030517578,16.997999906539917,17.07999997138977,0.027248766269492016
2024-08-27,18.8799991607666,18.89999961853028,18.440000534057617,18.57999992370605,88144342,0.00854700070944836,18.607999801635742,17.125999879837035,17.103333298365275,0.025941838330450835
2024-08-28,18.959999084472656,19.020000457763672,18.6200008392334,18.799999237060547,76185975,0.004237284282951448,18.89599952697754,17.231999826431274,17.12099995613098,0.02531099284951409
2024-08-29,18.8799991607666,18.89999961853028,18.420000076293945,18.68000030517578,69733894,-0.0042194054625018795,18.851999282836914,17.341999769210815,17.139333264033,0.02516523630377593
2024-08-30,19.5,19.700000762939453,18.81999969482422,18.8799991607666,177604614,0.032839028961494154,18.98799934387207,17.512999773025513,17.169333251317344,0.02371434397635379
2024-09-02,19.059999465942383,19.559999465942383,18.979999542236328,19.299999237060547,81454069,-0.022564129951672673,19.05599937438965,17.672999763488768,17.187666591008504,0.024257086906478056
2024-09-03,19.18000030517578,19.31999969482422,18.89999961853028,19.059999465942383,66363685,0.006295951867565597,19.115999603271483,17.840999794006347,17.213666582107543,0.024106721750671217
2024-09-04,18.65999984741211,18.86000061035156,18.440000534057617,18.81999969482422,106320627,-0.027111597992172554,19.055999755859375,17.97899980545044,17.23599991798401,0.025483652670718886
2024-09-05,18.540000915527344,18.81999969482422,18.31999969482422,18.63999938964844,94213782,-0.0064308109788868695,18.988000106811523,18.113999843597412,17.259333276748656,0.02555691929652357
2024-09-09,18.6200008392334,18.6200008392334,18.239999771118164,18.299999237060547,149404091,0.004314990278077913,18.812000274658203,18.22499990463257,17.276999966303507,0.024750997165017816
2024-09-10,18.65999984741211,18.700000762939453,18.18000030517578,18.6200008392334,81163590,0.002148174348866272,18.73200035095215,18.33499994277954,17.2996666431427,0.02476290221198475
2024-09-11,18.959999084472656,19.059999465942383,18.34000015258789,18.34000015258789,74641703,0.01607712966311481,18.688000106811522,18.43799991607666,17.326999966303507,0.0244186291952135
2024-09-12,18.920000076293945,19.299999237060547,18.84000015258789,19.020000457763672,69973131,-0.0021096524319702548,18.74000015258789,18.54099988937378,17.352666648228965,0.024414036540661745
2024-09-13,19.21999931335449,19.440000534057617,18.920000076293945,18.959999084472656,73146752,0.015856196398034372,18.87599983215332,18.64099988937378,17.364999977747598,0.024263237608273674
2024-09-16,19.239999771118164,19.299999237060547,18.940000534057617,18.979999542236328,27267287,0.0010406065805517173,18.999999618530275,18.736999893188475,17.376999966303508,0.02428634187675659
2024-09-17,19.520000457763672,19.57999992370605,19.13999938964844,19.200000762939453,44239073,0.014553050414575663,19.171999740600587,18.83199987411499,17.399333302179972,0.024223478773190272
2024-09-19,19.799999237060547,19.979999542236328,19.280000686645508,19.459999084472656,127470344,0.014344199422675397,19.339999771118165,18.93799982070923,17.428999948501588,0.024299399627664826
2024-09-20,19.8799991607666,20.200000762939453,19.71999931335449,19.799999237060547,134110539,0.004040400342860462,19.531999588012695,19.055999755859375,17.463999923070272,0.024049150191537763
2024-09-23,20.549999237060547,20.799999237060547,19.84000015258789,19.8799991607666,196007468,0.03370221854013944,19.797999572753906,19.128499698638915,17.509499915440877,0.015522859665555631
2024-09-24,21.200000762939453,21.450000762939453,20.799999237060547,20.89999961853028,231382970,0.03163024574262141,20.189999771118163,19.24749975204468,17.587166579564414,0.01607017082479475
2024-09-25,20.549999237060547,21.850000381469727,20.39999961853028,21.850000381469727,295113558,-0.030660448230511395,20.39599952697754,19.33899974822998,17.654999907811483,0.017911162965987486
2024-09-26,21.5,21.5,20.350000381469727,20.850000381469727,277149964,0.04622874930458343,20.73599967956543,19.46999979019165,17.73566657702128,0.020163401186078313
2024-09-27,21.950000762939453,22.450000762939453,21.14999961853028,21.799999237060547,347881602,0.020930268043695577,21.15,19.61949987411499,17.819833262761435,0.020399743008454038
2024-09-30,22.5,22.950000762939453,21.950000762939453,22.700000762939453,336102598,0.02505691197920923,21.54000015258789,19.80049991607666,17.914166593551634,0.020560867721463694
2024-10-02,24.0,24.64999961853028,22.5,22.5,251108945,0.06666666666666665,22.1,20.02549991607666,18.037166579564413,0.0237659111521588
2024-10-03,24.049999237060547,24.39999961853028,23.200000762939453,24.049999237060547,190305304,0.002083301544189453,22.8,20.27499990463257,18.163666582107545,0.022558578719864275
2024-10-04,24.549999237060547,24.75,23.600000381469727,23.89999961853028,149949209,0.020790021449543783,23.40999984741211,20.543499851226805,18.29949990908305,0.02260073545179466
2024-10-07,25.850000381469727,26.14999961853028,24.700000762939453,24.89999961853028,218062756,0.05295320508388057,24.189999771118163,20.902999877929688,18.46166656812032,0.022274260224093574
2024-10-08,23.700000762939453,26.200000762939453,23.39999961853028,25.89999961853028,453596652,-0.08317213101750964,24.429999923706056,21.160999870300294,18.578666575749715,0.031259218758890886
2024-10-09,23.299999237060547,24.450000762939453,22.549999237060547,23.950000762939453,311173505,-0.01687770097055874,24.289999771118165,21.39499979019165,18.686333227157593,0.031915146694367534
2024-10-10,23.75,24.450000762939453,23.600000381469727,23.799999237060547,168957063,0.019313338097612043,24.229999923706053,21.649499797821044,18.807833242416383,0.03187372207316296
2024-10-14,23.600000381469727,23.700000762939453,22.5,23.700000762939453,179121230,-0.006315773411801007,24.04000015258789,21.8814998626709,18.92883324623108,0.03213818271769102
2024-10-15,23.0,24.049999237060547,22.700000762939453,23.600000381469727,154001004,-0.02542374456658214,23.470000076293946,22.085499858856203,19.032499901453654,0.033067300626242586
2024-10-16,22.700000762939453,23.200000762939453,22.5,22.600000381469727,99985996,-0.01304344508958899,23.270000076293947,22.259499931335448,19.130166578292847,0.033442727203638306
2024-10-17,23.100000381469727,23.75,23.0,23.100000381469727,126553025,0.01762112797737525,23.230000305175782,22.45249996185303,19.239833243687947,0.03344336277889652
2024-10-18,24.549999237060547,24.799999237060547,23.299999237060547,23.299999237060547,198754528,0.06277051219245755,23.39000015258789,22.70399990081787,19.36199990908305,0.035485627477901516
2024-10-21,24.25,25.350000381469727,24.200000762939453,24.75,164914336,-0.012219928569597305,23.520000076293947,22.926499938964845,19.48349992434184,0.035893262693846496
2024-10-22,24.450000762939453,24.799999237060547,24.100000381469727,24.25,91419386,0.008247454141833144,23.810000228881837,23.155000019073487,19.61533325513204,0.03586385595930856
2024-10-23,25.549999237060547,25.89999961853028,24.299999237060547,24.350000381469727,188180918,0.04498971123912754,24.379999923706055,23.405000019073487,19.771166563034058,0.03632552349174329
2024-10-24,25.25,25.64999961853028,25.14999961853028,25.25,108534234,-0.011741653464529045,24.809999847412108,23.607499980926512,19.9193332195282,0.03636005852110718
2024-10-25,25.950000762939453,26.5,25.450000762939453,25.450000762939453,184518253,0.027722802492651688,25.09000015258789,23.87750005722046,20.071499903996784,0.03530195442884389
2024-10-28,25.5,26.39999961853028,25.299999237060547,26.299999237060547,165990392,-0.017341069352958316,25.34000015258789,24.07750005722046,20.224499909083047,0.03494913123903433
2024-10-29,25.850000381469727,26.14999961853028,25.25,25.89999961853028,130524256,0.0137255051556755,25.620000076293945,24.272500038146973,20.374666579564412,0.03485833429683964
2024-10-30,26.0,26.39999961853028,25.350000381469727,25.600000381469727,164014844,0.005802693087687549,25.710000228881835,24.447500038146973,20.529999907811483,0.03465070144424787
2024-10-31,26.700000762939453,27.299999237060547,25.950000762939453,26.0,199192208,0.026923106266901975,26.000000381469725,24.582500076293947,20.706999921798705,0.032147989839630076
2024-11-01,27.299999237060547,27.450000762939453,26.549999237060547,27.0,198123879,0.022471852321214625,26.270000076293947,24.745000076293945,20.89766658147176,0.03234524116351218
2024-11-04,27.299999237060547,28.0,27.100000381469727,27.5,146030485,0.0,26.629999923706055,24.882500076293944,21.0889999071757,0.03220777299633864
2024-11-05,28.200000762939453,28.350000381469727,27.0,27.0,143702336,0.03296708978134788,27.1,25.000000095367433,21.293999926249185,0.03095407219469291
2024-11-06,27.600000381469727,28.350000381469727,27.0,28.100000381469727,179735496,-0.021276608696346178,27.420000076293945,25.195000076293944,21.489999930063885,0.02400841955681629
2024-11-07,27.850000381469727,28.100000381469727,26.600000381469727,27.100000381469727,201079990,0.009057970889299272,27.65,25.422500133514404,21.680833276112875,0.02328839307667489
2024-11-08,28.299999237060547,29.25,27.950000762939453,28.0,220119217,0.016157947914795523,27.85,25.65000009536743,21.87816661198934,0.02322697000726026
2024-11-11,29.299999237060547,29.700000762939453,27.64999961853028,27.75,261301204,0.03533568999855086,28.25,25.935000038146974,22.084833272298177,0.02363988699275168
2024-11-12,28.450000762939453,29.600000381469727,28.25,29.39999961853028,185336411,-0.029010187585464475,28.3,26.207500076293947,22.277999941507975,0.023943473891740827
2024-11-13,28.89999961853028,29.0,27.64999961853028,28.0,145984202,0.015817182549148434,28.559999847412108,26.517500019073488,22.472666613260905,0.02328134869971878
2024-11-14,27.850000381469727,29.0,27.350000381469727,28.5,155298014,-0.03633215401107859,28.559999847412108,26.755000019073485,22.648166624704995,0.02565000456100731
2024-11-15,28.0,28.64999961853028,27.75,28.14999961853028,117132035,0.005385982638265174,28.5,26.92750005722046,22.821166610717775,0.022405830949504244
2024-11-18,28.799999237060547,29.049999237060547,27.600000381469727,28.5,162095850,0.028571401323590928,28.4,27.155000019073487,23.006499926249187,0.0224366428763645
2024-11-19,28.299999237060547,29.350000381469727,27.5,29.14999961853028,209931014,-0.01736111157102349,28.36999969482422,27.347499942779542,23.1861665725708,0.023192263893270823
2024-11-20,28.0,28.14999961853028,27.39999961853028,27.89999961853028,113721056,-0.01060068004057324,28.189999771118163,27.469999980926513,23.334499899546305,0.021761574755219025
2024-11-21,28.14999961853028,28.75,27.75,27.89999961853028,102041844,0.0053571292332244,28.249999618530275,27.614999961853027,23.48999989827474,0.02140997153363921
2024-11-22,28.549999237060547,29.850000381469727,28.0,28.25,254978108,0.014209578115480959,28.359999465942384,27.744999885559082,23.653833230336506,0.020884121737109428
2024-11-25,28.39999961853028,29.299999237060547,27.700000762939453,29.100000381469727,188253473,-0.005253927234279976,28.27999954223633,27.889999866485596,23.812499904632567,0.02037240987014051
2024-11-26,27.200000762939453,28.350000381469727,26.89999961853028,28.0,175996227,-0.042253481398213055,28.059999847412108,27.95749988555908,23.94983326594035,0.022887168987061765
2024-11-27,28.299999237060547,28.39999961853028,26.799999237060547,27.100000381469727,161187829,0.040441119237756284,28.11999969482422,28.07249984741211,24.106833267211915,0.024387852867979697
2024-11-28,27.850000381469727,28.64999961853028,27.700000762939453,28.0,100416130,-0.015901020060859916,28.059999847412108,28.129999828338622,24.24599994023641,0.024197535645803455
2024-11-29,27.75,28.25,27.25,27.850000381469727,116296536,-0.003590677921005092,27.9,28.152499866485595,24.3908332824707,0.023756856679225894
2024-12-02,28.549999237060547,28.75,27.89999961853028,28.25,130374633,0.02882880133551513,27.929999923706056,28.214999866485595,24.54699993133545,0.02454887884994819
2024-12-03,29.100000381469727,29.450000762939453,28.549999237060547,28.850000381469727,169130914,0.019264488935440305,28.309999847412108,28.25999984741211,24.72099994023641,0.02383547971655131
2024-12-04,29.100000381469727,29.549999237060547,28.850000381469727,29.39999961853028,112163595,0.0,28.470000076293946,28.33499984741211,24.89699993133545,0.023216083498912698
2024-12-05,29.450000762939453,29.600000381469727,28.799999237060547,28.950000762939453,106667106,0.012027504360192287,28.79000015258789,28.414999866485594,25.077499930063883,0.023266937366257064
2024-12-06,29.89999961853028,29.950000762939453,29.25,29.5,189456485,0.015280096568184742,29.220000076293946,28.494999885559082,25.26483325958252,0.02324173170639152
2024-12-09,30.950000762939453,31.0,29.450000762939453,29.950000762939453,223798144,0.03511709557877185,29.700000381469728,28.57749996185303,25.4646666208903,0.023225776366740027
2024-12-10,30.950000762939453,32.150001525878906,30.799999237060547,32.150001525878906,193229427,0.0,30.070000457763673,28.70249996185303,25.66516663233439,0.021994704754164474
2024-12-11,30.450000762939453,31.5,30.200000762939453,31.450000762939453,123085951,-0.01615508845475433,30.340000534057616,28.780000019073487,25.852333323160806,0.022285046509669105
2024-12-12,31.600000381469727,31.799999237060547,30.450000762939453,30.64999961853028,145098808,0.03776681739627197,30.770000457763672,28.967500019073487,26.058333333333334,0.021576050271103837
2024-12-13,31.350000381469727,32.150001525878906,31.049999237060547,31.39999961853028,157878633,-0.007911392309558285,31.060000610351562,29.135000038146973,26.255499998728435,0.021817553416944083
2024-12-16,30.350000381469727,31.64999961853028,30.049999237060547,31.5,140659846,-0.03189792624663179,30.940000534057617,29.21250009536743,26.431333351135255,0.022681992821686866
2024-12-17,29.950000762939453,30.75,29.600000381469727,30.549999237060547,133233564,-0.013179558929247825,30.740000534057618,29.29500017166138,26.599166711171467,0.0225042838368745
2024-12-18,30.799999237060547,30.89999961853028,30.049999237060547,30.450000762939453,86680411,0.028380582720147762,30.810000228881837,29.435000133514404,26.7700000445048,0.022941107491566543
2024-12-19,30.799999237060547,31.049999237060547,30.0,30.200000762939453,85886142,0.0,30.65,29.567500114440918,26.930000019073486,0.02296830237549106
2024-12-20,31.64999961853028,32.099998474121094,30.700000762939453,30.700000762939453,204413958,0.02759741566639251,30.70999984741211,29.722500133514405,27.115000025431314,0.023448311369768878
2024-12-23,31.75,32.25,31.450000762939453,32.0,97720054,0.003159569752764657,30.989999771118164,29.89000015258789,27.28583335876465,0.023321714481796506
2024-12-24,32.900001525878906,32.900001525878906,32.900001525878906,32.900001525878906,0,0.03622052050012292,31.579999923706055,30.175000190734863,27.468333371480306,0.021318217339997295
2024-12-27,34.150001525878906,34.95000076293945,33.349998474121094,33.5,263910660,0.03799391921051298,32.250000381469725,30.467500305175783,27.66250006357829,0.021139195166191668
2024-12-30,34.45000076293945,34.95000076293945,33.70000076293945,34.650001525878906,156035423,0.008784750326678914,32.98000068664551,30.797500324249267,27.836666742960613,0.020271665092593243
2024-12-31,34.650001525878906,34.650001525878906,34.650001525878906,34.650001525878906,0,0.005805537257189464,33.58000106811524,31.142500400543213,28.01333344777425,0.020025932196012692
2025-01-02,34.0,34.79999923706055,33.400001525878906,34.79999923706055,182385452,-0.0187590619698369,34.03000106811523,31.415000438690186,28.17083346048991,0.020657525379524325
2025-01-03,36.25,36.29999923706055,34.0,34.45000076293945,338723918,0.06617647058823528,34.70000076293945,31.772500419616698,28.344166787465415,0.024240086289090846
2025-01-06,36.29999923706055,36.84999847412109,35.650001525878906,35.900001525878906,166161841,0.001379289298222064,35.130000305175784,32.13250036239624,28.554166762034097,0.02420812509294102
2025-01-07,34.150001525878906,36.09999847412109,32.75,36.04999923706055,432841993,-0.05922858832973743,35.07000045776367,32.367500400543214,28.735000133514404,0.02889841031601079
2025-01-08,32.79999923706055,34.150001525878906,32.20000076293945,33.70000076293945,298899129,-0.039531544026296106,34.7,32.51250038146973,28.88583345413208,0.030697384725738904
2025-01-09,33.75,34.29999923706055,32.650001525878906,32.70000076293945,171639459,0.028963438568195166,34.65,32.65250034332276,29.05500011444092,0.030410031597699907
2025-01-10,33.54999923706055,34.5,33.400001525878906,33.75,122895840,-0.005925948531539382,34.10999984741211,32.78250026702881,29.230833435058592,0.0304878084805801
2025-01-13,32.79999923706055,33.5,32.29999923706055,33.20000076293945,126426992,-0.022354694994196067,33.40999984741211,32.900000190734865,29.399166742960613,0.03073915673676052
2025-01-14,33.75,34.150001525878906,32.75,32.75,122182323,0.028963438568195166,33.32999954223633,33.00750017166138,29.576666736602782,0.03029256268077513
2025-01-15,33.599998474121094,34.0,33.349998474121094,33.75,79201609,-0.0044444896556713465,33.48999938964844,33.12000007629395,29.72750005722046,0.030232288822076306
2025-01-16,34.349998474121094,34.79999923706055,33.54999923706055,34.099998474121094,137814016,0.022321429585113073,33.609999084472655,33.31999998092651,29.895833365122478,0.029268400392607377
2025-01-17,34.95000076293945,35.0,34.099998474121094,34.400001525878906,94838569,0.017467316316488235,33.88999938964844,33.56999998092651,30.07083336512248,0.028978271121565223
2025-01-20,34.70000076293945,35.79999923706055,34.29999923706055,35.650001525878906,166721242,-0.007153075666455955,34.26999969482422,33.76500005722046,30.223333390553794,0.028761021176150446
2025-01-21,35.900001525878906,36.09999847412109,34.75,35.0,136275839,0.03458215379122076,34.7,34.02000017166138,30.400833415985108,0.02939043835212648
2025-01-22,35.29999923706055,36.20000076293945,35.20000076293945,36.0,106122696,-0.016713154967022525,35.04000015258789,34.20250015258789,30.556666723887126,0.029513253624080006
2025-01-23,34.5,35.75,34.25,35.70000076293945,124771415,-0.02266286839521081,35.07000045776367,34.34000015258789,30.706666723887125,0.030195714528475876
2025-01-24,36.84999847412109,37.29999923706055,34.5,34.75,288470060,0.06811589780061111,35.45,34.5375,30.890000025431316,0.03269295422170062
2025-01-27,37.09999847412109,37.650001525878906,36.54999923706055,37.650001525878906,154106703,0.006784260796525388,35.92999954223633,34.68499984741211,31.075,0.03182836854452764
2025-01-28,38.150001525878906,38.150001525878906,38.150001525878906,38.150001525878906,0,0.0283019702141023,36.37999954223633,34.86999988555908,31.26583334604899,0.03225879515782119
2025-02-03,37.95000076293945,39.20000076293945,37.20000076293945,38.900001525878906,143592266,-0.005242483746790483,36.90999984741211,35.03499984741211,31.443333371480307,0.03234963489655234
2025-02-04,39.54999923706055,40.09999847412109,38.5,38.70000076293945,141166344,0.042160696757708394,37.91999969482422,35.312499809265134,31.647500038146973,0.032853749305115566
2025-02-05,39.650001525878906,39.95000076293945,38.70000076293945,39.95000076293945,165406601,0.002528502926610665,38.48000030517578,35.48249988555908,31.838333384195963,0.02987990197053082
2025-02-06,40.54999923706055,40.70000076293945,39.400001525878906,39.79999923706055,174418873,0.02269855426346523,39.17000045776367,35.694999885559085,32.05416669845581,0.03012637040067944
2025-02-07,42.45000076293945,43.04999923706055,40.54999923706055,40.70000076293945,282921470,0.04685577217329273,40.03000030517578,36.10999984741211,32.29750003814697,0.02724162159855167
2025-02-10,43.75,43.95000076293945,42.150001525878906,42.70000076293945,178623301,0.030624245316751564,41.19000015258789,36.65749988555908,32.55500005086263,0.024757242517115342
2025-02-11,42.54999923706055,44.29999923706055,42.25,44.0,210014328,-0.027428588867187464,41.79000015258789,37.09749984741211,32.77583338419596,0.02622616220424199
2025-02-12,44.09999847412109,44.54999923706055,42.650001525878906,43.900001525878906,196220080,0.03642771480264817,42.67999954223633,37.624999809265134,33.03666667938232,0.026414020381784878
2025-02-13,41.650001525878906,44.59999847412109,41.20000076293945,43.900001525878906,382423053,-0.05555548827694168,42.9,38.06749992370605,33.24916671117147,0.029667970339225372
2025-02-14,44.70000076293945,44.900001525878906,42.04999923706055,42.400001525878906,349956076,0.0732292707160036,43.35,38.61499996185303,33.53000005086263,0.032483731611674165
2025-02-17,45.150001525878906,45.45000076293945,43.54999923706055,45.0,273310085,0.01006713099013079,43.630000305175784,39.19250011444092,33.81583340962728,0.03219568940773634
2025-02-18,48.400001525878906,48.400001525878906,44.70000076293945,45.150001525878906,325734161,0.07198227885191044,44.800000762939455,39.895000267028806,34.14250011444092,0.034586244367609806
2025-02-19,49.45000076293945,49.5,47.0,48.0,243337561,0.021694198428880762,45.870001220703124,40.62000026702881,34.49500013987223,0.03459667320856876
2025-02-20,49.150001525878906,50.900001525878906,48.0,49.45000076293945,275542159,-0.006066718552720118,47.370001220703124,41.34250030517578,34.84750016530355,0.03455582513429665
2025-02-21,51.70000076293945,51.95000076293945,49.70000076293945,50.04999923706055,308362585,0.05188197676286732,48.77000122070312,42.13250026702881,35.24000018437703,0.03520012645767611
2025-02-24,51.59999847412109,52.34999847412109,51.04999923706055,52.20000076293945,208345620,-0.0019342802193932362,50.060000610351565,42.947500228881836,35.624166838328044,0.034560618968177505
2025-02-25,53.20000076293945,53.900001525878906,49.79999923706055,49.79999923706055,332349383,0.031007797211870303,51.02000045776367,43.88250026702881,36.03750019073486,0.03315119916337865
2025-02-26,56.29999923706055,56.79999923706055,53.09999847412109,54.25,395453828,0.05827064717413766,52.39000015258789,44.85500030517578,36.52250016530355,0.03250350777596937
2025-02-27,53.09999847412109,58.70000076293945,51.400001525878906,56.59999847412109,842011809,-0.056838380218538265,53.17999954223633,45.65500030517578,36.93583348592122,0.0368808652030247
2025-02-28,51.84999847412109,55.75,50.650001525878906,55.75,667093154,-0.023540490318642915,53.209999084472656,46.34000015258789,37.33583345413208,0.03797845086528542
2025-03-03,50.95000076293945,53.0,49.54999923706055,52.900001525878906,466253103,-0.017357719144983852,53.07999954223633,46.99000015258789,37.7225001335144,0.038431392450321136
2025-03-04,50.54999923706055,51.59999847412109,48.650001525878906,49.04999923706055,338725813,-0.00785086398212309,52.54999923706055,47.54000015258789,38.08916680018107,0.03823432963893638
2025-03-05,54.20000076293945,54.20000076293945,51.29999923706055,52.0,337625486,0.07220576816948632,52.12999954223633,48.26750011444092,38.507500139872235,0.040342933570698805
2025-03-06,54.900001525878906,56.29999923706055,53.84999847412109,55.29999923706055,375438239,0.012915143045866717,52.49000015258789,48.98500022888184,38.93750015894572,0.04032336505034343
2025-03-07,54.34999847412109,55.5,53.09999847412109,54.59999847412109,355629253,-0.01001827024537616,52.99000015258789,49.58000011444092,39.352500120798744,0.04003944944270593
2025-03-10,52.84999847412109,54.5,52.34999847412109,54.0,223961425,-0.02759889681899863,53.369999694824216,50.035000038146975,39.73500010172526,0.04081394528762719
2025-03-11,53.900001525878906,54.0,50.70000076293945,50.84999847412109,223343033,0.019867607986251423,54.04000015258789,50.60250015258789,40.117500114440915,0.03987376939069673
2025-03-12,52.04999923706055,54.70000076293945,51.5,53.84999847412109,241938609,-0.034322861529607174,53.60999984741211,51.000000190734866,40.46916675567627,0.04078036364659558
2025-03-13,52.84999847412109,53.400001525878906,51.59999847412109,52.04999923706055,187000372,0.01536982226295458,53.199999237060545,51.560000038146974,40.84250005086263,0.03783962918091188
2025-03-14,53.84999847412109,54.59999847412109,52.54999923706055,53.0,229901198,0.01892147642141695,53.099999237060544,52.017499923706055,41.21333335240682,0.03511389714207112
2025-03-17,55.79999923706055,55.79999923706055,53.29999923706055,54.34999847412109,221496225,0.03621171435829429,53.689999389648435,52.54999980926514,41.62083333333333,0.03560242279417051
2025-03-18,57.650001525878906,57.95000076293945,56.150001525878906,56.75,258147732,0.03315416333535803,54.439999389648435,53.01249980926514,42.07583335240682,0.03308548931320921
2025-03-19,58.20000076293945,59.45000076293945,56.400001525878906,57.0,371387356,0.009540316088520129,55.66999969482422,53.44999980926514,42.546666685740156,0.03295720029998657
2025-03-20,56.5,58.650001525878906,56.09999847412109,58.0,254323500,-0.029209634719145505,56.4,53.81749973297119,42.97500003178914,0.033895541833303046
2025-03-21,54.70000076293945,56.84999847412109,54.04999923706055,56.59999847412109,271392247,-0.03185839357629283,56.57000045776367,53.96749973297119,43.37333339055379,0.03329580417921606
2025-03-24,57.0,57.09999847412109,54.900001525878906,55.25,206959960,0.042047517458516204,56.810000610351565,54.23749980926514,43.79583339691162,0.034363951897590526
2025-03-25,53.400001525878906,55.0,53.25,53.84999847412109,1341045814,-0.06315786796703671,55.960000610351564,54.24749984741211,44.15666675567627,0.037038578063987984
2025-03-26,53.95000076293945,54.29999923706055,53.5,53.5,180066074,0.010299610886602695,55.11000061035156,54.12999992370605,44.507500076293944,0.03459630113637289
2025-03-27,51.70000076293945,54.04999923706055,51.400001525878906,53.900001525878906,359693846,-0.04170528207935853,54.150000762939456,54.060000038146974,44.80000006357829,0.03347088400218503
2025-03-28,51.04999923706055,52.150001525878906,49.59999847412109,51.0,369242633,-0.012572563177694396,53.42000045776367,54.02000007629395,45.07666670481364,0.03316723620282038
2025-03-31,49.20000076293945,50.70000076293945,48.45000076293945,50.150001525878906,342788934,-0.036238952042492056,51.86000061035156,53.93250007629395,45.31916669209798,0.03393936238821691
2025-04-01,46.5,50.0,46.09999847412109,49.400001525878906,590405454,-0.05487806343639867,50.48000030517578,53.73000011444092,45.527500025431316,0.03599140730581106
2025-04-02,44.54999923706055,47.5,44.400001525878906,46.0,635758232,-0.04193550027826776,48.6,53.247500038146974,45.66583334604899,0.032195970497773806
2025-04-03,45.900001525878906,46.59999847412109,43.45000076293945,43.79999923706055,449295312,0.03030308219837874,47.44000015258789,52.79750003814697,45.82583338419597,0.033049690849743255
2025-04-07,36.45000076293945,43.25,36.04999923706055,40.20000076293945,1037869822,-0.20588236271869065,44.52000045776367,51.90250015258789,45.86416670481364,0.0551725412282634
2025-04-08,38.900001525878906,39.84999847412109,37.45000076293945,38.54999923706055,715006887,0.06721538303588992,42.460000610351564,51.20500030517578,45.96583340962728,0.05830535434122263
2025-04-09,41.900001525878906,42.400001525878906,36.59999847412109,37.79999923706055,679302084,0.07712081959699146,41.540000915527344,50.60500030517578,46.10166676839193,0.06135269805111088
2025-04-10,43.04999923706055,45.0,42.59999847412109,44.79999923706055,526260423,0.027446245090739785,41.24000091552735,50.15500030517578,46.26000010172526,0.061648528308103114
2025-04-11,44.25,45.45000076293945,42.150001525878906,42.75,357167818,0.027874582676099324,40.91000061035156,49.72500038146973,46.45083344777425,0.061955227544389695
2025-04-14,43.20000076293945,45.45000076293945,42.25,45.20000076293945,422983277,-0.023728796317752487,42.26000061035156,49.19250049591064,46.60833346048991,0.06175462110767725
2025-04-15,43.09999847412109,43.84999847412109,42.04999923706055,43.75,164977321,-0.002314867755839445,43.1,48.55750045776367,46.76666679382324,0.06086464085837165
2025-04-16,41.25,42.95000076293945,40.20000076293945,42.5,315328932,-0.04292339999111361,42.96999969482422,47.73750038146973,46.881666819254555,0.06033994429621416
2025-04-17,41.95000076293945,42.25,40.5,41.25,190654146,0.016969715465198876,42.75,46.92500038146973,46.99833348592122,0.06051981036487768
2025-04-22,44.400001525878906,44.70000076293945,42.20000076293945,42.45000076293945,280722543,0.05840287767298191,42.78000030517578,46.32000045776367,47.16000016530355,0.06252570172591447
2025-04-23,47.45000076293945,47.95000076293945,45.70000076293945,46.75,365404799,0.06869367414960181,43.630000305175784,45.95750045776367,47.35250015258789,0.06467908986912703
2025-04-24,48.20000076293945,48.70000076293945,46.95000076293945,48.0,238445758,0.01580611144237931,44.650000762939456,45.517500495910646,47.56750017801921,0.06393747837867453
2025-04-25,47.70000076293945,48.650001525878906,47.04999923706055,48.54999923706055,166617135,-0.010373443819205241,45.94000091552734,45.23250045776367,47.78750019073486,0.06253937465829752
2025-04-28,47.5,48.34999847412109,47.20000076293945,48.0,90590615,-0.004192888044874943,47.050000762939455,44.9100004196167,47.96500021616618,0.06245349202482271
2025-04-29,47.45000076293945,47.95000076293945,47.0,47.95000076293945,101336853,-0.0010526155170641482,47.66000061035156,44.6975004196167,48.13750025431315,0.061832033603869005
2025-04-30,49.95000076293945,50.0,46.79999923706055,47.25,241882505,0.052687038141264075,48.16000061035156,44.642500495910646,48.33416690826416,0.06297351919214168
2025-05-02,53.09999847412109,53.09999847412109,50.0,50.5,140470309,0.0630630162776451,49.14000015258789,44.837500381469724,48.586666870117185,0.06379638513536275
2025-05-06,51.54999923706055,53.150001525878906,51.400001525878906,53.09999847412109,187805038,-0.029190193627142036,49.90999984741211,45.09000034332275,48.78666687011719,0.0627581739418599
2025-05-07,50.09999847412109,53.5,50.04999923706055,52.59999847412109,236141700,-0.028128046254111694,50.429999542236324,45.367500305175774,48.96083348592122,0.06226320896358495
2025-05-08,50.79999923706055,51.900001525878906,49.650001525878906,49.79999923706055,154551212,0.013972071542098785,51.099999237060544,45.612500190734856,49.131666819254555,0.06206055625869495
2025-05-09,51.34999847412109,51.45000076293945,50.25,51.09999847412109,99875196,0.01082675679765166,51.379998779296876,46.35750007629394,49.28000011444092,0.03663087253545666
2025-05-12,50.59999847412109,51.45000076293945,48.400001525878906,51.45000076293945,356285408,-0.014605647951050682,50.87999877929687,46.94249992370605,49.39416675567627,0.03538204699266984
2025-05-13,48.650001525878906,50.79999923706055,48.20000076293945,50.79999923706055,220529075,-0.038537490257820606,50.29999923706055,47.27999992370605,49.49583346048991,0.033912288603056166
2025-05-14,50.400001525878906,50.45000076293945,48.650001525878906,49.150001525878906,174012139,0.03597122189336632,50.35999984741211,47.647500038146966,49.60083351135254,0.034221284437387894
2025-05-15,50.150001525878906,51.900001525878906,49.70000076293945,50.400001525878906,155216057,-0.004960317310142015,50.23000030517578,47.94250011444091,49.742500178019206,0.034027981390996616
2025-05-16,51.0,51.29999923706055,49.79999923706055,50.0,121417523,0.01694912160037454,50.16000061035156,48.33250007629394,49.84750016530355,0.03331418558044621
2025-05-19,52.34999847412109,52.45000076293945,49.0,50.29999923706055,217541110,0.02647055831609979,50.51000061035156,48.795000076293945,49.96750011444092,0.033427914236521646
2025-05-20,54.79999923706055,54.79999923706055,52.79999923706055,53.0,228019851,0.04680039798187585,51.74000015258789,49.472500038146975,50.074166742960614,0.03189578179031297
2025-05-21,54.45000076293945,55.70000076293945,53.70000076293945,54.95000076293945,189822108,-0.006386833558282179,52.55,50.097500038146975,50.15750007629394,0.03223709452555839
2025-05-22,53.20000076293945,55.0,52.84999847412109,54.70000076293945,199909799,-0.022956840816993895,53.15999984741211,50.5375,50.225000063578285,0.031410073659523696
2025-05-23,53.0,53.900001525878906,52.70000076293945,53.29999923706055,154706274,-0.0037594127832941693,53.55999984741211,50.814999961853026,50.246666717529294,0.028247878124211232
2025-05-26,51.29999923706055,52.79999923706055,51.04999923706055,52.59999847412109,146415432,-0.032075486093197214,53.35,50.96999988555908,50.24166673024495,0.02937257172391948
2025-05-27,51.54999923706055,52.09999847412109,50.5,51.0,125291611,0.004873294419454721,52.7,51.162499809265135,50.21416670481364,0.02919012762332963
2025-05-28,51.75,53.29999923706055,51.5,52.75,202977342,0.0038797432764201556,52.15999984741211,51.374999809265134,50.13833338419597,0.029122413222007676
2025-05-29,51.70000076293945,52.45000076293945,51.04999923706055,51.75,141573959,-0.0009661688320878881,51.85999984741211,51.58749980926514,50.115000089009605,0.029121522133557905
2025-05-30,50.95000076293945,51.34999847412109,49.79999923706055,51.0,206927837,-0.014506769611841608,51.45,51.63749980926514,50.10000012715658,0.027099329745997065
2025-06-02,51.59999847412109,51.900001525878906,49.59999847412109,50.0,90313999,0.01275756038171516,51.50999984741211,51.562499809265134,50.110833422342935,0.0231094200554727
2025-06-03,53.20000076293945,53.29999923706055,51.650001525878906,52.20000076293945,166500674,0.031007797211870303,51.84000015258789,51.64499988555908,50.15500011444092,0.02318914036722159
2025-06-04,53.45000076293945,54.70000076293945,52.84999847412109,53.5,176765410,0.004699248052908889,52.18000030517578,51.8125,50.14250011444092,0.022092831812749746
2025-06-05,54.25,54.25,53.29999923706055,54.0,130837735,0.01496724463314214,52.69000015258789,51.98500003814697,50.13166675567627,0.02211882918607157
2025-06-06,53.09999847412109,54.5,52.79999923706055,54.5,125424396,-0.021198184808827847,53.119999694824216,52.07250003814697,50.110833422342935,0.02271341274847807
2025-06-09,54.150001525878906,54.25,52.84999847412109,53.70000076293945,122376420,0.019774069339560274,53.630000305175784,52.250000190734866,50.132500139872235,0.022697758482498567
2025-06-10,53.45000076293945,54.70000076293945,52.84999847412109,54.70000076293945,115707297,-0.012927068203403724,53.68000030517578,52.49000015258789,50.125000127156575,0.02083936291877421
2025-06-11,54.09999847412109,54.79999923706055,53.34999847412109,53.45000076293945,147412093,0.012160855040292518,53.80999984741211,52.675,50.15916678110759,0.019616370959611072
2025-06-12,52.20000076293945,53.95000076293945,52.04999923706055,53.5,142552461,-0.03512010655768327,53.4,52.777499961853025,50.14833348592122,0.021397952647607105
2025-06-13,51.95000076293945,52.0,50.79999923706055,51.900001525878906,176077650,-0.004789271960652819,53.17000045776367,52.825,50.11666685740153,0.021161314842760088
2025-06-16,54.150001525878906,54.5,51.5,51.95000076293945,220357669,0.04234842599865574,53.17000045776367,52.91500015258789,50.0891668955485,0.02242210723074437
2025-06-17,54.0,54.5,53.59999847412109,54.20000076293945,71275572,-0.0027701112031772723,53.28000030517578,52.875000190734866,50.028333536783855,0.019785769526491075
2025-06-18,53.79999923706055,54.20000076293945,53.45000076293945,53.75,64270680,-0.003703717832212128,53.220000457763675,52.84250011444092,49.955000178019205,0.019753175598935895
2025-06-19,53.04999923706055,54.09999847412109,52.70000076293945,53.59999847412109,92603544,-0.01394052064378759,53.39000015258789,52.83500003814697,49.89750016530355,0.01930955015517744
2025-06-20,54.04999923706055,54.04999923706055,53.0,53.25,88197055,0.01885014164715404,53.80999984741211,52.8875,49.8866668065389,0.01973287716937785
2025-06-23,54.84999847412109,54.95000076293945,53.150001525878906,54.0,138863960,0.014801096176741524,53.949999237060545,53.064999961853026,49.85083344777425,0.018309311078305964
2025-06-24,56.900001525878906,57.20000076293945,55.150001525878906,55.20000076293945,222470141,0.037374714836592604,54.529999542236325,53.33250007629395,49.90916678110759,0.019816975359468306
2025-06-25,56.650001525878906,57.45000076293945,56.400001525878906,57.45000076293945,146460085,-0.004393672992896058,55.1,53.57750015258789,49.95416679382324,0.019930582633182113
2025-06-26,56.900001525878906,57.20000076293945,56.04999923706055,57.150001525878906,126954433,0.004413062546623214,55.87000045776367,53.837500190734865,50.040833473205566,0.019886037810601765
2025-06-27,58.95000076293945,61.45000076293945,58.20000076293945,61.45000076293945,481216668,0.036028105133322,56.85000076293945,54.23750019073486,50.172500165303546,0.020479980656876742
2025-06-30,59.95000076293945,60.0,57.5,59.5,260498936,0.01696352819436564,57.870001220703124,54.65500030517578,50.35166683197021,0.02055807127973407
2025-07-02,60.150001525878906,60.45000076293945,59.59999847412109,60.400001525878906,140611857,0.003336126111662896,58.52000122070312,55.00250034332275,50.57916685740153,0.019826969109911913
2025-07-03,58.09999847412109,60.04999923706055,57.04999923706055,59.75,234219003,-0.03408151288035843,58.810000610351565,55.23500022888184,50.805000178019206,0.021794931182071223
2025-07-04,57.5,58.20000076293945,56.59999847412109,57.5,132200659,-0.010326996383456688,58.93000030517578,55.39750022888184,50.99833348592122,0.021883453326229946
2025-07-07,57.29999923706055,57.400001525878906,56.400001525878906,56.900001525878906,81234333,-0.003478274138077442,58.6,55.60750026702881,51.34583346048991,0.0211940675057439
2025-07-08,58.650001525878906,58.95000076293945,57.25,57.400001525878906,101372801,0.02356024968225845,58.34000015258789,55.832500267028806,51.67500012715657,0.021358408110110617
2025-07-09,57.400001525878906,58.79999923706055,57.09999847412109,58.20000076293945,100963784,-0.02131287242078661,57.79000015258789,56.03000030517578,51.93333346048991,0.0217905825413953
2025-07-10,56.900001525878906,57.75,56.70000076293945,57.5,96327664,-0.008710801162166715,57.550000762939455,56.17000045776367,52.16416683197021,0.02186853864561283
2025-07-11,57.34999847412109,58.20000076293945,57.25,57.5,88544316,0.007908557753509404,57.52000045776367,56.427500343322755,52.382500139872235,0.01998172103449941
2025-07-14,57.29999923706055,57.79999923706055,56.79999923706055,57.5,73284998,-0.0008718263014968475,57.52000045776367,56.69500026702881,52.617500114440915,0.019900739380813263
2025-07-15,57.650001525878906,58.29999923706055,56.54999923706055,57.29999923706055,125984834,0.0061082424690850345,57.32000045776367,56.87000026702881,52.860000165303546,0.017877698655205682
2025-07-16,57.29999923706055,58.400001525878906,57.0,58.20000076293945,103019857,-0.006071158361743434,57.3,57.035000228881835,53.12750015258789,0.017951654701110927
2025-07-17,56.150001525878906,57.25,55.79999923706055,57.09999847412109,165115655,-0.020069768350674644,57.15,57.15250034332276,53.364166831970216,0.01863905343950058
2025-07-18,57.0,57.0,55.84999847412109,56.5,96759733,0.015137995565847717,57.08000030517578,57.35000038146973,53.5741668065389,0.018438235821834507
2025-07-21,57.75,58.400001525878906,56.400001525878906,56.400001525878906,124108750,0.013157894736842035,57.17000045776367,57.5350004196167,53.74583346048991,0.0182358384454541
2025-07-22,57.95000076293945,58.150001525878906,57.5,57.900001525878906,69281026,0.0034632166742762927,57.23000030517578,57.69000053405762,53.90833346048991,0.018040351871818884
2025-07-23,58.400001525878906,58.45000076293945,57.650001525878906,58.34999847412109,109878070,0.007765327989904813,57.45000076293945,57.76500053405762,54.0866668065389,0.01618212211652643
2025-07-24,58.45000076293945,58.75,58.0,58.25,83030716,0.0008561512971603236,57.91000061035156,57.855000495910645,54.26916681925456,0.0161252265611191
2025-07-25,57.400001525878906,58.400001525878906,57.04999923706055,58.400001525878906,115972199,-0.017964058568948782,57.99000091552735,57.88000049591064,54.43500016530355,0.016692592881319215
2025-07-28,56.79999923706055,57.400001525878906,56.54999923706055,57.29999923706055,111282561,-0.010453001269483342,57.800000762939455,57.7725004196167,54.5491668065389,0.014600660500425309
2025-07-29,55.29999923706055,56.70000076293945,54.5,56.650001525878906,244366193,-0.026408451058944515,57.27000045776367,57.54000034332275,54.58583348592122,0.01489230320092008
2025-07-30,54.75,55.650001525878906,54.54999923706055,55.0,134783729,-0.009945736792921211,56.54000015258789,57.270000267028806,54.639166831970215,0.014847643701581575
2025-07-31,53.150001525878906,54.650001525878906,53.04999923706055,54.29999923706055,192541289,-0.029223716422303037,55.48000030517578,57.0225004196167,54.690000216166176,0.014371862127003462
2025-08-01,53.400001525878906,54.20000076293945,52.5,52.79999923706055,125345524,0.004703668726674826,54.68000030517578,56.81750049591064,54.733333587646484,0.01443538151928394
2025-08-04,54.54999923706055,54.79999923706055,53.34999847412109,53.400001525878906,98427945,0.021535537047210118,54.23000030517578,56.68000049591065,54.78666693369548,0.015490814104784879
2025-08-05,54.29999923706055,55.34999847412109,54.09999847412109,54.650001525878906,93018842,-0.004582951484812359,54.03000030517578,56.462500381469724,54.8483336130778,0.014241987200242017
2025-08-06,54.0,54.25,53.650001525878906,54.150001525878906,60265442,-0.005524847905629349,53.880000305175784,56.29250030517578,54.93750025431315,0.013642131281015773
2025-08-07,51.84999847412109,52.79999923706055,51.20000076293945,52.150001525878906,314366077,-0.039814843071831696,53.619999694824216,56.04000015258789,54.961666870117185,0.015915754860264406
2025-08-08,51.25,51.900001525878906,51.150001525878906,51.400001525878906,137470985,-0.011571812763322531,53.189999389648435,55.73500022888184,54.9800001780192,0.01571021377705092
2025-08-11,50.79999923706055,51.45000076293945,50.650001525878906,51.04999923706055,126045702,-0.008780502691501546,52.439999389648435,55.410000228881835,54.97666683197021,0.015687404428854933
2025-08-12,51.70000076293945,52.09999847412109,50.09999847412109,50.54999923706055,143542082,0.01771656573613334,51.91999969482422,55.11250019073486,54.965833536783855,0.01635500394793818
2025-08-13,53.25,53.29999923706055,51.75,52.29999923706055,153181037,0.029980642440756933,51.76999969482422,54.910000228881835,54.940000216166176,0.01815379895100562
2025-08-14,53.20000076293945,53.95000076293945,52.75,53.95000076293945,108675681,-0.000938952808648752,52.04000015258789,54.76250019073486,54.91916688283285,0.01773399004174052
2025-08-15,52.84999847412109,53.0,52.20000076293945,52.59999847412109,109819085,-0.006578990296973619,52.35999984741211,54.555000114440915,54.91333351135254,0.017252634689511603
2025-08-18,53.04999923706055,53.79999923706055,52.29999923706055,52.75,116003641,0.003784309720224366,52.80999984741211,54.320000076293944,54.91416683197021,0.016896202842715816
2025-08-19,52.400001525878906,53.54999923706055,52.20000076293945,53.5,113367681,-0.012252548926099838,52.95,54.04250011444092,54.93250020345052,0.01689143643339944
2025-08-20,52.54999923706055,53.0,51.04999923706055,51.20000076293945,158096364,0.002862551656750645,52.80999984741211,53.75,54.94916687011719,0.016733019115347518
2025-08-21,51.34999847412109,52.54999923706055,51.09999847412109,52.54999923706055,146082650,-0.022835409711921884,52.439999389648435,53.39499988555908,54.94250017801921,0.017121032508135566
2025-08-22,52.54999923706055,52.79999923706055,51.54999923706055,52.0,136883366,0.02336905157931457,52.37999954223633,53.152499771118165,54.95666681925456,0.018107072741495436
2025-08-25,53.5,53.900001525878906,52.5,53.0,177494474,0.01807803571326172,52.46999969482422,52.98749980926514,54.9991668065389,0.018706462162078722
2025-08-26,53.5,53.900001525878906,53.04999923706055,53.5,99660025,0.0,52.689999389648435,52.89749984741211,55.03083349863688,0.01786711897894851
2025-08-27,53.20000076293945,54.650001525878906,52.95000076293945,53.900001525878906,142623874,-0.005607462374963457,52.81999969482422,52.819999885559085,55.03083349863688,0.017785347713421246
2025-08-28,53.09999847412109,53.45000076293945,52.09999847412109,53.20000076293945,122487011,-0.0018797422440646194,53.16999969482422,52.81749973297119,55.025000127156574,0.016531310585378253
2025-08-29,52.84999847412109,53.900001525878906,52.29999923706055,52.900001525878906,124328553,-0.004708098063728627,53.22999954223633,52.7899995803833,55.00166676839193,0.016526816327201172
2025-09-01,54.0,54.34999847412109,53.45000076293945,53.70000076293945,150727171,0.021759726756511277,53.32999954223633,52.76249961853027,55.01666679382324,0.016542536995990714
2025-09-02,55.84999847412109,56.650001525878906,53.5,54.04999923706055,258956888,0.03425923100224226,53.79999923706055,52.8399995803833,55.045000076293945,0.018217892603811663
2025-09-03,54.70000076293945,56.95000076293945,54.5,56.95000076293945,135032978,-0.020590827978527182,54.099999237060544,52.874999618530275,55.06583340962728,0.018827795321948303
2025-09-04,53.45000076293945,55.29999923706055,53.29999923706055,55.09999847412109,105461452,-0.022851919242511287,54.16999969482422,52.95499973297119,55.055000114440915,0.017214233376337058
2025-09-05,53.650001525878906,54.0,52.95000076293945,54.0,106533001,0.0037418290006485666,54.33000030517578,53.07499980926514,55.07916679382324,0.01693295345298095
2025-09-08,54.75,54.900001525878906,53.34999847412109,53.79999923706055,104793576,0.020503232858073428,54.48000030517578,53.27249984741211,55.12583344777425,0.017177211334923604
2025-09-09,56.20000076293945,56.20000076293945,53.79999923706055,54.400001525878906,173784267,0.02648403219980744,54.550000762939455,53.49749984741211,55.16000010172526,0.01765389222315468
2025-09-10,54.95000076293945,56.34999847412109,54.79999923706055,56.04999923706055,141897510,-0.022241992580617542,54.60000076293945,53.58249988555908,55.17583344777425,0.017521689076550048
2025-09-11,54.650001525878906,55.04999923706055,53.54999923706055,54.59999847412109,120401766,-0.005459494684172617,54.84000091552734,53.65499992370606,55.19000015258789,0.017586800758998298
2025-09-12,55.150001525878906,55.650001525878906,54.5,55.29999923706055,137019643,0.009149130577118747,55.140000915527345,53.77000007629395,55.22500019073486,0.017558540863455804
2025-09-15,56.20000076293945,56.5,54.900001525878906,55.29999923706055,127441311,0.01903897022682477,55.43000106811523,53.92750015258789,55.26083354949951,0.01795427696146419
2025-09-16,56.45000076293945,57.0,56.150001525878906,56.5,107755148,0.004448398516123442,55.480001068115236,54.13000011444092,55.28750025431315,0.017590233622159366
2025-09-17,57.84999847412109,57.95000076293945,56.650001525878906,56.84999847412109,172994425,0.024800667710544344,56.060000610351565,54.39500007629395,55.30333353678385,0.018197255885488015
2025-09-18,56.84999847412109,58.400001525878906,55.79999923706055,57.29999923706055,182477097,-0.017286085157760978,56.5,54.670000076293945,55.30666681925456,0.017788646956198244
2025-09-19,56.70000076293945,57.400001525878906,55.70000076293945,57.400001525878906,174859789,-0.002638482237601325,56.80999984741211,54.87750015258789,55.30333347320557,0.017339351599882088
2025-09-22,56.09999847412109,56.650001525878906,55.59999847412109,56.25,108494957,-0.010582050806788423,56.78999938964843,55.007500076293944,55.25583343505859,0.01729453185202894
2025-09-23,55.45000076293945,56.400001525878906,55.0,56.34999847412109,84350249,-0.011586412279163905,56.589999389648426,55.10500011444092,55.180833435058595,0.017575062212936206
2025-09-24,56.900001525878906,57.09999847412109,55.04999923706055,55.45000076293945,118307200,0.026149697799618066,56.4,55.29000015258789,55.12666676839193,0.018278032844260664
2025-09-25,59.45000076293945,59.900001525878906,56.70000076293945,56.900001525878906,328411483,0.044815451119114114,56.92000045776367,55.60750026702881,55.1491668065389,0.020409318633771635
2025-09-26,54.650001525878906,59.0,54.29999923706055,59.0,415512054,-0.08074010387654729,56.51000061035156,55.6975004196167,55.10166683197021,0.028109891035156924
2025-09-29,53.54999923706055,55.95000076293945,52.70000076293945,55.5,332142837,-0.020128129151057106,56.00000076293945,55.67500038146973,55.03916683197021,0.028125231808872164
2025-09-30,54.0,54.400001525878906,53.20000076293945,54.0,211943325,0.008403375711498073,55.710000610351564,55.58250045776367,54.9616668065389,0.027039144966356385
2025-10-02,55.79999923706055,56.5,54.150001525878906,54.150001525878906,101931615,0.03333331920482485,55.49000015258789,55.63750038146973,54.93500010172526,0.027697814315790645
2025-10-03,55.0,56.54999923706055,54.59999847412109,55.79999923706055,62150942,-0.014336904085998858,54.6,55.71500034332276,54.90333340962728,0.027369430969062247
2025-10-06,53.84999847412109,54.79999923706055,53.59999847412109,54.5,52592486,-0.020909118652343905,54.439999389648435,55.72500019073486,54.845000076293935,0.02782828446200447
2025-10-08,53.84999847412109,54.150001525878906,53.04999923706055,53.84999847412109,84169990,0.0,54.49999923706055,55.680000114440915,54.78750006357828,0.027429769389781644
2025-10-09,53.34999847412109,54.70000076293945,53.20000076293945,54.04999923706055,127345006,-0.009285051330879535,54.369998931884766,55.5375,54.71583334604898,0.02673758971322475
2025-10-10,52.04999923706055,52.95000076293945,51.70000076293945,52.79999923706055,168448674,-0.02436737158841984,53.619998931884766,55.392499923706055,54.62833334604898,0.026825298562693105
2025-10-13,49.08000183105469,50.900001525878906,47.5,49.70000076293945,488936850,-0.05706046973178758,52.4359992980957,55.113999938964845,54.51050001780191,0.02948848117038866
2025-10-14,48.619998931884766,50.45000076293945,48.220001220703125,49.2599983215332,219783395,-0.009372511858360633,51.38999938964844,54.787499809265135,54.37083333333332,0.029313070366501128
2025-10-15,49.47999954223633,49.86000061035156,48.959999084472656,49.459999084472656,119162669,0.017688207100876374,50.51599960327148,54.45149974822998,54.2329999923706,0.02925416750870215
2025-10-16,47.70000076293945,49.70000076293945,47.31999969482422,49.65999984741211,248814161,-0.03597410662418177,49.386000061035155,54.01399974822998,54.06216665903727,0.02988868972760114
2025-10-17,45.959999084472656,47.880001068115234,45.7400016784668,47.540000915527344,264728170,-0.036478022025917656,48.168000030517575,53.41949977874756,53.854833285013825,0.02949251770671859
2025-10-20,47.13999938964844,47.68000030517578,46.619998931884766,46.97999954223633,139718028,0.025674506716307555,47.779999542236325,52.93399982452392,53.66633326212564,0.030557203882188556
2025-10-21,46.459999084472656,48.13999938964844,46.29999923706055,48.13999938964844,164163711,-0.014425123334327106,47.347999572753906,52.42199974060058,53.483999888102204,0.030544359176804196
2025-10-22,46.34000015258789,46.7400016784668,45.70000076293945,46.0,121391262,-0.0025828440432507094,46.71999969482422,51.93399982452392,53.30966657002766,0.030581230259223605
2025-10-23,46.7400016784668,47.08000183105469,45.70000076293945,46.02000045776367,106829656,0.008631884431631098,46.52799987792969,51.49849987030029,53.1669999440511,0.030826479645421085
2025-10-24,45.91999816894531,47.400001525878906,45.7400016784668,47.09999847412109,170946122,-0.017543934105147097,46.51999969482422,50.949499702453615,53.01983324686685,0.029806731997034798
2025-10-27,45.79999923706055,46.0,43.880001068115234,45.720001220703125,282836746,-0.002613217261971057,46.25199966430664,50.26699962615967,52.89733320871988,0.026946002386631432
2025-10-28,44.91999816894531,45.47999954223633,44.29999923706055,45.400001525878906,184222833,-0.019213997440488018,45.943999481201175,49.78049945831299,52.755999819437655,0.021773449207788398
2025-10-30,44.15999984741211,45.0,43.5,44.560001373291016,246926143,-0.016918930376506935,45.507999420166016,49.31099948883057,52.582833162943516,0.021702930587681614
2025-10-31,43.20000076293945,44.040000915527344,43.20000076293945,43.59999847412109,139914873,-0.02173910977784832,44.79999923706055,48.77099952697754,52.39783318837483,0.0214490216030801
2025-11-03,44.720001220703125,45.08000183105469,43.79999923706055,43.79999923706055,210374637,0.0351851951601736,44.55999984741211,48.21699962615967,52.24316654205322,0.02165293624381031
2025-11-04,43.41999816894531,44.900001525878906,43.27999877929688,44.720001220703125,136346196,-0.029069834889807078,44.08399963378906,47.637999534606934,52.10266653696695,0.022027610135417357
2025-11-05,43.31999969482422,43.31999969482422,42.15999984741211,42.59999847412109,127723032,-0.002303051090237318,43.763999938964844,47.11149959564209,51.97049986521402,0.022003032341691684
2025-11-06,43.43999862670898,43.70000076293945,42.91999816894531,43.619998931884766,122167159,0.0027700584656074057,43.619999694824216,46.590999603271484,51.84783318837483,0.02208176872303609
2025-11-07,42.2400016784668,43.20000076293945,41.91999816894531,43.20000076293945,175915458,-0.02762424001331265,43.427999877929686,46.03549976348877,51.69016653696695,0.022409198048189628
2025-11-10,42.36000061035156,42.86000061035156,41.68000030517578,42.2400016784668,163981822,0.0028408836912034996,42.955999755859374,45.55099983215332,51.50866654713948,0.022404302247496084
2025-11-11,42.97999954223633,43.41999816894531,42.36000061035156,42.63999938964844,152392565,0.014636424054565556,42.86800003051758,45.2459997177124,51.33833319346109,0.020096174296059366
2025-11-12,43.70000076293945,44.619998931884766,42.86000061035156,43.400001525878906,219603402,0.01675200624410378,42.944000244140625,44.999999809265134,51.185833231608065,0.020733206533554163
2025-11-13,43.5,44.2400016784668,42.900001525878906,43.7599983215332,158595312,-0.004576676417568093,42.95600051879883,44.70099983215332,51.02666657765705,0.020030177713186315
2025-11-14,42.36000061035156,42.86000061035156,42.27999877929688,42.59999847412109,139429210,-0.02620688252065373,42.98000030517578,44.43399982452392,50.85933322906494,0.019375132143072214
2025-11-17,41.959999084472656,42.77999877929688,41.70000076293945,42.400001525878906,131317369,-0.009442906518305372,42.9,44.23399982452393,50.6828332265218,0.01801296765377584
2025-11-18,40.77999877929688,41.77999877929688,40.52000045776367,41.77999877929688,214473888,-0.028122028858967085,42.45999984741211,43.915999794006346,50.5066665649414,0.017289587469540645
2025-11-19,38.81999969482422,40.97999954223633,38.220001220703125,40.0,480542429,-0.04806275485882827,41.48399963378906,43.533999824523924,50.27783323923746,0.01953248439318516
2025-11-20,37.70000076293945,38.86000061035156,37.29999923706055,38.79999923706055,348136827,-0.0288510803887021,40.32399978637695,43.101999855041505,50.014499918619784,0.01997343477330041
2025-11-21,38.08000183105469,38.900001525878906,36.619998931884766,36.79999923706055,417607492,0.010079603724803876,39.46800003051758,42.6689998626709,49.75749994913736,0.020047280353783527
2025-11-24,38.65999984741211,38.93999862670898,37.7599983215332,38.79999923706055,236144311,0.015231039613144759,38.80800018310547,42.30599994659424,49.51516660054524,0.020726337460396472
2025-11-25,40.34000015258789,41.09999847412109,39.58000183105469,39.79999923706055,317034207,0.0434557763012573,38.720000457763675,42.032999992370605,49.30249996185302,0.023739817560619405
2025-11-26,40.09999847412109,41.119998931884766,39.900001525878906,40.58000183105469,200500143,-0.005949471431804354,38.976000213623045,41.7920000076294,49.08999996185302,0.023537384760376617
2025-11-27,41.09999847412109,41.79999923706055,40.220001220703125,40.2400016784668,209296970,0.024937656809272957,39.655999755859376,41.638999938964844,48.8749999364217,0.02430713392726602
2025-11-28,41.02000045776367,41.20000076293945,40.619998931884766,41.18000030517578,85614446,-0.0019464238279177648,40.24399948120117,41.52999992370606,48.627833302815745,0.0239168074217264
2025-12-01,40.29999923706055,41.27999877929688,39.84000015258789,41.2400016784668,195409729,-0.017552443019703934,40.57199935913086,41.30899982452392,48.38783327738443,0.022425652084781773
2025-12-02,40.70000076293945,41.29999923706055,40.08000183105469,40.540000915527344,140246380,0.009925596363561606,40.64399948120117,41.172999954223634,48.17533327738443,0.021907447963869352
2025-12-03,40.220001220703125,40.93999862670898,40.09999847412109,40.70000076293945,107270957,-0.011793600325270881,40.668000030517575,41.01800003051758,47.95149993896484,0.021994160627660665
2025-12-04,41.97999954223633,42.15999984741211,40.18000030517578,40.34000015258789,186514763,0.04375928065927681,40.844000244140624,40.945000076293944,47.738666598002105,0.0243863501816661
2025-12-05,42.77999877929688,43.18000030517578,41.29999923706055,41.70000076293945,274587981,0.019056675697570524,41.19599990844726,40.971999931335446,47.51499989827473,0.023977378264804672
2025-12-08,42.58000183105469,43.63999938964844,42.02000045776367,42.91999816894531,242628730,-0.004675010611243424,41.652000427246094,40.98299999237061,47.308833249409986,0.024004381462547856
2025-12-09,41.2599983215332,42.880001068115234,41.02000045776367,42.47999954223633,182989838,-0.03100055079280839,41.763999938964844,40.89699993133545,47.08566652933756,0.0247506448837953
2025-12-10,41.77999877929688,41.93999862670898,40.86000061035156,41.31999969482422,113257196,0.01260301693934629,42.0759994506836,40.80099983215332,46.86283315022786,0.024604370133145197
2025-12-11,42.18000030517578,42.459999084472656,41.59999847412109,41.77999877929688,123140679,0.00957399563345862,42.11599960327148,40.73499984741211,46.6291664759318,0.024728209085690636
2025-12-12,42.959999084472656,43.59999847412109,42.18000030517578,42.65999984741211,243323268,0.018492147312790808,42.15199966430664,40.76499977111816,46.404333114624016,0.024371166405146336
2025-12-15,41.84000015258789,42.59999847412109,41.720001220703125,42.29999923706055,132614562,-0.026070739193511216,42.00399932861328,40.758999824523926,46.13749980926513,0.02502062268052081
2025-12-16,40.900001525878906,41.5,40.29999923706055,41.29999923706055,145947185,-0.022466506292563748,41.93199996948242,40.76499996185303,45.87166652679443,0.024714312744126173
2025-12-17,41.220001220703125,41.459999084472656,40.400001525878906,41.27999877929688,101356700,0.007823953126792516,41.82000045776367,40.88500003814697,45.61366653442382,0.02194645132124512
2025-12-18,40.20000076293945,40.43999862670898,39.900001525878906,40.380001068115234,128195819,-0.02474527965931661,41.4240005493164,41.01000003814697,45.3486665725708,0.021647720123877705
2025-12-19,40.540000915527344,40.63999938964844,39.900001525878906,40.43999862670898,108587118,0.008457715077989203,40.94000091552734,41.13299999237061,45.10016657511393,0.02162455184336299
2025-12-22,39.79999923706055,40.619998931884766,39.5,40.380001068115234,165917014,-0.018253617704862113,40.53200073242188,41.189999961853026,44.81516653696696,0.021950531565067044
2025-12-23,39.20000076293945,39.7599983215332,39.060001373291016,39.70000076293945,127074303,-0.015075338834740326,40.19200057983399,41.13299999237061,44.47766653696696,0.019893281736288206
2025-12-24,39.20000076293945,39.20000076293945,39.20000076293945,39.20000076293945,0,0.0,39.78800048828125,41.08800010681152,44.220166524251304,0.01986369081271353
2025-12-29,38.58000183105469,39.959999084472656,37.93999862670898,38.68000030517578,195594721,-0.015816298974946075,39.4640007019043,40.9620002746582,43.970666567484535,0.019145915855353256
2025-12-30,39.36000061035156,39.720001220703125,38.459999084472656,38.58000183105469,107157354,0.020217696793083606,39.22800064086914,40.8790002822876,43.72666657765706,0.019838144370898304
2025-12-31,39.20000076293945,39.20000076293945,39.20000076293945,39.20000076293945,0,-0.004065036710645509,39.108000946044925,40.82400035858154,43.44999993642171,0.019503655555165134
2026-01-02,40.27999877929688,40.5,39.220001220703125,39.400001525878906,61202300,0.02755096926881917,39.32400054931641,40.80300025939941,43.20466658274333,0.020410081551124334
2026-01-05,39.34000015258789,40.59999847412109,39.13999938964844,40.59999847412109,159063197,-0.02333661010913768,39.3520004272461,40.75900020599365,42.96283327738444,0.020908680280432457
2026-01-06,38.7599983215332,39.400001525878906,38.7400016784668,39.220001220703125,196715183,-0.014743310340748272,39.3879997253418,40.5980001449585,42.71133327484131,0.018256248754617347
2026-01-07,38.15999984741211,39.20000076293945,38.02000045776367,38.7599983215332,190926334,-0.015479837463970303,39.1479995727539,40.36700019836426,42.458166631062824,0.017599706374876702
2026-01-08,38.02000045776367,38.18000030517578,37.29999923706055,38.0,173278787,-0.003668747122857585,38.91199951171875,40.13900012969971,42.22433331807454,0.01760377856040156
2026-01-09,37.81999969482422,38.5,37.63999938964844,38.08000183105469,124268815,-0.005260409272262678,38.41999969482422,39.96700019836426,42.03666661580404,0.01655075934794395
2026-01-12,38.7400016784668,38.7599983215332,37.18000030517578,37.7400016784668,213876786,0.024325806215394596,38.3,39.81500034332275,41.871999994913736,0.0173651822439685
2026-01-13,37.97999954223633,39.47999954223633,37.880001068115234,39.27999877929688,209118651,-0.019618020219470123,38.14400024414063,39.60500030517578,41.68033332824707,0.017423941327186387
2026-01-14,37.77999877929688,38.47999954223633,37.58000183105469,37.97999954223633,176626667,-0.005265949587941243,38.06800003051758,39.346000289916994,41.51499996185303,0.016518147360586544
2026-01-15,37.86000061035156,38.2400016784668,37.36000061035156,37.77999877929688,116208908,0.0021175710333405373,38.03600006103515,39.147000312805176,41.37999998728434,0.01593232421540632
2026-01-16,37.09999847412109,38.36000061035156,37.0,38.0,197999131,-0.020074012783366846,37.89199981689453,38.957000160217284,41.21266663869222,0.015801657620004936
2026-01-19,36.47999954223633,36.81999969482422,36.220001220703125,36.619998931884766,182457077,-0.01671156219365444,37.439999389648435,38.72000007629394,41.04633331298828,0.015726702490511325
2026-01-20,35.47999954223633,36.63999938964844,35.439998626708984,36.02000045776367,224571684,-0.027412281045733233,36.939999389648435,38.484000015258786,40.865333302815756,0.015904562554763385
2026-01-21,35.41999816894531,35.7400016784668,34.5,35.099998474121094,266881560,-0.0016911323017236857,36.46799926757812,38.22799987792969,40.676666577657066,0.015573924313249618
2026-01-22,35.2400016784668,35.79999923706055,34.720001220703125,35.7400016784668,134701337,-0.005081775826751178,35.943999481201175,38.0,40.49866663614909,0.015332389534000207
2026-01-23,36.2400016784668,36.43999862670898,35.5,35.5,178365582,0.02837684314331468,35.77200012207031,37.852000045776364,40.33933334350586,0.016963739264150547
2026-01-26,35.220001220703125,36.36000061035156,35.02000045776367,36.36000061035156,156493519,-0.02814570669210925,35.52000045776367,37.653000068664554,40.177666727701826,0.017781257385536046
2026-01-27,35.560001373291016,35.7599983215332,35.0,35.2400016784668,113268822,0.009653609903568894,35.53600082397461,37.50200004577637,40.03433341979981,0.017891811619601048
2026-01-28,36.31999969482422,36.31999969482422,35.380001068115234,35.560001373291016,149736767,0.02137228043258843,35.71600112915039,37.35,39.91966673533122,0.0179754448814111
2026-01-29,36.619998931884766,37.5,35.619998931884766,35.959999084472656,181865895,0.008259890957633909,35.992000579833984,37.22099990844727,39.78466669718424,0.018178092173975303
2026-01-30,35.5,36.400001525878906,35.5,36.20000076293945,142212291,-0.03058435184468533,35.844000244140624,36.98199996948242,39.65266672770182,0.017635003189554008
2026-02-02,35.060001373291016,35.36000061035156,34.36000061035156,35.20000076293945,184610777,-0.012394327512929126,35.8120002746582,36.76800003051758,39.515000089009604,0.01723897581532915
2026-02-03,34.599998474121094,35.279998779296875,34.36000061035156,34.81999969482422,141720849,-0.01312044726616457,35.619999694824216,36.560000038146974,39.367666753133136,0.01719744916927145
2026-02-04,33.959999084472656,34.599998474121094,33.70000076293945,34.52000045776367,181137056,-0.018497093002102893,35.1479995727539,36.35,39.2296667098999,0.017302332543300925
2026-02-05,34.91999816894531,35.13999938964844,33.31999969482422,33.79999923706055,203360331,0.02826852503984867,34.80799942016601,36.194999885559085,39.105666669209796,0.018897125654646744
2026-02-06,35.18000030517578,35.47999954223633,34.29999923706055,34.31999969482422,134239254,0.007445651485219473,34.74399948120117,36.06299991607666,38.97566668192545,0.019067955535055522
2026-02-09,35.20000076293945,35.619998931884766,34.97999954223633,35.380001068115234,123593633,0.0005685178394023715,34.77199935913086,35.885999870300296,38.83400001525879,0.01795479014316068
2026-02-10,35.58000183105469,36.15999984741211,35.459999084472656,35.5,107406481,0.0107954846556515,34.96800003051758,35.765999984741214,38.702000045776366,0.017906143650386886
2026-02-11,37.09999847412109,37.5,35.52000045776367,35.79999923706055,223116919,0.04272053301975176,35.59599990844727,35.73199996948242,38.61433334350586,0.020612006622652605
2026-02-12,36.52000045776367,37.2599983215332,36.29999923706055,37.09999847412109,143588099,-0.01563337035611978,35.91600036621094,35.66499996185303,38.52366669972738,0.020864621395459554
2026-02-13,36.84000015258789,37.0,35.779998779296875,36.29999923706055,127717263,0.008762313549100398,36.24800033569336,35.65200004577637,38.458000055948894,0.020513789186355984
2026-02-16,36.5,36.5,36.5,36.5,0,-0.00922910290932799,36.508000183105466,35.653000068664554,38.419333394368486,0.020262588043223114
2026-02-20,35.36000061035156,36.86000061035156,35.31999969482422,36.65999984741211,93269892,-0.031232859990368178,36.46399993896485,35.64700012207031,38.38033339182536,0.020552755773687693
2026-02-23,36.560001373291016,36.7599983215332,35.70000076293945,35.86000061035156,85749873,0.03393667257426891,36.35600051879883,35.704000282287595,38.35500005086263,0.02189578752811239
2026-02-24,35.7400016784668,36.47999954223633,35.439998626708984,36.08000183105469,142300259,-0.022428874836511126,36.20000076293945,35.7290002822876,38.30633341471354,0.022517988980104448
2026-02-25,35.599998474121094,36.02000045776367,35.439998626708984,35.7400016784668,95406041,-0.003917269103824728,35.95200042724609,35.697000122070314,38.2273333867391,0.0215859458615733
2026-02-26,35.18000030517578,36.29999923706055,35.18000030517578,35.7599983215332,122377342,-0.011797701880538636,35.68800048828125,35.695000076293944,38.14533341725667,0.020785440779711003
2026-02-27,34.900001525878906,35.2400016784668,34.619998931884766,34.900001525878906,136362387,-0.007959032884251593,35.59600067138672,35.66200008392334,38.04200013478597,0.020734528195155328
2026-03-02,33.13999938964844,34.36000061035156,33.0,34.20000076293945,316564745,-0.05042985843210923,34.912000274658205,35.50300006866455,37.91066678365072,0.02281714121514249
2026-03-03,31.57999992370605,33.15999984741211,31.459999084472656,33.13999938964844,279341876,-0.0470730082882761,34.079999923706055,35.25100011825562,37.76533346176147,0.024503412469372394
2026-03-04,32.0,32.560001373291016,31.200000762939453,31.459999084472656,205303841,0.013299559129468896,33.36000022888184,35.076000118255614,37.620333449045816,0.024252384740352854
2026-03-05,32.20000076293945,33.040000915527344,32.099998474121094,32.560001373291016,134042468,0.00625002384185791,32.76400032043457,34.93300008773804,37.48666677474976,0.024307249783968733
2026-03-06,33.41999816894531,34.13999938964844,31.979999542236328,32.47999954223633,293556057,0.03788811730122732,32.467999649047854,34.87400007247925,37.34400008519491,0.025918522920956602
2026-03-09,33.68000030517578,33.81999969482422,32.560001373291016,32.68000030517578,176802011,0.007779836938233808,32.57599983215332,34.860000133514404,37.192333443959555,0.025671766418460844
2026-03-10,33.619998931884766,34.560001373291016,33.2400016784668,34.560001373291016,144887256,-0.001781513442617011,32.98399963378906,34.79500017166138,37.043000062306724,0.024788259959561944
2026-03-11,33.34000015258789,33.97999954223633,33.13999938964844,33.619998931884766,127324683,-0.008328339922442085,33.25199966430664,34.703000164031984,36.9110000928243,0.024736131693284435
2026-03-12,33.29999923706055,33.720001220703125,33.0,33.08000183105469,78757356,-0.001199787502827565,33.47199935913086,34.608000087738034,36.76966676712036,0.024728157505493207
2026-03-13,33.31999969482422,33.68000030517578,32.779998779296875,33.29999923706055,90631843,0.0006006143610182146,33.45199966430664,34.494999980926515,36.62200009028117,0.024544514735466986
2026-03-16,35.20000076293945,35.279998779296875,33.400001525878906,33.52000045776367,227090440,0.056422601600661704,33.75599975585938,34.40000009536743,36.492666784922285,0.026033592676789535
2026-03-17,35.36000061035156,36.619998931884766,35.220001220703125,35.400001525878906,206256757,0.004545450112051208,34.104000091552734,34.34200010299683,36.38466679255168,0.02588036892455113
2026-03-18,35.13999938964844,35.79999923706055,34.560001373291016,35.380001068115234,138424731,-0.0062217538717666,34.46399993896485,34.257000064849855,36.28866675694783,0.025790640284741474
2026-03-19,36.31999969482422,37.18000030517578,35.70000076293945,36.060001373291016,348023057,0.03357997511870714,35.06800003051758,34.24800004959106,36.20700006484985,0.026914856286972048
2026-03-20,33.20000076293945,35.63999938964844,33.20000076293945,35.5,396613712,-0.08590305501377471,35.044000244140626,34.14000005722046,36.09033339818318,0.03246759439444716
2026-03-23,32.060001373291016,33.040000915527344,31.6200008392334,32.900001525878906,252029044,-0.03433733022443175,34.41600036621094,33.91500005722046,35.94900007247925,0.032005737643136606
2026-03-24,32.68000030517578,32.86000061035156,32.060001373291016,32.400001525878906,167841875,0.019338705718249916,33.880000305175784,33.76199998855591,35.830333423614505,0.03224259791926683
2026-03-25,32.52000045776367,32.939998626708984,31.520000457763672,32.040000915527344,313561967,-0.0048959561174413135,33.35600051879883,33.608000087738034,35.71900008519491,0.032243268823636304
2026-03-26,32.439998626708984,33.18000030517578,32.220001220703125,32.36000061035156,200494255,-0.002460080871111714,32.58000030517578,33.471000003814694,35.6063333829244,0.03219214897818662
2026-03-27,33.0,33.400001525878906,31.920000076293945,32.29999923706055,143817444,0.01726268178168011,32.54000015258789,33.37599992752075,35.51333335240682,0.03250261981017311
2026-03-30,32.380001068115234,32.619998931884766,32.040000915527344,32.29999923706055,146061694,-0.018787846420750487,32.604000091552734,33.338000011444095,35.397000026702884,0.03075901630206891
2026-03-31,31.76000022888184,32.86000061035156,31.520000457763672,32.380001068115234,173246657,-0.019147647275525093,32.420000076293945,33.34700002670288,35.27300001780192,0.029134129050499454
2026-04-01,32.02000045776367,32.63999938964844,31.57999992370605,32.36000061035156,158899200,0.008186405132497354,32.320000076293944,33.348000049591064,35.1353333791097,0.029039984444032226
2026-04-02,30.8799991607666,31.71999931335449,30.520000457763672,31.700000762939453,260224828,-0.03560278827918195,32.008000183105466,33.28199996948242,34.99433336257935,0.030088290523284322
2026-04-08,32.7599983215332,32.7599983215332,31.540000915527344,31.540000915527344,256433453,0.060880803492869395,31.95999984741211,33.248999977111815,34.894333362579346,0.03205369399876658
2026-04-09,31.36000061035156,32.34000015258789,31.280000686645508,32.31999969482422,168319928,-0.04273497505832968,31.755999755859374,33.13299999237061,34.78100004196167,0.03333138880234063
2026-04-10,30.89999961853028,31.959999084472656,30.84000015258789,31.420000076293945,168300156,-0.014668398688405526,31.583999633789062,32.99700002670288,34.66233336130778,0.03343041394537583
2026-04-13,30.65999984741211,30.76000022888184,30.26000022888184,30.700000762939453,118774442,-0.007766982979968917,31.31199951171875,32.86300001144409,34.543000030517575,0.03342653555680233
2026-04-14,30.8799991607666,31.26000022888184,30.440000534057617,31.15999984741211,108582040,0.007175450569125275,31.31199951171875,32.74200000762939,34.411999988555905,0.033511141907067145
2026-04-15,30.89999961853028,31.34000015258789,30.63999938964844,31.200000762939453,105366843,0.0006476832353379258,30.939999771118163,32.6210000038147,34.293999989827476,0.033511426493107406
2026-04-16,32.060001373291016,32.220001220703125,31.059999465942383,31.059999465942383,183635718,0.03754051032625583,31.079999923706055,32.46400003433227,34.198666699727376,0.0319732508516991
2026-04-17,32.0,32.18000030517578,31.31999969482422,31.780000686645508,119020532,-0.0018715337093216933,31.3,32.2960000038147,34.101000022888186,0.0319133460119486
2026-04-20,32.31999969482422,32.939998626708984,31.84000015258789,32.02000045776367,125873323,0.009999990463256836,31.631999969482422,32.15500001907348,34.02133337656657,0.0320727401288685
2026-04-21,32.400001525878906,32.58000183105469,32.02000045776367,32.31999969482422,72569687,0.0024753042020448923,31.936000442504884,31.95900011062622,33.95333340962728,0.03090381537669565
2026-04-22,31.799999237060547,32.20000076293945,31.71999931335449,32.18000030517578,81506568,-0.01851858828892705,32.11600036621094,31.889000034332277,33.89200007120768,0.024695777502693306
2026-04-23,31.18000030517578,31.799999237060547,30.84000015258789,31.799999237060547,135471125,-0.019496822225146593,31.940000152587892,31.844999980926513,33.821333440144855,0.023878134821913935
2026-04-24,31.200000762939453,31.34000015258789,30.799999237060547,31.0,77321253,0.0006414514935189075,31.780000305175783,31.7710000038147,33.75400009155273,0.023396044883906477
2026-04-27,31.100000381469727,31.34000015258789,30.6200008392334,31.200000762939453,88584715,-0.00320514035334607,31.536000442504882,31.7,33.66833340326945,0.023388300320728726
2026-04-28,29.920000076293945,31.200000762939453,29.89999961853028,31.100000381469727,211802864,-0.03794213153382653,31.04000015258789,31.574000072479247,33.58000005086263,0.02473423501125843
2026-04-29,30.13999938964844,30.36000061035156,29.700000762939453,29.920000076293945,167446422,0.007352918208339387,30.70800018310547,31.43100004196167,33.48966668446859,0.024388051317339815
2026-04-30,29.020000457763672,29.8799991607666,28.799999237060547,29.81999969482422,284581634,-0.037159885685645766,30.276000213623046,31.263000011444092,33.36800003051758,0.025293944103443277
2026-05-04,30.979999542236328,32.13999938964844,29.059999465942383,29.059999465942383,234369711,0.06753959522934116,30.231999969482423,31.223999977111816,33.274000040690105,0.02979743556367674
2026-05-05,30.459999084472656,30.920000076293945,29.84000015258789,30.799999237060547,110953102,-0.016785037619343246,30.10399971008301,31.145999908447266,33.19000002543132,0.029922819253360235
2026-05-06,30.81999969482422,31.18000030517578,30.299999237060547,30.520000457763672,208359203,0.011818799119238221,30.283999633789062,31.142999935150147,33.119333330790205,0.028990565708321668
2026-05-07,31.1200008392334,31.479999542236328,30.76000022888184,31.21999931335449,142253475,0.009733976229064023,30.479999923706053,31.061000061035156,33.06133337020874,0.0253982775855681
2026-05-08,31.68000030517578,31.920000076293945,30.86000061035156,31.020000457763672,132137552,0.01799484096531212,31.011999893188477,31.077000045776366,33.023333390553795,0.023890266319383565
2026-05-11,31.700000762939453,32.0,31.07999992370605,31.520000457763672,113289085,0.0006313275748424108,31.1560001373291,31.117000102996826,32.96966676712036,0.02361306561909353
