Date,Close,Volume,Open,High,Low,Daily_Return,MA_5,MA_20,MA_60,Volatility_20
2010-03-01,29.86,137312041,29.39,29.93,29.35,,29.86,29.86,29.86,
2010-03-02,29.84,141486282,29.99,30.12,29.68,-0.0006697923643670389,29.85,29.85,29.85,
2010-03-03,29.9,92846488,29.85,29.98,29.71,0.002010723860589758,29.866666666666664,29.866666666666664,29.866666666666664,0.0018954111997475163
2010-03-04,30.1,89591907,29.9,30.13,29.8,0.006688963210702337,29.925,29.925,29.925,0.003724298015796915
2010-03-05,31.28,224647427,30.71,31.39,30.66,0.03920265780730903,30.195999999999998,30.195999999999998,30.195999999999998,0.018514442434610662
2010-03-08,31.3,107326832,31.43,31.44,31.18,0.0006393861892584063,30.484,30.38,30.38,0.01679394646813869
2010-03-09,31.86,229908139,31.19,32.14,31.13,0.017891373801916854,30.887999999999998,30.59142857142857,30.59142857142857,0.015399935711018943
2010-03-10,32.12,148907755,31.98,32.21,31.89,0.008160703075957176,31.332,30.7825,30.7825,0.014097927594607994
2010-03-11,32.21,101209110,31.99,32.21,31.9,0.0028019925280200475,31.753999999999998,30.941111111111113,30.941111111111113,0.013337275949307038
2010-03-12,32.37,103841951,32.48,32.53,32.25,0.004967401428127793,31.971999999999998,31.083999999999996,31.083999999999996,0.012570704184091326
2010-03-15,31.98,123005437,32.2,32.21,31.46,-0.012048192771084265,32.108000000000004,31.165454545454544,31.165454545454544,0.013604855964932456
2010-03-16,32.06,111581993,32.03,32.14,31.79,0.00250156347717323,32.148,31.24,31.24,0.012976656816877482
2010-03-17,32.02,112501374,32.13,32.35,31.9,-0.0012476606363068798,32.128,31.299999999999997,31.299999999999997,0.01257630752676792
2010-03-18,32.09,85156076,32.01,32.14,31.8,0.0021861336664583675,32.104,31.356428571428573,31.356428571428573,0.012085070458116479
2010-03-19,31.75,139669082,32.11,32.18,31.6,-0.010595200997195464,31.98,31.38266666666667,31.38266666666667,0.01239353885794375
2010-03-22,32.11,113828294,31.5,32.29,31.45,0.011338582677165254,32.006,31.428125,31.428125,0.012073915657535293
2010-03-23,32.62,150384825,32.23,32.68,32.01,0.015882902522578624,32.118,31.49823529411765,31.49823529411765,0.011982060390855575
2010-03-24,32.77,149419805,32.52,32.89,32.5,0.004598405885959611,32.268,31.56888888888889,31.56888888888889,0.011604158566034714
2010-03-25,32.38,135463131,32.99,33.0,32.32,-0.011901129081477002,32.326,31.61157894736842,31.61157894736842,0.01198540578882547
2010-03-26,32.99,159986658,32.71,33.14,32.65,0.018838789376158127,32.574,31.680500000000002,31.680500000000002,0.012098458072798454
2010-03-29,33.2,130887089,33.29,33.41,33.09,0.006365565322825173,32.792,31.847500000000004,31.752857142857145,0.011778056035819717
2010-03-30,33.69,131326339,33.8,33.93,33.46,0.014759036144578186,33.006,32.04,31.84090909090909,0.011865857813544076
2010-03-31,33.57,107438412,33.64,33.8,33.49,-0.003561887800534236,33.166,32.2235,31.91608695652174,0.01203247997493884
2010-04-01,33.71,150568295,33.93,34.1,33.25,0.00417039022937149,33.432,32.403999999999996,31.99083333333333,0.012036674658954133
2010-04-05,34.07,170363601,33.57,34.07,33.54,0.01067932364283597,33.648,32.5435,32.074,0.009225672959371774
2010-04-06,34.22,111431983,34.03,34.32,33.86,0.0044027003228646056,33.852,32.6895,32.15653846153846,0.009184911090528637
2010-04-07,34.37,156909177,34.25,34.56,34.09,0.0043834015195791665,33.988,32.815000000000005,32.23851851851852,0.00862892443937236
2010-04-08,34.28,142899723,34.35,34.51,34.01,-0.0026185627000290257,34.13,32.923,32.31142857142857,0.008680944104343351
2010-04-09,34.54,83443105,34.49,34.56,34.35,0.0075845974329054044,34.29600000000001,33.0395,32.388275862068966,0.00873236341221619
2010-04-12,34.61,83236885,34.6,34.72,34.54,0.002026635784597497,34.404,33.1515,32.46233333333333,0.0087317212326354
2010-04-13,34.63,76184103,34.55,34.69,34.44,0.0005778676683041439,34.486000000000004,33.284,32.53225806451613,0.007981176954328859
2010-04-14,35.1,100827750,35.04,35.12,34.87,0.01357204735778228,34.632000000000005,33.436,32.6125,0.008249798421238375
2010-04-15,35.56,93876048,35.11,35.58,35.07,0.013105413105413133,34.888,33.613,32.70181818181818,0.008340679250178928
2010-04-16,35.34,187514026,35.51,35.88,34.94,-0.00618672665916753,35.048,33.7755,32.779411764705884,0.00870675336647679
2010-04-19,35.3,141571402,35.29,35.41,34.54,-0.0011318619128467544,35.186,33.952999999999996,32.85142857142857,0.008054729672218975
2010-04-20,34.94,177792843,35.51,35.61,34.71,-0.010198300283286055,35.248000000000005,34.0945,32.909444444444446,0.00863024902840439
2010-04-21,37.03,245072944,36.97,37.18,36.53,0.05981682884945627,35.634,34.315,33.02081081081081,0.01499025955575413
2010-04-22,38.07,197849809,36.89,38.11,36.6,0.02808533621388065,36.136,34.58,33.153684210526315,0.01573775838519087
2010-04-23,38.69,198906390,38.28,38.88,38.14,0.016285789335434675,36.806,34.8955,33.295641025641025,0.01514685765545044
2010-04-26,38.5,119378876,38.84,38.92,38.31,-0.004910829671749717,37.446,35.171,33.42575,0.015269331489261323
2010-04-27,37.43,176955713,38.18,38.26,37.22,-0.027792207792207813,37.944,35.3825,33.52341463414634,0.017229761910990928
2010-04-28,37.37,189375537,37.61,37.71,36.63,-0.0016029922522041717,38.012,35.566500000000005,33.614999999999995,0.01718799605662041
2010-04-29,38.38,139522502,37.57,38.57,37.43,0.027027027027027195,38.074,35.807,33.72581395348837,0.01770780704947624
2010-04-30,37.3,135421971,38.47,38.65,37.29,-0.028139656070870434,37.79600000000001,35.9865,33.80704545454545,0.01936294930359124
2010-05-03,38.05,113343684,37.69,38.27,37.55,0.020107238605898026,37.706,36.185500000000005,33.90133333333333,0.019615246792659784
2010-05-04,36.95,180620564,37.56,37.61,36.68,-0.028909329829172048,37.61,36.321999999999996,33.967608695652174,0.021091717047965017
2010-05-05,36.57,220353346,36.15,36.88,35.53,-0.010284167794316734,37.45,36.432,34.02297872340425,0.02133328289195073
2010-05-06,35.18,319584886,36.26,36.89,28.46,-0.03800929723817337,36.81,36.477,34.04708333333333,0.023234886841166976
2010-05-07,33.69,418562326,34.82,35.22,32.17,-0.04235361000568516,36.088,36.4345,34.039795918367346,0.025156223103549376
2010-05-10,36.28,245539284,35.75,36.38,35.5,0.07687741169486495,35.734,36.518,34.0846,0.0306004399795119
2010-05-11,36.65,212068004,35.98,37.13,35.79,0.010198456449834525,35.674,36.619,34.13490196078432,0.030639314872994962
2010-05-12,37.44,163385299,37.04,37.59,36.96,0.02155525238744871,35.848,36.736000000000004,34.19846153846154,0.030831879781606227
2010-05-13,36.91,149704075,37.6,37.86,36.63,-0.014155982905982967,36.194,36.8035,34.24962264150943,0.03099528988905342
2010-05-14,36.26,189368537,36.45,36.64,35.64,-0.017610403684638287,36.70799999999999,36.8495,34.28685185185185,0.03126427635723271
2010-05-17,36.32,190413707,36.39,36.6,35.39,0.001654715940430318,36.716,36.9005,34.32381818181818,0.031256999835414565
2010-05-18,36.05,194856888,36.71,36.94,35.75,-0.007433920704845942,36.596,36.956,34.354642857142856,0.03120684052531418
2010-05-19,35.48,256089547,35.64,36.13,34.98,-0.015811373092926462,36.20399999999999,36.8785,34.37438596491228,0.028279634670999785
2010-05-20,33.97,319497456,34.55,34.84,33.74,-0.042559188275084536,35.616,36.6735,34.367413793103445,0.028763239493327177
2010-05-21,34.62,305744272,33.26,34.93,33.05,0.019134530468059907,35.288,36.47,34.37169491525424,0.028882530979266498
2010-05-24,35.25,188078156,35.33,35.84,35.18,0.018197573656845822,35.074,36.3075,34.38633333333333,0.02935105642120412
2010-05-25,35.03,261342838,34.19,35.25,33.88,-0.006241134751773014,34.87,36.1875,34.4725,0.02882227092020573
2010-05-26,34.87,212125404,35.73,36.02,34.82,-0.004567513559806002,34.748000000000005,36.0625,34.556333333333335,0.02882277543344003
2010-05-27,36.19,165270400,35.8,36.27,35.59,0.03785488958990535,35.19199999999999,35.952999999999996,34.66116666666667,0.02951125185920523
2010-05-28,36.7,203645811,37.06,37.06,36.19,0.014092290688035414,35.608000000000004,35.923,34.771166666666666,0.029089873126336027
2010-06-01,37.26,218455576,37.1,37.99,36.99,0.015258855585830844,36.010000000000005,35.883500000000005,34.87083333333333,0.028929627363670475
2010-06-02,37.71,171594061,37.79,37.83,37.19,0.012077294685990392,36.54600000000001,35.921499999999995,34.977666666666664,0.028266961757611262
2010-06-03,37.59,162341809,37.88,37.94,37.2,-0.0031821797931582685,37.089999999999996,35.9725,35.07316666666667,0.028156933425637812
2010-06-04,36.57,189045767,36.89,37.41,36.38,-0.0271348762968876,37.166000000000004,36.042,35.14733333333333,0.027444769592950103
2010-06-07,35.85,221253336,36.9,37.02,35.79,-0.019688269073010578,36.995999999999995,36.15,35.208,0.02593035500442171
2010-06-08,35.62,249904415,36.18,36.26,35.09,-0.006415620641562203,36.668,36.117,35.262166666666666,0.019371865537531306
2010-06-09,34.74,213040094,35.92,35.99,34.64,-0.024705221785513598,36.074,36.021499999999996,35.308166666666665,0.019899702014007186
2010-06-10,35.79,193507918,34.98,35.85,34.6,0.030224525043177852,35.714000000000006,35.939,35.37033333333333,0.020535167588038163
2010-06-11,36.22,136154451,35.46,36.27,35.34,0.012014529198099977,35.644,35.9045,35.440333333333335,0.020556992963895546
2010-06-14,36.33,150469315,36.57,37.02,36.29,0.003036996134732073,35.739999999999995,35.908,35.511,0.02018028255156293
2010-06-15,37.1,145862054,36.52,37.12,36.5,0.021194605009634104,36.036,35.947,35.600166666666674,0.02071570530921758
2010-06-16,38.18,195557169,37.3,38.25,37.23,0.029110512129379984,36.724,36.0535,35.70133333333333,0.021504496505865184
2010-06-17,38.84,217872895,38.66,38.99,38.5,0.01728653745416464,37.333999999999996,36.2215,35.805,0.021244972508412483
2010-06-18,39.15,195928029,38.89,39.29,38.77,0.00798146240988662,37.92,36.4805,35.91133333333334,0.018093686564384183
2010-06-21,38.6,193217628,39.67,39.86,38.39,-0.01404853128991057,38.374,36.679500000000004,36.015,0.018466664076615815
2010-06-22,39.12,178776694,38.88,39.42,38.79,0.013471502590673534,38.778,36.873000000000005,36.11716666666666,0.01832692113613878
2010-06-23,38.71,191838418,39.23,39.24,38.27,-0.010480572597136972,38.884,37.057,36.208999999999996,0.018492191570686912
2010-06-24,38.43,178309303,38.71,39.03,38.3,-0.007233273056057921,38.802,37.235,36.288000000000004,0.018575484018122902
2010-06-25,38.1,136678611,38.58,38.61,37.97,-0.00858704137392663,38.592,37.3305,36.3635,0.01710119650345357
2010-06-28,38.33,146186434,38.13,38.54,37.79,0.006036745406823973,38.538,37.412,36.4405,0.016912923813907393
2010-06-29,36.6,282782865,37.73,37.77,36.33,-0.04513435950952249,38.034000000000006,37.379,36.48266666666667,0.019649466042044924
2010-06-30,35.93,184538045,36.67,36.85,35.72,-0.01830601092896178,37.477999999999994,37.290000000000006,36.51116666666666,0.01978296911675302
2010-07-01,35.5,255527517,36.33,36.4,34.75,-0.011967715001391599,36.891999999999996,37.185500000000005,36.529999999999994,0.019902452988244456
2010-07-02,35.28,173446612,35.78,35.85,34.74,-0.006197183098591519,36.327999999999996,37.120999999999995,36.54666666666667,0.019081431413560442
2010-07-06,35.52,153559326,35.86,36.11,35.17,0.006802721088435382,35.766000000000005,37.104499999999994,36.562999999999995,0.018676367892428585
2010-07-07,36.95,163169979,35.78,36.97,35.68,0.04025900900900892,35.836,37.17100000000001,36.602,0.02068006805169666
2010-07-08,36.87,184252935,37.5,37.56,36.41,-0.0021650879566983416,36.024,37.2775,36.63933333333333,0.019738692903551326
2010-07-09,37.09,108260072,36.7,37.13,36.45,0.00596691076756195,36.342,37.3425,36.6725,0.018706758759616016
2010-07-12,36.76,140474992,36.93,37.41,36.41,-0.008897276894041628,36.638,37.3695,36.6925,0.018699147811990786
2010-07-13,35.97,296797219,36.62,36.63,35.2,-0.02149075081610441,36.727999999999994,37.3515,36.702999999999996,0.01934523147947728
2010-07-14,36.1,202950851,35.63,36.54,35.57,0.003614122880178039,36.55800000000001,37.3015,36.71633333333333,0.01870501050099003
2010-07-15,35.92,205060442,35.46,36.71,35.33,-0.004986149584487509,36.368,37.188500000000005,36.73266666666666,0.017298043192067337
2010-07-16,35.7,259540618,36.17,36.42,35.49,-0.006124721603563477,36.09,37.0315,36.7105,0.016639436991630577
2010-07-19,35.08,255842447,35.7,35.7,34.23,-0.017366946778711645,35.754,36.828,36.660666666666664,0.016638211975992936
2010-07-20,35.98,263591379,34.7,36.13,34.29,0.025655644241733055,35.75600000000001,36.697,36.6155,0.017867906594871606
2010-07-21,36.32,295973249,37.87,37.88,36.29,0.009449694274597187,35.8,36.557,36.579166666666666,0.01769030012962476
2010-07-22,37.0,161139628,36.81,37.14,36.47,0.018722466960352513,36.016000000000005,36.4715,36.572,0.018284047286606837
2010-07-23,37.13,133236640,36.73,37.2,36.61,0.0035135135135135886,36.302,36.4065,36.568,0.018283085506991568
2010-07-26,37.04,104188731,37.14,37.16,36.82,-0.002423915970913071,36.694,36.353500000000004,36.54566666666666,0.018210208849786844
2010-07-27,37.73,145188934,37.27,37.83,37.19,0.018628509719222475,37.044000000000004,36.323499999999996,36.552833333333325,0.01868689768591833
2010-07-28,37.28,129737759,37.67,38.0,37.18,-0.011926848661542477,37.236000000000004,36.3575,36.54,0.01577162719571705
2010-07-29,36.87,160834008,37.24,37.52,36.59,-0.010997854077253288,37.209999999999994,36.4045,36.538666666666664,0.01537965306770987
2010-07-30,36.75,112029784,36.56,37.1,36.41,-0.0032546786004881145,37.134,36.467,36.541666666666664,0.015101857409544348
2010-08-02,37.41,106583082,37.21,37.51,37.09,0.01795918367346938,37.208,36.5735,36.57883333333333,0.01538857501802318
2010-08-03,37.42,104082541,37.29,37.61,37.06,0.0002673082063620047,37.146,36.6685,36.641,0.015374005129634143
2010-08-04,37.57,105052042,37.55,37.75,37.19,0.004008551576696995,37.20399999999999,36.6995,36.6625,0.012602478359166794
2010-08-05,37.39,72257102,37.39,37.6,37.22,-0.004791056694170903,37.30800000000001,36.7255,36.67483333333333,0.01264976629894839
2010-08-06,37.16,111151143,37.11,37.36,36.8,-0.006151377373629474,37.39,36.729,36.67016666666667,0.012678249989448581
2010-08-09,37.39,75552633,37.35,37.45,37.08,0.006189451022605041,37.386,36.76049999999999,36.67816666666667,0.012558597504166238
2010-08-10,37.06,112874754,37.12,37.21,36.79,-0.008825889275207222,37.314,36.815000000000005,36.691500000000005,0.01165569770180899
2010-08-11,35.74,154454626,36.49,36.53,35.69,-0.03561791689152727,36.948,36.797000000000004,36.68183333333333,0.014294110129731773
2010-08-12,35.97,133552620,35.24,36.16,35.16,0.006435366536093889,36.664,36.799499999999995,36.6805,0.014329506609476003
2010-08-13,35.59,88560037,35.95,35.98,35.58,-0.010564359188212302,36.35000000000001,36.794,36.68233333333333,0.01446584905806472
2010-08-16,35.38,79420764,35.37,35.72,35.23,-0.005900533857825296,35.948,36.809,36.70583333333333,0.01396204946605894
2010-08-17,36.0,105546662,35.73,36.38,35.6,0.017524024872809463,35.736000000000004,36.809999999999995,36.728833333333334,0.013293939361070048
2010-08-18,36.15,84548265,36.05,36.38,35.94,0.004166666666666652,35.818,36.8015,36.743833333333335,0.013150348889217713
2010-08-19,35.7,106533662,36.12,36.21,35.53,-0.012448132780082832,35.763999999999996,36.7365,36.755,0.012632607794875971
2010-08-20,35.66,95681559,35.63,36.27,35.57,-0.0011204481792719267,35.778,36.663,36.768166666666666,0.01257411079612459
2010-08-23,35.11,103289091,35.97,36.0,35.04,-0.01542344363432413,35.724000000000004,36.5665,36.75016666666667,0.012931234205693493
2010-08-24,34.28,150183995,34.67,34.71,34.09,-0.023639988607234375,35.38,36.394,36.709833333333336,0.01273305135876462
2010-08-25,34.7,148938905,34.01,34.86,33.89,0.01225204200700114,35.089999999999996,36.265,36.66716666666667,0.01315227723707675
2010-08-26,34.33,116284385,35.06,35.11,34.33,-0.010662824207492871,34.816,36.138,36.61083333333333,0.013142430109832366
2010-08-27,34.52,136758551,34.54,34.66,33.65,0.005534517914360659,34.588,36.0265,36.559666666666665,0.013296403292131618
2010-08-30,34.64,95553599,34.39,35.11,34.38,0.0034762456546928444,34.494,35.888,36.5275,0.012460648813334252
2010-08-31,34.73,104966361,34.55,34.94,34.34,0.0025981524249421017,34.583999999999996,35.7535,36.508833333333335,0.012511140832197502
2010-09-01,35.76,173960762,35.35,35.92,35.18,0.02965735675208747,34.79600000000001,35.663,36.51116666666666,0.014494604515817766
2010-09-02,36.02,103632581,35.89,36.02,35.51,0.00727069351230436,35.134,35.5945,36.532500000000006,0.014638591462330208
2010-09-03,36.97,130035609,36.44,36.97,36.36,0.026374236535258166,35.623999999999995,35.585,36.55216666666667,0.015879477073341645
2010-09-07,36.83,85565506,36.66,37.08,36.61,-0.0037868542061131327,36.062,35.557,36.56233333333333,0.015826916365944046
2010-09-08,37.56,131395709,37.11,37.77,37.01,0.01982079826228622,36.628,35.582,36.58283333333333,0.016334746382355617
2010-09-09,37.58,109347103,37.86,38.07,37.56,0.0005324813631522041,36.992,35.674,36.59083333333333,0.013913862528177872
2010-09-10,37.63,96849369,37.6,37.79,37.34,0.0013304949441192981,37.314,35.757000000000005,36.58166666666667,0.013886690836145377
2010-09-13,38.15,96883319,37.97,38.33,37.97,0.013818761626361864,37.55,35.885000000000005,36.570166666666665,0.013763051400371724
2010-09-14,38.29,101293530,38.03,38.45,37.93,0.003669724770642313,37.842,36.0305,36.55583333333333,0.013581671434867399
2010-09-15,38.6,106805122,38.31,38.63,38.26,0.00809610864455479,38.05,36.1605,36.55583333333333,0.013248831585883003
2010-09-16,39.51,162463819,38.61,39.52,38.5,0.023575129533678574,38.436,36.328500000000005,36.562333333333335,0.013984743044151196
2010-09-17,39.34,157292917,39.67,39.71,39.1,-0.004302708175145442,38.778000000000006,36.5105,36.57283333333333,0.013576421699696428
2010-09-20,40.46,164490809,39.44,40.54,39.41,0.028469750889679624,39.24,36.7505,36.60666666666666,0.01446303109620113
2010-09-21,40.54,166544330,40.55,41.05,40.4,0.001977261492832394,39.690000000000005,37.022000000000006,36.64733333333333,0.013575161480799085
2010-09-22,41.11,146168794,40.39,41.14,40.34,0.014060187469166152,40.19199999999999,37.3635,36.693666666666665,0.011513232303037128
2010-09-23,41.27,196189899,40.9,41.82,40.86,0.0038919970810022964,40.544,37.692,36.771499999999996,0.01154784536973428
2010-09-24,41.76,161761929,41.73,41.93,41.51,0.011873031257571887,41.028,38.0635,36.86866666666667,0.010613545020530971
2010-09-27,41.59,120369236,42.0,42.1,41.57,-0.00407088122605348,41.254,38.417,36.970166666666664,0.011030470150631659
2010-09-28,40.98,258538988,41.68,41.68,39.29,-0.014666987256552244,41.342,38.733999999999995,37.06516666666666,0.012226000392931154
2010-09-29,41.05,117244505,41.03,41.4,40.86,0.001708150317227819,41.33,39.05,37.157333333333334,0.012250244328808035
2010-09-30,40.54,167988710,41.29,41.43,40.18,-0.012423873325213108,41.184000000000005,39.289,37.21716666666667,0.012030626388787635
2010-10-01,40.36,112000034,40.88,40.94,40.19,-0.004440059200789381,40.904,39.506,37.275333333333336,0.012266683123866617
2010-10-04,39.81,108637023,40.23,40.41,39.68,-0.013627353815659049,40.548,39.648,37.32066666666667,0.01198925442757275
2010-10-05,41.28,124901667,40.29,41.35,40.26,0.0369253956292388,40.608,39.87050000000001,37.395999999999994,0.013935894454175346
2010-10-06,41.31,167206320,41.37,41.71,40.75,0.0007267441860465684,40.660000000000004,40.058,37.48500000000001,0.013574967384815858
2010-10-07,41.32,101859481,41.48,41.5,40.99,0.00024207213749694034,40.815999999999995,40.245,37.571999999999996,0.013579990016247165
2010-10-08,42.01,164183439,41.67,42.07,41.43,0.01669893514036791,41.146,40.464,37.673500000000004,0.013803821139242
2010-10-11,42.19,106676392,42.11,42.46,42.09,0.004284694120447519,41.622,40.666,37.781666666666666,0.01366939176150108
2010-10-12,42.65,139112862,42.2,42.79,41.78,0.01090305759658694,41.896,40.884,37.90783333333333,0.013724208714568444
2010-10-13,42.88,155265647,42.89,43.14,42.83,0.005392731535756257,42.21,41.098,38.02283333333333,0.01371054847196989
2010-10-14,43.19,108314742,43.1,43.21,42.91,0.007229477611940149,42.584,41.282,38.13733333333333,0.013038292148537255
2010-10-15,44.96,229189449,43.92,45.0,43.56,0.04098170872887241,43.174,41.563,38.269999999999996,0.015177859799025301
2010-10-18,45.43,267603430,45.5,45.57,44.9,0.010453736654804313,43.822,41.8115,38.40833333333333,0.014335765126532516
2010-10-19,44.21,307005952,43.34,44.82,42.86,-0.026854501430772615,44.134,41.995,38.527833333333334,0.016093511423658148
2010-10-20,44.36,179414674,44.14,44.89,43.84,0.0033928975344943435,44.43,42.1575,38.638333333333335,0.015934736627475
2010-10-21,44.22,136781721,44.62,44.96,43.83,-0.003155996393147009,44.635999999999996,42.305,38.754,0.016013385467305886
2010-10-22,43.92,92488648,44.15,44.29,43.76,-0.006784260515603768,44.428000000000004,42.413,38.8715,0.016048167886538796
2010-10-25,44.12,96214749,44.16,44.51,44.06,0.004553734061930603,44.166,42.5395,38.99433333333333,0.015973889275425795
2010-10-26,44.01,97175079,43.84,44.25,43.66,-0.00249320036264733,44.126,42.691,39.10433333333334,0.015486675525461967
2010-10-27,43.98,97963209,43.95,44.27,43.66,-0.0006816632583503957,44.05,42.8375,39.21366666666667,0.015511935774518591
2010-10-28,43.61,137111911,43.99,44.0,42.99,-0.008412914961345996,43.928,42.991,39.31433333333334,0.01531905440256668
2010-10-29,43.0,106459252,43.46,43.7,42.98,-0.013987617518917639,43.74399999999999,43.123000000000005,39.407833333333336,0.015731469312046224
2010-11-01,43.45,105463082,43.17,43.66,43.17,0.010465116279069875,43.61,43.305,39.51266666666666,0.015283971954219589
2010-11-02,44.19,107689502,43.86,44.31,43.86,0.017031070195627107,43.646,43.4505,39.626,0.013618852963251235
2010-11-03,44.69,126496828,44.48,44.7,44.08,0.01131477709889106,43.788,43.6195,39.753166666666665,0.013710885894667199
2010-11-04,45.47,159613418,45.06,45.74,45.0,0.01745356903110329,44.16,43.827,39.915333333333336,0.013997850353443288
2010-11-05,45.3,90104657,45.43,45.65,45.25,-0.003738728832197058,44.620000000000005,43.991499999999995,40.07083333333333,0.013835396335940654
2010-11-08,45.52,69985111,45.31,45.68,45.25,0.004856512141280467,45.034,44.158,40.23633333333333,0.013836894847166038
2010-11-09,45.15,95514329,45.86,45.9,44.93,-0.008128295254833162,45.226,44.283,40.39916666666667,0.013983275311277153
2010-11-10,45.43,95152429,45.23,45.54,44.79,0.006201550387596955,45.374,44.4105,40.556333333333335,0.013991895699048811
2010-11-11,45.24,90179837,45.0,45.49,44.89,-0.004182258419546558,45.327999999999996,44.513,40.70783333333334,0.014042283740847086
2010-11-12,44.0,198704230,45.14,45.21,43.38,-0.027409372236958496,45.068,44.464999999999996,40.84616666666667,0.012385609437408239
2010-11-15,43.86,100475160,44.07,44.36,43.75,-0.0031818181818181746,44.736000000000004,44.3865,40.98283333333333,0.01209348368337202
2010-11-16,43.08,164041549,43.67,43.94,42.76,-0.017783857729138153,44.322,44.33,41.11566666666666,0.011239937596972624
2010-11-17,42.93,119653066,43.03,43.43,42.54,-0.0034818941504177747,43.821999999999996,44.2585,41.25983333333333,0.011196042087765092
2010-11-18,44.06,123123667,43.6,44.24,43.53,0.02632191940368056,43.586,44.2505,41.41583333333333,0.012802346135027464
2010-11-19,43.82,96113949,44.0,44.06,43.61,-0.005447117566954152,43.55,44.2455,41.574,0.012769068791432341
2010-11-22,44.77,97869619,43.81,44.77,43.7,0.021679598356914687,43.732,44.278,41.74483333333333,0.013637772612681955
2010-11-23,44.1,129372219,44.35,44.54,43.79,-0.014965378601742296,43.936,44.2825,41.9025,0.014075371071523488
2010-11-24,44.97,103401091,44.57,45.06,44.54,0.01972789115646245,44.34400000000001,44.332,42.073166666666665,0.014732877315249856
2010-11-26,45.0,59436255,44.82,45.39,44.71,0.0006671114076051143,44.532000000000004,44.4015,42.22716666666667,0.014559401302709388
2010-11-29,45.27,110489713,45.07,45.35,44.48,0.006000000000000005,44.822,44.515,42.38133333333333,0.014106986496787167
2010-11-30,44.45,125157098,44.79,44.91,44.41,-0.018113540976364084,44.758,44.565000000000005,42.506,0.014710343970646663
2010-12-01,45.2,114829084,45.04,45.39,45.0,0.01687289088863886,44.977999999999994,44.6155,42.6455,0.014701447560979308
2010-12-02,45.45,115699815,45.36,45.57,44.98,0.005530973451327359,45.074000000000005,44.6535,42.777,0.014548789843495067
2010-12-03,45.35,85503906,45.29,45.52,45.19,-0.002200220022002264,45.144,44.6475,42.90650000000001,0.014029451405594619
2010-12-06,45.74,111165143,45.52,46.05,45.49,0.008599779492833637,45.23800000000001,44.669500000000006,43.041666666666664,0.014129114857017368
2010-12-07,45.46,97437439,46.26,46.28,45.45,-0.006121556624398838,45.44,44.6665,43.1635,0.014167351738624849
2010-12-08,45.86,80165284,45.66,45.86,45.3,0.008798944126704678,45.572,44.702,43.28966666666667,0.014159981213493883
2010-12-09,45.68,73378782,46.02,46.07,45.57,-0.003924989097252474,45.618,44.7145,43.407666666666664,0.01414055482493651
2010-12-10,45.79,65576594,45.66,45.86,45.51,0.0024080560420314256,45.706,44.742000000000004,43.51233333333333,0.014105650279388156
2010-12-13,45.95,109673093,46.34,46.44,45.86,0.0034942127101988962,45.748000000000005,44.8395,43.62250000000001,0.012461323424317498
2010-12-14,45.76,87718986,45.96,46.08,45.57,-0.00413492927094683,45.80800000000001,44.9345,43.71083333333333,0.012484965608342061
2010-12-15,45.77,103780771,45.71,46.14,45.6,0.0002185314685316797,45.79,45.069,43.798,0.011585176816183792
2010-12-16,45.89,80244454,45.87,46.09,45.73,0.002621804675551509,45.832,45.217,43.87766666666666,0.011482703817445252
2010-12-17,45.8,96587849,45.95,45.97,45.75,-0.0019612115929397156,45.834,45.303999999999995,43.95316666666667,0.010178989679048735
2010-12-20,46.03,96006079,45.94,46.18,45.46,0.005021834061135433,45.85,45.414500000000004,44.02433333333333,0.010044840504272906
2010-12-21,46.32,63928793,46.14,46.34,46.01,0.006300238974581873,45.962,45.492000000000004,44.10316666666667,0.00903843903503402
2010-12-22,46.45,66449697,46.34,46.53,46.22,0.0028065630397238195,46.098,45.609500000000004,44.19433333333334,0.008138207926516577
2010-12-23,46.23,55731469,46.43,46.45,46.17,-0.004736275565123904,46.166,45.6725,44.28066666666667,0.007219884071421398
2010-12-27,46.38,62274056,46.12,46.49,45.93,0.0032446463335498166,46.282,45.7415,44.378,0.007228973140606064
2010-12-28,46.5,43898371,46.56,46.67,46.44,0.002587322121604174,46.376,45.803000000000004,44.48033333333333,0.007157993791943719
2010-12-29,46.47,40775656,46.6,46.64,46.44,-0.00064516129032266,46.406,45.903999999999996,44.59133333333333,0.005538609763872199
2010-12-30,46.24,39354103,46.5,46.5,46.15,-0.004949429739616873,46.364,45.956,44.674,0.004568559675778098
2010-12-31,46.08,48344906,46.14,46.21,45.9,-0.0034602076124568004,46.333999999999996,45.9875,44.7535,0.004556922367009859
2011-01-03,47.08,110964733,46.52,47.18,46.41,0.02170138888888884,46.474000000000004,46.074,44.849500000000006,0.0064836011789387695
2011-01-04,47.33,77212123,47.49,47.5,46.88,0.0053101104502972785,46.64,46.153499999999994,44.93816666666667,0.0063447549931798415
2011-01-05,47.71,63310259,47.08,47.76,47.07,0.00802873441791685,46.888,46.266000000000005,45.030166666666666,0.006210798884211858
2011-01-06,47.68,74957912,47.82,47.89,47.56,-0.0006287989939216532,47.176,46.357,45.114000000000004,0.006058390663166499
2011-01-07,48.02,77371653,47.71,48.05,47.41,0.007130872483221529,47.564,46.474000000000004,45.199666666666666,0.005996743926376873
2011-01-10,48.92,111939414,48.4,49.03,48.17,0.018742190753852528,47.932,46.6305,45.29516666666667,0.007008012973667894
2011-01-11,48.81,110618303,49.27,49.28,48.5,-0.0022485690923957913,48.228,46.7735,45.35933333333333,0.00711791751502658
2011-01-12,49.2,75491803,49.04,49.2,48.86,0.007990165949600447,48.525999999999996,46.945499999999996,45.422166666666676,0.006989173672730085
2011-01-13,49.38,74023552,49.31,49.52,49.12,0.003658536585365857,48.866,47.126,45.50833333333333,0.006942357118324924
2011-01-14,49.78,76865693,49.41,49.78,49.21,0.00810044552450373,49.218,47.320499999999996,45.59866666666667,0.007000199325447187
2011-01-18,48.66,462442329,47.07,49.25,46.57,-0.02249899558055457,49.166,47.4635,45.67266666666667,0.009121165983041938
2011-01-19,48.41,283119845,49.76,49.8,48.13,-0.005137690094533465,49.086,47.582499999999996,45.747499999999995,0.009288277648103707
2011-01-20,47.53,190898107,48.06,48.33,47.16,-0.018178062383804927,48.751999999999995,47.643,45.80433333333334,0.010325042677841713
2011-01-21,46.67,188198066,47.68,47.84,46.66,-0.01809383547233323,48.21,47.653999999999996,45.84866666666667,0.01119032151050726
2011-01-24,48.21,143251473,46.7,48.21,46.67,0.032997643025498125,47.896,47.753,45.91916666666667,0.013282623592594493
2011-01-25,48.77,135998561,48.05,48.78,47.8,0.011615847334577989,47.91799999999999,47.872499999999995,46.00516666666667,0.0134487108437767
2011-01-26,49.12,126542748,48.99,49.37,48.79,0.007176542956735643,48.06,48.003499999999995,46.107166666666664,0.013487557330364813
2011-01-27,49.03,71129331,49.11,49.24,48.98,-0.0018322475570031749,48.36,48.1315,46.20016666666667,0.013506257013704046
2011-01-28,48.01,147746454,49.17,49.2,47.65,-0.020803589638996645,48.628,48.220000000000006,46.26383333333333,0.014417745778096886
2011-01-31,48.47,94202598,47.97,48.58,47.76,0.00958133722141219,48.67999999999999,48.3395,46.32683333333333,0.014453692559203575
2011-02-01,49.29,106341512,48.76,49.38,48.71,0.01691768103981839,48.784000000000006,48.45,46.3905,0.01415804933577035
2011-02-02,49.19,64653258,49.21,49.32,49.08,-0.002028809089064776,48.798,48.543,46.455333333333336,0.014173517714470493
2011-02-03,49.06,98290879,49.11,49.18,48.36,-0.0026428135799958508,48.804,48.6105,46.51433333333333,0.014136406397698519
2011-02-04,49.5,80346164,49.09,49.53,49.07,0.008968609865470878,49.102,48.7015,46.58683333333333,0.014223293315005166
2011-02-07,50.27,121039906,49.7,50.46,49.66,0.015555555555555545,49.462,48.814,46.667500000000004,0.01450609758581061
2011-02-08,50.74,94755248,50.53,50.79,50.31,0.009349512631788404,49.751999999999995,48.905,46.759166666666665,0.014095123358241441
2011-02-09,51.17,120447916,50.74,51.29,50.7,0.008474576271186418,50.148,49.023,46.87866666666666,0.014132014929763919
2011-02-10,50.65,231786170,51.06,51.43,49.71,-0.010162204416650389,50.465999999999994,49.0955,46.99183333333334,0.014339439985942257
2011-02-11,50.98,91775628,50.68,51.11,50.51,0.006515301085883385,50.762,49.1755,47.12350000000001,0.014375722082751055
2011-02-14,51.31,77500243,50.97,51.35,50.96,0.0064731267163593564,50.970000000000006,49.252,47.26316666666666,0.014342117910024427
2011-02-15,51.41,70731871,51.31,51.42,51.08,0.0019489378288830572,51.104,49.3895,47.385666666666665,0.01317313978101672
2011-02-16,51.88,118767216,51.54,52.13,51.5,0.00914219023536278,51.246,49.563,47.519999999999996,0.013105097994588
2011-02-17,51.19,132320200,51.04,51.47,50.93,-0.01329992289899773,51.354,49.746,47.626999999999995,0.012719156127250298
2011-02-18,50.08,203326891,51.24,51.36,49.93,-0.02168392264114083,51.174,49.9165,47.72666666666667,0.013064928842956841
2011-02-22,48.37,217592825,48.88,49.34,48.25,-0.03414536741214058,50.586,49.9245,47.78333333333333,0.013726665031975074
2011-02-23,48.95,167580960,48.4,49.23,48.37,0.01199090345255338,50.094,49.9335,47.84916666666667,0.01374324734956205
2011-02-24,48.98,124804997,49.15,49.31,48.34,0.0006128702757914883,49.513999999999996,49.9265,47.91100000000001,0.013647798852510456
2011-02-25,49.74,94401188,49.32,49.78,49.26,0.015516537362188831,49.224000000000004,49.961999999999996,47.99916666666666,0.014073483779155814
2011-02-28,50.46,100497210,50.18,50.72,50.16,0.014475271411338975,49.3,50.0845,48.08683333333333,0.013416946123109917
2011-03-01,49.9,113527924,50.78,50.82,49.67,-0.011097899326198979,49.606,50.156,48.16100000000001,0.013643728210530432
2011-03-02,50.3,150412615,49.99,50.62,49.77,0.008016032064128265,49.876,50.2065,48.2435,0.013255486157941185
2011-03-03,51.37,124643787,51.03,51.4,50.85,0.021272365805169002,50.354,50.3155,48.33733333333334,0.01397081194610819
2011-03-04,51.43,113155454,51.44,51.47,51.11,0.0011679968853417488,50.69199999999999,50.434,48.43683333333333,0.013926284427569258
2011-03-07,50.77,136302361,51.63,51.67,50.19,-0.012832976861753775,50.754000000000005,50.497499999999995,48.51866666666667,0.014239299675592747
2011-03-08,50.82,88957077,50.7,51.06,50.32,0.0009848335631277294,50.938,50.525,48.60433333333334,0.013842224904012684
2011-03-09,50.35,113249954,50.67,50.68,50.09,-0.009248327430145586,50.948,50.5055,48.68033333333334,0.01385073405039861
2011-03-10,49.52,126724608,49.87,49.97,49.27,-0.016484607745779534,50.577999999999996,50.423,48.73983333333333,0.014140487690891016
2011-03-11,50.28,117542215,49.33,50.33,49.29,0.015347334410339197,50.348,50.4045,48.81516666666667,0.014468689264832435
2011-03-14,50.51,108959443,50.45,50.93,50.19,0.004574383452665032,50.29600000000001,50.381,48.89416666666667,0.014427257666491842
2011-03-15,49.35,179747944,48.87,49.69,48.59,-0.022965749356563037,50.002,50.283,48.95183333333333,0.015175393244854063
2011-03-16,47.14,287646046,48.86,49.0,46.61,-0.044782168186423554,49.36,50.0695,48.97416666666667,0.017912752432496005
2011-03-17,47.81,164523359,48.12,48.52,47.24,0.014212982605006363,49.018,49.866,49.00383333333333,0.018145496301458904
2011-03-18,47.24,188150886,48.16,48.31,47.14,-0.011922192010039745,48.410000000000004,49.66850000000001,49.01916666666667,0.01811058819282043
2011-03-21,48.47,103178211,48.0,48.53,47.89,0.026037256562235322,48.002,49.588,49.05283333333333,0.018768911641375615
2011-03-22,48.74,81435364,48.94,48.95,48.45,0.005570455952135456,47.88,49.6065,49.09466666666666,0.017161271659536955
2011-03-23,48.46,93078328,48.47,48.6,47.99,-0.0057447681575708565,48.144000000000005,49.582,49.129333333333335,0.016994881572902514
2011-03-24,49.28,100635740,48.84,49.43,48.41,0.016921172100701654,48.438,49.597,49.17566666666667,0.017429913438633496
2011-03-25,50.22,111997444,49.72,50.29,49.57,0.019074675324675328,49.034000000000006,49.621,49.238166666666665,0.017609020343678904
2011-03-28,50.06,77053503,50.45,50.62,50.06,-0.0031859816806052432,49.352,49.601,49.301833333333335,0.01731854234933685
2011-03-29,50.14,88011586,49.67,50.14,49.44,0.0015980823012384793,49.632,49.613,49.369499999999995,0.017131831731242463
2011-03-30,49.8,82147055,50.09,50.13,49.63,-0.006781013163143279,49.9,49.588,49.414833333333334,0.0171042207588219
2011-03-31,49.79,68453161,49.48,49.97,49.44,-0.0002008032128513193,50.002,49.509,49.45583333333333,0.016331393350265493
2011-04-01,49.22,104496031,50.16,50.23,49.04,-0.011448081944165467,49.80200000000001,49.3985,49.480999999999995,0.016468715020728563
2011-04-04,48.74,114751314,49.19,49.23,48.34,-0.009752133279154807,49.538,49.297000000000004,49.498666666666665,0.016376834532296568
2011-04-05,48.41,120651896,48.14,48.89,48.0,-0.006770619614279938,49.19199999999999,49.1765,49.50516666666667,0.01639649486755402
2011-04-06,48.29,100460810,48.75,49.13,48.16,-0.002478826688700586,48.89,49.073499999999996,49.49466666666667,0.016315126134740152
2011-04-07,48.3,93268378,48.3,48.63,48.0,0.00020708221163801,48.592,49.0125,49.48616666666667,0.015955946732586747
2011-04-08,47.87,94195248,48.56,48.59,47.71,-0.008902691511387117,48.321999999999996,48.892,49.46399999999999,0.015554709678581791
2011-04-11,47.26,99679750,47.72,47.95,47.15,-0.01274284520576563,48.025999999999996,48.7295,49.42866666666667,0.015631534897679482
2011-04-12,47.49,106196122,47.21,47.68,47.17,0.004866694879390732,47.842,48.6365,49.390499999999996,0.015005899856025372
2011-04-13,48.02,86483416,47.86,48.02,47.5,0.011160244261949837,47.788,48.6805,49.37983333333333,0.011340747705646982
2011-04-14,47.49,75357053,47.83,48.0,47.44,-0.011037067888379881,47.626,48.6645,49.36450000000001,0.011195295402002965
2011-04-15,46.78,113325554,47.61,47.66,46.69,-0.014950515898083827,47.408,48.64149999999999,49.352,0.011380046698746111
2011-04-18,47.41,152935766,46.59,47.46,45.74,0.013467293715262896,47.438,48.588499999999996,49.364333333333335,0.010118699144264382
2011-04-19,48.27,104574571,47.59,48.28,47.39,0.01813963298882104,47.594,48.565000000000005,49.36533333333333,0.010911241663067738
2011-04-20,48.92,165860990,49.07,49.39,48.79,0.013465920861818859,47.774,48.588,49.36783333333333,0.011258610941706243
2011-04-21,50.1,188240276,50.71,50.73,49.79,0.024121013900245236,48.296,48.629000000000005,49.38416666666667,0.011906670969050254
2011-04-25,50.43,66418687,50.05,50.54,50.04,0.006586826347305452,49.025999999999996,48.6395,49.4075,0.011210061428824544
2011-04-26,50.06,84367665,50.52,50.71,49.91,-0.007336902637319009,49.556000000000004,48.639500000000005,49.44166666666667,0.011315308756591466
2011-04-27,50.02,88778857,50.32,50.34,49.59,-0.0007990411506192396,49.906000000000006,48.633500000000005,49.467499999999994,0.01131086036987167
2011-04-28,49.54,89955627,49.46,49.96,49.36,-0.009596161535385894,50.03,48.6205,49.471666666666664,0.01141593940601164
2011-04-29,50.02,208434163,49.54,50.56,49.52,0.009689140088817272,50.013999999999996,48.632,49.485499999999995,0.011628131249230188
2011-05-02,49.47,110396403,49.96,50.07,49.36,-0.01099560175929637,49.822,48.6445,49.492333333333335,0.011604498373958645
2011-05-03,49.74,78201993,49.71,49.98,49.37,0.00545785324439052,49.757999999999996,48.6945,49.49633333333333,0.011406588162999734
2011-05-04,49.94,97622099,49.75,50.26,49.55,0.004020908725371752,49.742,48.771,49.49083333333333,0.011270224147693254
2011-05-05,49.54,83850155,49.77,50.14,49.44,-0.00800961153384061,49.742,48.8335,49.47083333333333,0.011442554702284342
2011-05-06,49.52,69991117,49.96,50.0,49.46,-0.0004037141703673308,49.642,48.8945,49.443333333333335,0.01144655367677406
2011-05-09,49.66,51143653,49.69,49.89,49.5,0.0028271405492727997,49.68,48.983999999999995,49.426833333333335,0.011193442197298896
2011-05-10,49.92,71227611,49.84,49.96,49.52,0.00523560209424101,49.716,49.117000000000004,49.409166666666664,0.010665353625617649
2011-05-11,49.6,83509605,49.86,50.0,49.32,-0.0064102564102563875,49.648,49.222500000000004,49.38066666666667,0.010846641060488906
2011-05-12,49.51,79915454,49.45,49.59,48.9,-0.001814516129032273,49.641999999999996,49.297000000000004,49.349000000000004,0.010671104327440761
2011-05-13,48.64,81443694,49.38,49.46,48.62,-0.017572207634821146,49.466,49.3545,49.294999999999995,0.011166434673918715
2011-05-16,47.61,112334984,48.46,48.75,47.51,-0.02117598684210531,49.056,49.396,49.23533333333333,0.011715268490588661
2011-05-17,48.02,113030224,47.43,48.02,47.25,0.008611636210880125,48.676,49.426500000000004,49.201,0.011490252403416668
2011-05-18,48.55,83511355,48.07,48.72,48.0,0.01103706788837977,48.465999999999994,49.4405,49.204,0.011023213682406779
2011-05-19,48.65,65148271,48.87,48.92,48.38,0.002059732234809486,48.294,49.427,49.199,0.010595517555287676
2011-05-20,47.89,84476515,48.51,48.71,47.86,-0.015621788283658788,48.144,49.3165,49.18083333333333,0.009454945441025464
2011-05-23,47.77,95541069,47.14,48.0,47.06,-0.0025057423261640732,48.176,49.1835,49.148,0.00922549230736018
2011-05-24,47.46,80444934,47.93,47.99,47.33,-0.006489428511618267,48.064,49.0535,49.098,0.009204828064081136
2011-05-25,48.11,73437442,47.63,48.37,47.55,0.013695743784239323,47.976,48.958,49.06816666666667,0.00990032079258848
2011-05-26,47.86,55623739,48.0,48.13,47.78,-0.0051964248596965135,47.818,48.874,49.0275,0.009768264402351026
2011-05-27,48.2,50882462,47.83,48.23,47.76,0.007104053489344064,47.88,48.783,48.974666666666664,0.009626004084428107
2011-05-31,49.69,104084431,48.73,49.69,48.71,0.03091286307053931,48.263999999999996,48.794,48.94566666666667,0.011829724875953575
2011-06-01,49.36,138299601,49.84,50.3,49.24,-0.006641175286777989,48.644,48.775,48.92216666666666,0.011860761765853857
2011-06-02,49.44,84669645,49.5,49.71,49.19,0.0016207455429497752,48.91,48.75,48.899166666666666,0.0118266559434556
2011-06-03,49.06,77951813,49.03,49.33,48.86,-0.007686084142394689,49.15,48.726,48.87766666666666,0.011815969226535484
2011-06-06,48.29,115190075,49.39,49.58,48.26,-0.015695067264574036,49.16799999999999,48.6645,48.857166666666664,0.012299640787326978
2011-06-07,47.43,132345680,48.31,48.32,47.41,-0.017809070200869748,48.715999999999994,48.553000000000004,48.809666666666665,0.012800706063905177
2011-06-08,47.46,83311015,47.4,47.83,47.24,0.0006325110689437974,48.336,48.42999999999999,48.758833333333335,0.012700647128610167
2011-06-09,47.36,68737284,47.61,47.67,47.25,-0.0021070375052676393,47.92,48.318,48.72566666666667,0.01266637916415503
2011-06-10,46.56,108450403,47.22,47.38,46.5,-0.016891891891891886,47.42,48.1705,48.715999999999994,0.013082084115051913
2011-06-13,46.66,82344175,46.74,46.9,46.44,0.0021477663230238253,47.093999999999994,48.0715,48.69683333333333,0.012661227547965784
2011-06-14,47.49,83499035,47.14,47.61,47.04,0.01778825546506657,47.106,48.0655,48.701,0.012552549567778667
2011-06-15,46.68,98960500,47.11,47.19,46.41,-0.017056222362602735,46.95,47.9985,48.671166666666664,0.012926764680676467
2011-06-16,46.45,126824918,46.7,46.95,45.48,-0.004927163667523549,46.767999999999994,47.8935,48.633,0.01261163725930174
2011-06-17,45.75,153715076,47.0,47.04,45.62,-0.01506996770721214,46.605999999999995,47.7485,48.587833333333336,0.012890469752344319
2011-06-20,45.05,159899088,45.34,45.39,44.36,-0.015300546448087537,46.284000000000006,47.606500000000004,48.51733333333333,0.012874090995975767
2011-06-21,46.47,123112957,45.24,46.54,45.03,0.031520532741398544,46.08,47.5415,48.45483333333333,0.015010251763593696
2011-06-22,46.09,97468589,46.45,46.99,46.05,-0.008177318700236635,45.962,47.473,48.38866666666667,0.01504583109829204
2011-06-23,47.32,139572412,45.56,47.38,45.45,0.026686916901713875,46.136,47.4335,48.34166666666667,0.015981231489051985
2011-06-24,46.62,109887573,47.34,47.59,46.44,-0.0147928994082841,46.31,47.371500000000005,48.28866666666667,0.016264660265864993
2011-06-27,47.43,84812375,46.8,47.7,46.75,0.01737451737451745,46.786,47.333,48.24933333333333,0.016696610682215597
2011-06-28,47.89,73368002,47.66,48.1,47.63,0.00969850305713682,47.07,47.243,48.22716666666667,0.015190260567462947
2011-06-29,47.72,88123516,48.01,48.05,47.41,-0.0035498016287325296,47.396,47.161,48.210166666666666,0.015153385403389343
2011-06-30,47.95,80686784,47.81,48.02,47.55,0.004819782062028599,47.522000000000006,47.086499999999994,48.2025,0.015205738710652263
2011-07-01,49.04,109926493,47.99,49.07,47.74,0.02273201251303436,48.006,47.0855,48.215,0.016044101706230565
2011-07-05,49.92,88675467,49.0,49.98,48.93,0.01794453507340954,48.504,47.167,48.242,0.01606423427358829
2011-07-06,50.25,110994483,49.85,50.59,49.53,0.006610576923076872,48.976,47.308,48.281666666666666,0.015411487213450023
2011-07-07,51.03,99596520,50.67,51.14,50.57,0.01552238805970152,49.638,47.4865,48.344500000000004,0.01564871093719845
2011-07-08,51.39,122332877,50.48,51.43,50.31,0.007054673721340388,50.326,47.688,48.4095,0.015602302212949119
2011-07-11,50.57,110366513,50.91,51.4,50.4,-0.015956411753259347,50.632,47.8885,48.452000000000005,0.015536987331564058
2011-07-12,50.54,112716764,50.5,51.1,49.8,-0.0005932370970931355,50.75600000000001,48.082499999999996,48.502833333333335,0.015568596356798912
2011-07-13,51.15,97557419,51.19,51.43,50.91,0.012069647803719885,50.936,48.2655,48.57566666666666,0.015355339713117862
2011-07-14,51.11,107130272,51.57,51.66,50.91,-0.0007820136852394466,50.952,48.487,48.63733333333333,0.014603026853358299
2011-07-15,52.13,120737646,51.6,52.14,51.31,0.019956955585991087,51.1,48.771,48.70166666666667,0.014803317866050571
2011-07-18,53.4,142687483,52.2,53.52,52.18,0.024362171494340945,51.666,49.1535,48.77633333333334,0.014487572205256356
2011-07-19,53.84,198837160,54.0,54.09,53.33,0.008239700374532033,52.326,49.592999999999996,48.83866666666666,0.01342411224443859
2011-07-20,55.27,234799250,56.59,56.61,55.14,0.02656017830609203,53.15,50.033,48.919333333333334,0.013026798067438032
2011-07-21,55.33,131469069,55.28,55.72,54.84,0.0010855798805862182,53.99400000000001,50.495,49.00716666666667,0.012547693695326443
2011-07-22,56.19,128609149,55.47,56.44,55.39,0.01554310500632572,54.806,50.9385,49.11,0.011966717835703237
2011-07-25,56.93,147129404,55.76,57.14,55.66,0.013169603132229923,55.512,51.45400000000001,49.23316666666667,0.010637792752344956
2011-07-26,57.63,118968676,57.14,57.79,57.1,0.012295801861935685,56.27,51.964,49.36000000000001,0.010514735234333102
2011-07-27,56.08,164365019,57.23,57.52,56.02,-0.026895714037827645,56.432,52.3735,49.470166666666664,0.013343853008398935
2011-07-28,55.97,148241774,55.95,56.71,55.45,-0.001961483594864477,56.56,52.786,49.574,0.013275991082364375
2011-07-29,55.78,157856347,55.38,56.45,54.86,-0.0033946757191352095,56.477999999999994,53.177499999999995,49.67133333333334,0.013507499353003303
2011-08-01,56.68,152529696,56.83,57.07,56.05,0.01613481534600214,56.428,53.5595,49.790333333333336,0.013197525202967108
2011-08-02,55.56,159570018,56.81,56.84,55.48,-0.019760056457304165,56.013999999999996,53.841499999999996,49.891,0.014254861554308296
2011-08-03,56.08,184655855,55.85,56.22,54.61,0.009359251259899226,56.013999999999996,54.133,49.998,0.0142797355866517
2011-08-04,53.91,217337675,55.63,55.9,53.91,-0.0386947218259629,55.602,54.277,50.0645,0.01715403236175769
2011-08-05,53.37,300872480,54.35,54.79,51.8,-0.01001669449081799,55.120000000000005,54.376,50.12733333333333,0.017359375918801892
2011-08-08,50.46,284991925,51.67,52.54,50.43,-0.054525014052838605,53.876,54.37050000000001,50.143166666666666,0.021184232265686814
2011-08-09,53.43,270036491,51.61,53.52,50.71,0.05885850178359098,53.45,54.515,50.223,0.024922096445138
2011-08-10,51.96,219333726,53.02,53.52,51.79,-0.027512633352049343,52.626,54.555499999999995,50.2955,0.025729242095649578
2011-08-11,53.39,185283336,52.93,53.64,52.1,0.027521170130869965,52.522000000000006,54.669500000000006,50.385,0.026390092535267414
2011-08-12,53.86,132123640,54.01,54.23,53.46,0.008803146656677363,52.61999999999999,54.75599999999999,50.473499999999994,0.02611858596111702
2011-08-15,54.77,114931004,54.23,55.0,54.01,0.016895655402896503,53.482000000000006,54.8245,50.5755,0.025833310104864147
2011-08-16,54.35,124617257,54.5,54.77,53.72,-0.007668431623151339,53.666,54.85,50.683166666666665,0.02586252583561654
2011-08-17,54.35,110099393,54.62,54.93,54.0,0.0,54.144000000000005,54.803999999999995,50.792833333333334,0.025141470790498468
2011-08-18,52.29,212521674,52.98,53.24,51.62,-0.03790248390064399,53.924,54.652,50.873333333333335,0.026484585199275514
2011-08-19,50.86,193669478,51.74,52.43,50.86,-0.02734748517881047,53.324,54.3855,50.91916666666666,0.02668349000511137
2011-08-22,50.92,133633050,52.07,52.13,50.73,0.0011797090051122172,52.55400000000001,54.084999999999994,50.970166666666664,0.026395627040837883
2011-08-23,53.37,163954819,51.47,53.38,51.0,0.048114689709347847,52.35799999999999,53.872,51.05633333333333,0.02875698380167658
2011-08-24,53.74,146323144,53.35,54.14,52.94,0.006932733745550035,52.236000000000004,53.754999999999995,51.12383333333333,0.028295959590236258
2011-08-25,53.39,217625305,52.15,53.64,52.14,-0.006512839598064812,52.456,53.626,51.191,0.028316051525665575
2011-08-26,54.8,160158018,53.02,54.83,52.97,0.026409439970031867,53.24399999999999,53.577,51.28033333333334,0.02901318102491991
2011-08-29,55.71,101134490,55.45,55.93,55.43,0.01660583941605842,54.202,53.528499999999994,51.39116666666667,0.029027571012626374
2011-08-30,55.71,104308921,55.46,55.98,55.17,0.0,54.67,53.536,51.514833333333335,0.02867027906343632
2011-08-31,54.98,130506429,55.8,56.01,54.55,-0.013103572069646408,54.91799999999999,53.48100000000001,51.64066666666667,0.028745871845196936
2011-09-01,54.43,85770886,55.12,55.33,54.39,-0.010003637686431421,55.126,53.50699999999999,51.75683333333333,0.027430422301402097
2011-09-02,53.44,109691503,53.53,54.0,53.12,-0.0181884989895279,54.854,53.5105,51.85816666666667,0.02766049012375022
2011-09-06,54.25,127132428,52.48,54.33,52.35,0.015157185628742464,54.562,53.7,51.98633333333334,0.0245928018228913
2011-09-07,54.85,87373746,55.08,55.09,54.57,0.011059907834101379,54.39,53.771,52.12283333333333,0.021037615628537256
2011-09-08,54.88,103837961,54.63,55.52,54.62,0.0005469462169553907,54.36999999999999,53.91700000000001,52.246,0.0199045330005132
2011-09-09,53.93,141166172,54.85,55.14,53.57,-0.017310495626822187,54.27,53.943999999999996,52.36683333333333,0.019509276707958614
2011-09-12,54.28,116765635,53.29,54.41,53.13,0.0064898943074356286,54.438,53.964999999999996,52.49733333333334,0.019465412193014158
2011-09-13,54.95,110052633,54.59,55.17,54.32,0.012343404568901928,54.577999999999996,53.974000000000004,52.650666666666666,0.019290265283527883
2011-09-14,55.61,133540370,55.29,56.03,55.11,0.012010919017288346,54.73,54.037,52.82666666666667,0.019362034681993226
2011-09-15,56.14,103610951,55.92,56.24,55.7,0.009530659953245868,54.98199999999999,54.1265,52.987833333333334,0.01944483748630703
2011-09-16,57.21,173859192,56.51,57.21,56.43,0.019059494121838272,55.638,54.3725,53.17316666666667,0.017386067923161795
2011-09-19,58.8,205318042,56.71,59.03,56.46,0.02779234399580477,56.54200000000001,54.769499999999994,53.36450000000001,0.016388510945283163
2011-09-20,59.06,193493638,59.32,60.41,58.74,0.004421768707483009,57.364,55.17650000000001,53.57183333333333,0.016339647975912537
2011-09-21,58.88,150996555,59.95,60.23,58.86,-0.0030477480528275924,58.017999999999994,55.452,53.76266666666667,0.013397679697853956
2011-09-22,57.4,241788403,57.29,58.55,56.67,-0.025135869565217406,58.27,55.635000000000005,53.921166666666664,0.01498085678084445
2011-09-23,57.76,136487861,57.18,58.11,57.12,0.006271777003484358,58.379999999999995,55.85350000000001,54.088499999999996,0.014807085309002769
2011-09-26,57.6,203032191,57.12,57.71,55.9,-0.0027700831024930483,58.14,55.9935,54.24933333333333,0.013897139352298854
2011-09-27,57.04,157716487,58.39,58.46,56.87,-0.009722222222222299,57.736000000000004,56.06,54.382666666666665,0.013745399623648737
2011-09-28,56.72,107310242,57.17,57.68,56.64,-0.005610098176718092,57.303999999999995,56.1105,54.496,0.01382966798696451
2011-09-29,55.8,162647149,57.42,57.46,55.17,-0.016220028208744797,56.984,56.1515,54.588499999999996,0.01401315702954953
2011-09-30,54.47,136874891,55.3,55.56,54.45,-0.023835125448028682,56.326,56.153499999999994,54.645833333333336,0.014890022493446842
2011-10-03,53.51,166972660,54.34,54.66,53.31,-0.017624380392876837,55.507999999999996,56.157,54.68116666666666,0.014853962012185888
2011-10-04,53.21,308080802,53.51,54.54,50.61,-0.005606428704914901,54.742,56.105,54.72516666666666,0.014472070568722692
2011-10-05,54.04,196160359,52.55,54.26,51.47,0.01559857169704948,54.205999999999996,56.064499999999995,54.7835,0.014702696896937187
2011-10-06,53.91,202875671,53.33,54.97,53.11,-0.0024056254626203533,53.827999999999996,56.016,54.8295,0.01470496586733192
2011-10-07,52.83,133849140,53.68,53.96,52.64,-0.02003338898163598,53.5,55.961,54.85816666666667,0.014877576389668893
2011-10-10,55.54,110141043,54.16,55.54,54.03,0.051296611773613554,53.90599999999999,56.024,54.915,0.018886366819552223
2011-10-11,57.18,151188005,56.08,57.6,55.93,0.02952826791501617,54.7,56.1355,54.977999999999994,0.01978406319770031
2011-10-12,57.46,155337537,58.19,58.46,57.16,0.004896817068905213,55.38399999999999,56.227999999999994,55.038333333333334,0.019661485223866664
2011-10-13,58.35,105774372,57.85,58.35,57.55,0.0154890358510269,56.272000000000006,56.338499999999996,55.089666666666666,0.019828910214358782
2011-10-14,60.29,142922473,59.55,60.29,59.32,0.03324764353041987,57.763999999999996,56.49249999999999,55.17233333333333,0.02070154630722637
2011-10-17,60.0,171172941,60.25,60.96,59.42,-0.004810084591142849,58.65599999999999,56.552499999999995,55.23583333333333,0.019900291597069547
2011-10-18,60.32,213231124,60.25,60.69,59.43,0.005333333333333412,59.284000000000006,56.6155,55.29233333333333,0.019909109321234797
2011-10-19,56.95,275674643,57.34,58.35,56.83,-0.055868700265251925,59.182,56.519000000000005,55.28099999999999,0.023658549910590587
2011-10-20,56.47,137224191,57.14,57.19,56.32,-0.00842844600526782,58.806000000000004,56.47249999999999,55.2875,0.0230637901314664
2011-10-21,56.12,154943506,56.87,57.02,55.82,-0.006197981228971194,57.972,56.390499999999996,55.29,0.023037815970144038
2011-10-24,57.97,125430938,56.6,58.07,56.49,0.032965074839629294,57.565999999999995,56.409000000000006,55.326499999999996,0.02426183333367679
2011-10-25,56.82,107432952,57.86,58.08,56.77,-0.019837847162325284,56.866,56.398,55.328833333333336,0.024591535099818505
2011-10-26,57.23,113884784,57.39,57.51,56.16,0.007215769095388902,56.922000000000004,56.423500000000004,55.35666666666667,0.02460219251252268
2011-10-27,57.81,123496347,58.22,58.43,57.41,0.010134544819150992,57.19,56.524,55.3855,0.024350761143732372
2011-10-28,57.85,80540134,57.57,58.05,57.5,0.0006919218128351723,57.536,56.693000000000005,55.45116666666666,0.02358391091262965
2011-10-31,57.83,96335779,57.49,58.48,57.29,-0.00034572169403634945,57.508,56.909000000000006,55.525499999999994,0.02308914962935881
2011-11-01,56.64,132769740,56.77,57.07,56.17,-0.020577554902299844,57.472,57.080499999999994,55.6285,0.02365755756278433
2011-11-02,56.77,81719705,57.16,57.21,56.44,0.0022951977401131085,57.379999999999995,57.217000000000006,55.68416666666667,0.02348274132243081
2011-11-03,57.58,110279293,57.01,57.63,56.48,0.014268099348247132,57.33399999999999,57.4005,55.777833333333334,0.0235865870169777
2011-11-04,57.18,75324993,57.43,57.63,57.02,-0.006946856547412228,57.2,57.61800000000001,55.841,0.023073470648730946
2011-11-07,57.1,67411392,57.13,57.14,56.59,-0.0013990905911157592,57.053999999999995,57.696000000000005,55.894999999999996,0.0202505006664263
2011-11-08,58.03,99898290,57.46,58.29,57.37,0.016287215411558753,57.331999999999994,57.7385,55.949333333333335,0.01949098811536925
2011-11-09,56.47,139385792,56.71,57.27,56.32,-0.026882646906772445,57.272000000000006,57.689,55.98466666666666,0.020422882460368833
2011-11-10,55.03,186111226,56.72,56.74,54.59,-0.02550026562776697,56.762,57.523,55.995999999999995,0.020769847604118975
2011-11-11,54.95,163319499,55.23,55.53,54.32,-0.0014537524986371064,56.315999999999995,57.25600000000001,56.04033333333333,0.018979516369992483
2011-11-14,54.18,108182162,54.79,55.04,54.03,-0.014012738853503293,55.732000000000006,56.96500000000001,56.09566666666667,0.019099803634566287
2011-11-15,55.55,107614952,54.4,55.64,54.21,0.025286083425618333,55.236000000000004,56.7265,56.17283333333333,0.020155109120489144
2011-11-16,54.97,87102636,55.61,55.88,54.9,-0.01044104410441038,54.936,56.6275,56.19950000000001,0.01615483257154647
2011-11-17,53.92,119918436,54.85,54.94,53.64,-0.0191013279970893,54.714,56.5,56.2025,0.01656188986686583
2011-11-18,53.56,92964578,54.13,54.28,53.55,-0.00667655786350152,54.436,56.372,56.205333333333336,0.016568348683760253
2011-11-21,52.72,111837844,52.91,53.1,52.27,-0.015683345780433178,54.144000000000005,56.109500000000004,56.17066666666666,0.01458626757478443
2011-11-22,53.79,102201781,53.0,53.99,52.99,0.020295902883156414,53.791999999999994,55.958000000000006,56.13866666666666,0.015134887724991877
2011-11-23,52.43,107011272,53.5,53.69,52.41,-0.025283509946086635,53.284000000000006,55.717999999999996,56.083999999999996,0.01575442934679436
2011-11-25,51.94,63689820,52.63,53.02,51.9,-0.009345794392523366,52.888,55.4245,56.03333333333333,0.01541671702520409
2011-11-28,53.73,86538996,53.19,53.82,52.9,0.03446284174046976,52.922000000000004,55.21849999999999,56.02166666666667,0.017768994677103418
2011-11-29,53.31,93871498,53.69,54.12,52.89,-0.007816862088218746,53.04,54.99249999999999,56.0195,0.017776888045009084
2011-11-30,54.6,101253000,54.47,54.61,54.04,0.024198086662915008,53.202,54.89050000000001,56.025333333333336,0.018376856037672234
2011-12-01,55.42,95857679,54.65,55.57,54.39,0.015018315018314965,53.8,54.82299999999999,56.03483333333334,0.01873810525072787
2011-12-02,55.67,94724238,55.69,56.23,55.51,0.004511006856730448,54.54600000000001,54.7275,56.048,0.01844337263974629
2011-12-05,56.14,89257027,56.21,56.63,55.77,0.00844260822705234,55.028,54.6755,56.084833333333336,0.018526073657686187
2011-12-06,55.85,70841701,56.07,56.38,55.63,-0.005165657285358005,55.536,54.613,56.111,0.018552094961607375
2011-12-07,55.58,76144063,55.7,55.85,55.25,-0.004834377797672373,55.73199999999999,54.4905,56.1215,0.018115677547042516
2011-12-08,55.81,93960468,55.92,56.5,55.75,0.0041381792011516705,55.81,54.4575,56.12483333333333,0.01717670026559022
2011-12-09,56.23,74176572,56.12,56.29,55.86,0.007525533058591494,55.922000000000004,54.517500000000005,56.126333333333335,0.016201323784608444
2011-12-12,55.98,74755332,55.95,56.27,55.64,-0.0044460252534234135,55.89,54.568999999999996,56.10583333333333,0.016240918914452486
2011-12-13,55.54,84620155,56.14,56.49,55.3,-0.00785994998213646,55.827999999999996,54.637,56.0515,0.01599695017618797
2011-12-14,54.31,101456840,55.24,55.34,53.95,-0.022146200936262073,55.574,54.575,55.97233333333333,0.015777821128624556
2011-12-15,54.13,64036768,54.76,54.82,54.04,-0.003314306757503216,55.238,54.532999999999994,55.89316666666666,0.015633440370862187
2011-12-16,54.43,105291372,54.34,54.88,54.22,0.005542213190467438,54.878,54.5585,55.84366666666667,0.015063745593793218
2011-12-19,54.6,58582206,54.64,54.98,54.35,0.0031232776042624533,54.602,54.6105,55.791000000000004,0.014974466210955637
2011-12-20,56.56,84150665,55.39,56.59,55.32,0.03589743589743599,54.806,54.802499999999995,55.77366666666667,0.016319025574681352
2011-12-21,56.64,65476620,56.67,56.76,56.0,0.0014144271570013522,55.272000000000006,54.94499999999999,55.767,0.015844440091524376
2011-12-22,56.94,50399476,56.71,57.02,56.59,0.005296610169491567,55.834,55.170500000000004,55.77066666666666,0.014412349327150027
2011-12-23,57.62,67331438,57.1,57.66,57.07,0.011942395504039416,56.472,55.45450000000001,55.801,0.014140334062205927
2011-12-27,58.08,66234181,57.59,58.44,57.57,0.007983339118361688,57.16799999999999,55.672000000000004,55.86116666666666,0.012398039149532978
2011-12-28,57.52,57101943,58.13,58.32,57.33,-0.009641873278236845,57.36,55.88250000000001,55.928,0.01249570809900293
2011-12-29,57.87,53774275,57.63,57.95,57.22,0.006084840055632812,57.60600000000001,56.04599999999999,56.00566666666667,0.011567625501041361
2011-12-30,57.86,44900596,57.64,58.04,57.64,-0.0001728011059269896,57.79,56.168000000000006,56.06933333333333,0.01122904096670065
2012-01-03,58.75,75476123,58.49,58.93,58.43,0.015381956446595346,58.016,56.322,56.15,0.011602861722147537
2012-01-04,59.06,64703000,58.57,59.24,58.47,0.005276595744680979,58.212,56.467999999999996,56.25383333333333,0.011542687333627025
2012-01-05,59.72,67606475,59.28,59.79,58.95,0.011175076193701283,58.652,56.661500000000004,56.323499999999996,0.011542308117785682
2012-01-06,60.34,79538994,59.97,60.39,59.89,0.010381781647689214,59.146,56.8995,56.37616666666667,0.01147096780127085
2012-01-09,60.25,98339110,60.79,61.11,60.19,-0.0014915478952602923,59.624,57.12149999999999,56.42266666666667,0.011540886376829583
2012-01-10,60.46,64474443,60.84,60.86,60.21,0.0034854771784231797,59.965999999999994,57.33299999999999,56.45783333333334,0.011509358359279357
2012-01-11,60.36,53739093,60.38,60.41,59.9,-0.0016539861065166805,60.226,57.55200000000001,56.458999999999996,0.011422008537067303
2012-01-12,60.2,53125179,60.33,60.41,59.82,-0.002650762094101977,60.322,57.78499999999999,56.46233333333334,0.011198489782665294
2012-01-13,59.97,56446393,59.96,60.06,59.81,-0.003820598006644582,60.248000000000005,58.068,56.4565,0.009569569131427072
2012-01-17,60.67,60589792,60.6,60.86,60.42,0.011672502918125716,60.331999999999994,58.395,56.5185,0.009469512795124872
2012-01-18,61.3,68859875,60.99,61.35,60.9,0.0103840448327015,60.5,58.7385,56.599000000000004,0.009525343504150071
2012-01-19,61.11,65151043,61.45,61.62,60.93,-0.0030995106035888176,60.65,59.06400000000001,56.68216666666667,0.009723934253126829
2012-01-20,60.04,103061661,61.07,61.07,59.96,-0.01750940926198663,60.61800000000001,59.238,56.71666666666667,0.00820748819890298
2012-01-23,61.06,76162193,60.38,61.21,60.33,0.016988674217188526,60.836,59.459,56.787333333333336,0.00876672078369561
2012-01-24,60.06,127725188,60.73,60.73,59.94,-0.01637733377006223,60.714,59.614999999999995,56.834500000000006,0.009845322670950458
2012-01-25,63.81,239249712,64.92,64.92,63.39,0.06243756243756238,61.215999999999994,59.9245,56.9345,0.01653645494460992
2012-01-26,63.52,80913094,64.05,64.11,63.31,-0.004544742203416385,61.698,60.1965,57.029,0.016663926941858438
2012-01-27,63.9,74902122,63.48,64.07,63.4,0.00598236775818628,62.470000000000006,60.515499999999996,57.130166666666675,0.016323117095551953
2012-01-30,64.72,94626868,63.67,64.84,63.63,0.012832550860719882,63.202,60.858000000000004,57.26483333333333,0.01640760929983898
2012-01-31,65.21,97874379,65.08,65.46,64.72,0.007571075401730409,64.232,61.2255,57.405499999999996,0.016352162271616486
2012-02-01,65.17,67269418,65.49,65.57,65.08,-0.0006134028523231416,64.50399999999999,61.5465,57.532000000000004,0.016266316731198924
2012-02-02,65.02,46615058,65.13,65.31,64.85,-0.002301672548718825,64.804,61.844500000000004,57.662666666666674,0.0163554347317761
2012-02-03,65.67,71618981,65.33,65.71,65.08,0.009996924023377485,65.15799999999999,62.141999999999996,57.8055,0.01633391247154175
2012-02-06,66.28,62225658,65.48,66.43,65.46,0.00928886858535094,65.47,62.43900000000001,57.943,0.01631636841017514
2012-02-07,66.98,78941684,66.46,67.11,66.37,0.01056125528062779,65.824,62.7755,58.11816666666666,0.016293206723693658
2012-02-08,68.1,101696381,67.21,68.11,67.1,0.016721409375932916,66.41,63.157500000000006,58.336,0.01647776624192196
2012-02-09,70.45,220416976,68.68,70.96,68.65,0.03450807635829678,67.49600000000001,63.662,58.59433333333334,0.017533147282252547
2012-02-10,70.49,157587127,70.14,71.09,69.79,0.000567778566358923,68.46000000000001,64.1765,58.866166666666665,0.017445750176911506
2012-02-13,71.8,128970559,71.36,71.98,71.01,0.01858419633990649,69.564,64.768,59.13700000000001,0.017361689734744758
2012-02-14,72.78,114963904,72.09,72.79,71.71,0.013649025069637943,70.724,65.3735,59.43383333333333,0.017382222161027496
2012-02-15,71.1,374517892,73.47,75.18,70.98,-0.023083264633141032,71.324,65.8635,59.720166666666664,0.018821800170642645
2012-02-16,71.74,235805641,70.21,72.13,69.52,0.009001406469760997,71.582,66.395,60.02316666666666,0.018653222864986708
2012-02-17,71.73,133666300,71.87,72.54,71.47,-0.0001393922497907596,71.83,66.9795,60.34,0.017776305412390482
2012-02-21,73.55,150412545,72.41,73.55,72.02,0.025372926251219674,72.17999999999999,67.604,60.66933333333334,0.018069041402533514
2012-02-22,73.29,120564116,73.3,73.64,72.72,-0.003535010197144639,72.28200000000001,68.2655,61.017,0.017313401651693545
2012-02-23,73.77,141721973,73.58,73.98,72.79,0.006549324600900297,72.816,68.7635,61.380833333333335,0.012177050504058652
2012-02-24,74.63,103715531,74.24,74.7,74.09,0.011657855496814307,73.39399999999999,69.31899999999999,61.729166666666664,0.011879496339507986
2012-02-27,75.11,136457481,74.47,75.5,73.75,0.006431729867345526,74.07000000000001,69.87950000000001,62.092499999999994,0.01187558799942064
2012-02-28,76.49,149434575,75.42,76.49,75.12,0.018373052855811478,74.658,70.46799999999999,62.45733333333333,0.012053100615358647
2012-02-29,77.49,237448891,77.37,78.23,76.53,0.013073604392731086,75.498,71.082,62.82516666666666,0.012094517118266323
2012-03-01,77.78,170563731,78.31,78.32,76.97,0.00374241837656486,76.3,71.7125,63.193666666666665,0.011955772661093477
2012-03-02,77.88,107544392,77.75,78.11,77.5,0.0012856775520697639,76.95,72.35549999999999,63.556,0.011804014458699597
2012-03-05,76.17,201797181,77.92,78.21,75.14,-0.021956856702619376,77.162,72.88050000000001,63.894666666666666,0.01369205380392176
2012-03-06,75.75,202211301,74.81,76.24,73.75,-0.0055139818826309694,77.014,73.354,64.23083333333334,0.013988999610300755
2012-03-07,75.81,198964910,76.69,76.83,74.76,0.0007920792079207928,76.67800000000001,73.7955,64.56416666666667,0.014021001142783053
2012-03-08,77.43,128668929,76.38,77.57,76.02,0.021369212504946722,76.608,74.262,64.9175,0.014239563377975505
2012-03-09,77.88,104560151,77.74,78.25,77.59,0.005811700891127369,76.608,74.6335,65.2825,0.012627205140320955
2012-03-12,78.86,101001000,78.43,78.86,78.14,0.012583461736004109,77.146,75.05199999999999,65.67116666666666,0.012685843722211888
2012-03-13,81.16,172173592,79.65,81.17,79.39,0.029165609941668835,78.228,75.52,66.11866666666667,0.013449053933347072
2012-03-14,84.23,353599156,82.58,84.96,82.2,0.03782651552488914,79.912,76.0925,66.62033333333333,0.015132155300548705
2012-03-15,83.65,289496777,85.66,85.72,82.65,-0.006885907633859656,81.15599999999999,76.72,67.10733333333333,0.013786132453465253
2012-03-16,83.65,206076492,83.53,84.17,82.57,0.0,82.31,77.3155,67.5915,0.013906725029596721
2012-03-19,85.87,224435817,85.48,85.97,84.15,0.02653915122534367,83.71200000000002,78.02250000000001,68.08,0.014376638394468717
2012-03-20,86.57,203497481,85.64,86.7,83.14,0.008151857458949419,84.79400000000001,78.6735,68.57883333333334,0.013859264300630005
2012-03-21,86.07,160447118,86.11,87.09,85.92,-0.00577567286588887,85.162,79.31249999999999,69.06433333333332,0.013968367163710744
2012-03-22,85.62,155867437,85.4,86.36,85.08,-0.0052283025444404,85.55600000000001,79.905,69.53099999999999,0.014284573246217083
2012-03-23,85.15,107403062,85.78,85.97,84.91,-0.005489371642139695,85.856,80.43100000000001,69.98216666666667,0.014538770244430966
2012-03-26,86.71,148719035,85.68,86.74,85.04,0.018320610687022842,86.024,81.011,70.46866666666666,0.014767832090969633
2012-03-27,87.78,151353625,86.6,88.04,86.58,0.012339983854226855,86.26599999999999,81.5755,70.96716666666666,0.014590496180479898
2012-03-28,88.23,163667329,88.34,88.78,87.19,0.005126452494873535,86.69800000000001,82.1125,71.47333333333334,0.014524667358657364
2012-03-29,87.12,151111705,87.54,88.08,86.75,-0.012580754845290754,86.998,82.5795,71.94616666666667,0.01513987519010099
2012-03-30,85.65,182067395,86.97,87.22,85.42,-0.016873278236914535,87.098,82.968,72.38933333333333,0.015947440650117002
2012-04-02,88.38,149091365,85.98,88.4,85.77,0.03187390542907176,87.43199999999999,83.57849999999999,72.867,0.015719587900262993
2012-04-03,89.9,208117692,89.61,90.32,88.93,0.01719846119031465,87.85600000000001,84.286,73.35966666666667,0.01554345224171734
2012-04-04,89.19,142980433,89.19,89.41,88.14,-0.007897664071190302,88.048,84.955,73.84200000000001,0.01589402701885661
2012-04-05,90.53,159997578,89.57,90.67,89.06,0.015024105841462188,88.72999999999999,85.61,74.34316666666668,0.0156808784272022
2012-04-09,90.89,149052655,89.45,91.41,89.33,0.003976582348392821,89.77799999999999,86.26050000000001,74.852,0.015699478242818015
2012-04-10,89.78,221909237,91.42,92.0,89.43,-0.01221256463857412,90.058,86.8065,75.345,0.01627613479117381
2012-04-11,89.46,173844142,90.89,90.98,89.05,-0.0035642682111829416,89.97,87.2215,75.83649999999999,0.01551882547064378
2012-04-12,88.97,153188746,89.29,90.19,88.64,-0.005477308294209671,89.926,87.4585,76.30816666666668,0.013598982370666986
2012-04-13,86.46,214640084,89.16,89.24,86.22,-0.02821175677194565,89.112,87.599,76.7275,0.015148551865188188
2012-04-16,82.88,262356159,87.15,87.18,82.61,-0.04140643071940775,87.50999999999999,87.5605,77.09033333333333,0.017968947905060536
2012-04-17,87.1,255328647,82.71,87.14,81.7,0.05091698841698844,86.974,87.622,77.54133333333333,0.02053022151768474
2012-04-18,86.91,238277411,87.67,88.61,86.1,-0.0021814006888632997,86.464,87.639,77.97216666666667,0.020468326396407062
2012-04-19,83.92,208302982,85.75,86.39,83.5,-0.03440340582211476,85.454,87.53150000000001,78.36983333333333,0.021875133369914795
2012-04-20,81.85,257480867,84.48,84.95,81.49,-0.024666348903717883,84.532,87.34299999999999,78.6705,0.022494182483081517
2012-04-23,81.67,241398292,81.52,82.38,79.52,-0.0021991447770310923,84.28999999999999,87.169,78.973,0.022479418668789896
2012-04-24,80.04,263552249,80.37,81.1,79.29,-0.01995836904616133,82.87800000000001,86.8355,79.242,0.022300991081101926
2012-04-25,87.14,225862488,87.95,88.29,86.57,0.0887056471764116,82.924,86.8035,79.61566666666666,0.030303959207562597
2012-04-26,86.81,133588810,87.75,87.81,86.02,-0.0037870094101445373,83.502,86.7325,79.97566666666667,0.03029105962784972
2012-04-27,86.14,101533910,86.44,86.6,85.79,-0.007718004838152326,84.36,86.68350000000001,80.32516666666668,0.03020742629016021
2012-04-30,83.43,126321688,85.4,85.49,83.29,-0.0314604132807057,84.712,86.57249999999999,80.632,0.030802871152789117
2012-05-01,83.16,152492176,83.56,85.25,83.03,-0.003236245954692629,85.336,86.3115,80.9235,0.029823295614283308
2012-05-02,83.71,106750312,82.89,83.91,82.69,0.006613756613756516,84.65,86.002,81.21399999999998,0.029545568286765855
2012-05-03,83.12,97380669,84.36,84.49,82.9,-0.0070481423963683065,83.912,85.6985,81.483,0.029539004355394267
2012-05-04,80.75,132304520,82.44,82.62,80.74,-0.028512993262752695,82.834,85.20949999999999,81.69383333333333,0.029735489183029776
2012-05-07,81.35,114959564,80.21,81.82,80.18,0.007430340557275539,82.418,84.7325,81.8755,0.029802100565404457
2012-05-08,81.17,124080357,81.37,81.64,79.82,-0.002212661339889288,82.02,84.30199999999999,82.0535,0.029760680595115753
2012-05-09,81.31,120022806,80.53,82.0,80.12,0.0017247751632376573,81.53999999999999,83.89450000000001,82.212,0.029794025283333813
2012-05-10,81.5,83026395,82.08,82.27,81.21,0.002336735948837765,81.216,83.521,82.35733333333334,0.029829738271574556
2012-05-11,80.96,99653570,80.71,82.07,80.62,-0.0066257668711656725,81.258,83.246,82.52166666666668,0.02929188247204081
2012-05-14,79.75,87975396,80.37,81.07,79.66,-0.014945652173912971,80.93799999999999,83.0895,82.65516666666667,0.028030802377676377
2012-05-15,79.02,118859546,80.21,80.46,78.82,-0.009153605015674082,80.50800000000001,82.68549999999999,82.77666666666666,0.025185660486496297
2012-05-16,78.01,139914782,79.15,79.56,77.29,-0.012781574284991049,79.848,82.2405,82.85100000000001,0.025244329190394064
2012-05-17,75.73,178603164,77.9,78.21,75.73,-0.02922702217664408,78.694,81.83099999999999,82.89166666666667,0.024952879879602777
2012-05-18,75.77,182773345,76.28,77.63,74.6,0.0005281922619833068,77.65599999999999,81.527,82.925,0.024531479160141034
2012-05-21,80.18,157250007,76.36,80.22,76.29,0.05820245479741337,77.74199999999999,81.4525,83.0175,0.02815967931305467
2012-05-22,79.57,173417772,81.36,81.98,78.94,-0.007607882264904164,77.852,81.429,83.09183333333334,0.02784547633844055
2012-05-23,81.51,145594164,79.64,81.83,79.03,0.024381048133718997,78.55199999999999,81.14750000000001,83.17550000000001,0.019545871513294562
2012-05-24,80.76,123856147,82.27,82.36,80.18,-0.00920132499079862,79.55799999999999,80.845,83.22999999999999,0.01959252518476014
2012-05-25,80.33,81958125,80.66,80.84,79.78,-0.005324418028727185,80.47,80.55449999999999,83.2725,0.01957222602799996
2012-05-29,81.75,94973228,81.56,82.0,80.76,0.017677082036599012,80.784,80.4705,83.33699999999999,0.018925427941835878
2012-05-30,82.74,132188320,81.31,82.86,80.94,0.012110091743119167,81.418,80.4495,83.4465,0.01913350973360667
2012-05-31,82.53,122817347,82.96,83.07,81.64,-0.0025380710659898,81.622,80.3905,83.5595,0.019074296805553337
2012-06-01,80.14,130080689,81.31,81.81,80.07,-0.028959166363746514,81.498,80.2415,83.63166666666667,0.0200710069192733
2012-06-04,80.61,138991972,80.21,81.07,78.36,0.005864736710756269,81.554,80.2345,83.68466666666667,0.019096413504226868
2012-06-05,80.4,96944429,80.18,80.92,79.76,-0.002605135839225836,81.28399999999999,80.187,83.72666666666666,0.019024931931834643
2012-06-06,81.64,100135800,81.11,81.98,80.79,0.015422885572139222,81.064,80.2105,83.773,0.01934339256661457
2012-06-07,81.67,94916808,82.47,82.47,81.5,0.0003674669279765119,80.89200000000001,80.2285,83.78150000000001,0.019341116979989893
2012-06-08,82.9,86587996,81.66,82.94,81.29,0.015060609771029743,81.444,80.29849999999999,83.75933333333333,0.0196156294051078
2012-06-11,81.6,147605824,83.96,84.07,81.52,-0.015681544028950722,81.64200000000001,80.3305,83.72516666666667,0.019904099960302474
2012-06-12,82.31,108784723,82.07,82.37,80.96,0.008700980392156943,82.024,80.4585,83.70283333333333,0.01963383572482163
2012-06-13,81.74,73380042,82.07,82.64,81.48,-0.006925039484874329,82.044,80.59450000000001,83.634,0.019574862279673828
2012-06-14,81.65,86325986,81.61,81.93,81.04,-0.0011010521164667164,82.03999999999999,80.77650000000001,83.55199999999999,0.019286743520016084
2012-06-15,82.02,83596545,81.57,82.09,81.36,0.0045315370483771655,81.864,81.09100000000001,83.48450000000001,0.01778677650230569
2012-06-18,83.68,109922713,81.57,83.98,81.48,0.020238966105827982,82.28,81.4865,83.45216666666667,0.018118790569660287
2012-06-19,83.92,90239127,83.34,84.29,83.3,0.002868068833651982,82.602,81.6735,83.43166666666666,0.01312477716459706
2012-06-20,83.68,89706357,84.03,84.18,82.97,-0.0028598665395613843,82.99000000000001,81.879,83.38116666666666,0.012977022155043694
2012-06-21,82.52,81511944,83.63,84.03,82.49,-0.013862332695984803,83.164,81.92949999999999,83.29350000000001,0.012403802544297527
2012-06-22,83.16,70792001,82.72,83.17,82.2,0.007755695588948175,83.39200000000001,82.0495,83.209,0.012270990775910595
2012-06-25,81.54,75963043,82.47,82.83,81.48,-0.01948051948051932,82.964,82.11,83.116,0.01306986590533405
2012-06-26,81.72,69124972,81.62,82.07,81.05,0.002207505518763808,82.524,82.1085,83.0505,0.012464036397565709
2012-06-27,82.07,50737114,82.14,82.39,81.7,0.004282917278511933,82.202,82.075,82.94533333333334,0.012185390427578068
2012-06-28,81.29,70572061,81.67,82.0,80.8,-0.00950408188132068,81.95599999999999,82.013,82.80183333333335,0.012350102110734376
2012-06-29,83.43,105131912,82.57,83.43,82.04,0.026325501291671882,82.01000000000002,82.1775,82.70583333333333,0.011865849442508347
2012-07-02,84.65,99806940,83.53,84.78,83.37,0.014623037276758843,82.632,82.37950000000001,82.60783333333333,0.012170566403178951
2012-07-03,85.63,60428183,84.98,85.71,84.86,0.011577082102776082,83.414,82.64099999999999,82.52016666666667,0.012269102798131854
2012-07-05,87.13,120978516,85.79,87.76,85.66,0.017517225271517,84.426,82.9155,82.47600000000001,0.012387040658409093
2012-07-06,86.55,104693151,86.73,86.92,85.94,-0.006656719843911363,85.47800000000001,83.15950000000001,82.4275,0.012573693030808315
2012-07-09,87.7,94701768,86.47,87.7,86.3,0.013287117273252491,86.33200000000001,83.39949999999999,82.40633333333334,0.012489993530671494
2012-07-10,86.89,127763688,88.28,88.55,86.47,-0.009236031927023935,86.78,83.664,82.41349999999998,0.01206131557064748
2012-07-11,86.35,117068665,86.59,86.81,85.32,-0.006214754287029667,86.924,83.866,82.47133333333333,0.012164912291132665
2012-07-12,85.56,106873442,85.75,86.21,84.67,-0.009148812970468878,86.61,84.057,82.44566666666667,0.012265041880830467
2012-07-13,86.42,77827633,86.14,86.74,85.71,0.010051425899953337,86.58399999999999,84.29549999999999,82.4375,0.012352730961141718
2012-07-16,86.7,75263813,86.45,87.37,86.43,0.003239990742883503,86.384,84.5295,82.48383333333335,0.012347210821647605
2012-07-17,86.71,73378782,87.26,87.36,86.16,0.00011534025374837498,86.348,84.681,82.56483333333333,0.011656251678041182
2012-07-18,86.61,62685509,86.66,86.91,86.22,-0.0011532695190865638,86.4,84.8155,82.64716666666666,0.011672336485630586
2012-07-19,87.76,108981913,87.33,87.91,86.57,0.013277912481237886,86.84,85.0195,82.77583333333334,0.01190021874987767
2012-07-20,86.33,99227200,87.58,87.78,86.24,-0.016294439380127645,86.82199999999999,85.21000000000001,82.76233333333334,0.012086652056002076
2012-07-23,86.26,121642186,84.91,86.56,83.96,-0.0008108421174561897,86.734,85.365,82.75316666666666,0.012035888344631948
2012-07-24,85.85,137351661,86.77,87.1,85.5,-0.004753072107581802,86.562,85.5805,82.74833333333332,0.011070760927508524
2012-07-25,82.14,219211506,82.07,82.97,81.43,-0.043214909726266626,85.66799999999999,85.6015,82.72683333333335,0.015092164086057755
2012-07-26,82.13,101611050,82.82,82.91,81.48,-0.00012174336498671501,84.542,85.6045,82.70966666666668,0.015064102304868428
2012-07-27,83.59,100956620,82.14,83.69,81.66,0.017776695482771387,83.994,85.71950000000001,82.70766666666667,0.015376263326041254
2012-07-30,85.0,94626868,84.42,85.63,83.97,0.01686804641703543,83.742,85.798,82.73899999999999,0.014703626063617867
2012-07-31,87.25,115373055,86.18,87.39,86.1,0.026470588235294024,84.022,85.928,82.84733333333332,0.015497057870855943
2012-08-01,86.69,96002719,87.99,88.06,86.14,-0.006418338108882593,84.932,85.981,82.93633333333334,0.01541123154952418
2012-08-02,86.83,83023385,86.12,87.24,85.75,0.0016149498212019164,85.872,85.966,83.03066666666668,0.014901277975647505
2012-08-03,87.96,86083296,87.66,88.28,87.37,0.013013935275826283,86.746,86.0365,83.1415,0.015091328480646714
2012-08-06,88.94,75488233,88.18,89.27,87.89,0.011141427921782743,87.53399999999999,86.0985,83.26549999999999,0.015006150909087603
2012-08-07,88.7,72558872,88.97,89.29,88.29,-0.0026984483921744795,87.824,86.189,83.39450000000001,0.01484614695710553
2012-08-08,88.55,60970746,88.48,89.13,88.16,-0.0016910935738444488,88.196,86.299,83.54116666666665,0.014762469119694354
2012-08-09,88.68,55081834,88.26,88.82,88.26,0.0014680971202711834,88.566,86.455,83.70216666666667,0.014553984112282502
2012-08-10,88.81,48726623,88.39,88.82,88.39,0.0014659449706810879,88.736,86.5745,83.88216666666668,0.014426778211195923
2012-08-13,90.0,69562052,89.06,90.0,89.04,0.01339939196036477,88.94800000000001,86.73949999999999,84.12000000000002,0.014669388801232197
2012-08-14,90.24,84939075,90.27,91.23,90.03,0.002666666666666595,89.256,86.916,84.36116666666666,0.014663478037283085
2012-08-15,90.12,64307325,90.19,90.57,89.68,-0.0013297872340424233,89.57000000000001,87.09150000000001,84.52683333333333,0.014665592433740198
2012-08-16,90.91,63601368,90.17,90.97,90.07,0.008766089658233334,90.016,87.249,84.71583333333334,0.014518426343032203
2012-08-17,92.59,110457373,91.43,92.6,91.26,0.01847981520184816,90.772,87.562,84.9005,0.014309855173727798
2012-08-20,95.02,152992536,92.86,95.02,92.84,0.026244734852575835,91.776,88.0,85.13816666666666,0.01512603660756057
2012-08-21,93.72,202792581,95.83,96.41,92.9,-0.013681330246263945,92.47200000000001,88.3935,85.36133333333333,0.015553417085106271
2012-08-22,95.55,140900172,93.49,95.57,92.59,0.0195262483994878,93.55799999999999,89.064,85.59133333333334,0.01111455863189379
2012-08-23,94.66,104855271,95.16,95.7,94.45,-0.00931449502878079,94.308,89.6905,85.78999999999999,0.011630876755539362
2012-08-24,94.75,107074132,94.22,95.64,93.65,0.0009507711810692321,94.74,90.24849999999999,85.99366666666667,0.011431514452130776
2012-08-27,96.53,106575802,97.14,97.27,96.22,0.018786279683377316,95.042,90.825,86.26683333333332,0.011532036827382514
2012-08-28,96.4,66709096,96.43,96.59,95.81,-0.0013467315860353768,95.578,91.2825,86.53,0.010631777310680945
2012-08-29,96.21,50544551,96.46,96.81,96.09,-0.001970954356846577,95.71000000000001,91.7585,86.79350000000001,0.010423711636221772
2012-08-30,94.84,75514273,95.81,95.94,94.69,-0.014239684024529575,95.74600000000001,92.15899999999999,87.01350000000001,0.011284051434678508
2012-08-31,95.03,84463495,95.32,95.51,93.89,0.00200337410375373,95.80199999999999,92.5125,87.23616666666666,0.011113176450889037
2012-09-04,96.42,91805028,95.11,96.45,94.93,0.014626959907397596,95.78,92.8865,87.46150000000002,0.011258575128833746
2012-09-05,95.75,83949835,96.51,96.62,95.66,-0.0069487658162207255,95.65,93.239,87.69733333333333,0.011432537522347717
2012-09-06,96.61,97738999,96.17,96.9,95.83,0.008981723237597938,95.73,93.64200000000001,87.93566666666666,0.01140722598113026
2012-09-07,97.21,82228185,96.86,97.5,96.54,0.006210537211468692,96.204,94.0685,88.1935,0.011391768332435168
2012-09-10,94.68,121551956,97.21,97.61,94.59,-0.026026128999074083,96.134,94.362,88.41066666666667,0.013297273674059982
2012-09-11,94.37,125760918,95.02,95.73,93.79,-0.0032741867342628295,95.724,94.5805,88.6165,0.013151936220269498
2012-09-12,95.68,177589913,95.26,95.7,93.71,0.013881530147292542,95.71000000000001,94.8525,88.8165,0.013398182794741142
2012-09-13,97.57,149262095,96.77,97.93,96.4,0.01975334448160515,95.902,95.225,89.04400000000001,0.013859691658191632
2012-09-14,98.75,149877325,98.57,99.57,98.27,0.012093881315978328,96.21000000000001,95.617,89.29516666666667,0.013938780942456567
2012-09-17,99.97,98918360,99.91,99.97,99.23,0.012354430379746928,97.268,95.986,89.58600000000001,0.01367413936171066
2012-09-18,100.27,93139368,99.98,100.33,99.49,0.0030009002700810417,98.44800000000001,96.2485,89.87116666666665,0.012625347352885298
2012-09-19,100.3,81575714,100.04,100.57,99.94,0.00029919218111107426,99.372,96.5775,90.18383333333333,0.012040107417852273
2012-09-20,99.81,83949835,99.88,100.01,99.09,-0.004885343968095701,99.82000000000001,96.7905,90.48533333333334,0.011554004831791136
2012-09-21,100.01,142582763,100.34,100.72,99.91,0.0020038072337440482,100.072,97.058,90.78433333333332,0.011230585851363675
2012-09-24,98.68,159435968,98.12,99.3,97.57,-0.01329867013298669,99.814,97.2545,91.07416666666667,0.011792847042553314
2012-09-25,96.22,129376629,98.32,98.97,96.14,-0.024929063640048765,99.00399999999999,97.239,91.28733333333335,0.012563448225648834
2012-09-26,95.03,144088393,95.53,96.1,94.46,-0.012367491166077715,97.95000000000002,97.1705,91.46033333333334,0.012859868842957504
2012-09-27,97.33,148037514,94.9,97.45,94.34,0.024202883300010525,97.45400000000001,97.2265,91.65533333333333,0.01399832810364144
2012-09-28,95.3,133569490,96.96,97.3,95.25,-0.020856878660228118,96.512,97.2495,91.7915,0.014440545393197375
2012-10-01,94.2,135694481,95.88,96.68,93.79,-0.011542497376705096,95.616,97.208,91.91900000000001,0.014674261998484341
2012-10-02,94.47,156293037,94.54,95.19,92.95,0.0028662420382166154,95.266,97.1105,92.03183333333332,0.014273261699574857
2012-10-03,95.92,105850532,94.98,95.98,94.66,0.015348787975018485,95.44399999999999,97.119,92.18233333333335,0.014643917379744149
2012-10-04,95.26,92516018,95.89,96.32,95.08,-0.006880733944954143,95.03,97.0515,92.33083333333333,0.0145721236696931
2012-10-05,93.23,148189554,95.03,95.14,93.04,-0.021310098677304268,94.616,96.8525,92.45866666666667,0.015181566685035272
2012-10-08,91.17,159189568,92.41,92.51,90.87,-0.022095891880296037,94.01,96.67699999999999,92.53783333333334,0.01487627304675292
2012-10-09,90.84,209390853,91.24,91.5,89.08,-0.0036196117143797446,93.28400000000002,96.5005,92.60683333333333,0.014878297278473382
2012-10-10,91.56,127322338,91.39,92.14,91.0,0.00792602377807139,92.412,96.2945,92.68766666666667,0.014605034755187665
2012-10-11,89.73,136341211,92.36,92.46,89.73,-0.01998689384010488,91.30600000000001,95.9025,92.73966666666666,0.014172792593551276
2012-10-12,89.96,114883754,89.94,90.77,89.33,0.0025632452914297055,90.652,95.463,92.77633333333333,0.013754264710765433
2012-10-15,90.68,107948432,90.34,90.73,89.12,0.008003557136505357,90.554,94.9985,92.84883333333332,0.01350479706391754
2012-10-16,92.83,137208791,90.77,92.9,90.14,0.0237097485663873,90.952,94.6265,92.95833333333333,0.014858642723132712
2012-10-17,92.09,97195099,92.7,93.26,92.0,-0.007971560917806708,91.058,94.216,93.06233333333333,0.014855329858831916
2012-10-18,90.38,119025656,91.37,91.72,90.0,-0.018568791399717788,91.188,93.7445,93.19966666666666,0.015201748259596033
2012-10-19,87.12,185618286,90.15,90.25,87.09,-0.03606992697499434,90.62,93.1,93.28283333333333,0.016617595666877493
2012-10-22,90.58,136374671,87.49,90.77,87.25,0.03971533516988046,90.6,92.69500000000001,93.39933333333333,0.019495903091503713
2012-10-23,87.62,176497913,90.14,90.56,87.39,-0.03267829542945455,89.55799999999999,92.265,93.44300000000001,0.02000221927683752
2012-10-24,88.12,139246492,88.78,89.51,87.23,0.005706459712394363,88.76400000000001,91.9195,93.45750000000001,0.020035400283996925
2012-10-25,87.08,159313328,88.57,88.86,86.51,-0.011802088061734106,88.10400000000001,91.40700000000001,93.464,0.01899867620579167
2012-10-26,86.29,254608276,87.06,87.71,84.43,-0.009072117593017848,87.93800000000002,90.9565,93.455,0.018673273942173038
2012-10-31,85.05,127361118,84.98,85.99,83.96,-0.014370147178120352,86.832,90.499,93.40650000000001,0.018737700269519476
2012-11-01,85.22,90287637,85.46,86.14,84.88,0.001998824221046469,86.352,90.0365,93.3445,0.018719701920057685
2012-11-02,82.4,149722555,85.13,85.28,82.11,-0.03309082375029326,85.208,89.3605,93.23949999999999,0.01908218088423314
2012-11-05,83.52,132221850,83.36,83.97,82.51,0.013592233009708687,84.49600000000001,88.7735,93.15566666666668,0.019651828039847406
2012-11-06,83.26,93580438,84.32,84.39,82.87,-0.0031130268199233146,83.89000000000001,88.275,93.06533333333333,0.019342583377666006
2012-11-07,79.71,198152419,81.98,82.08,79.39,-0.04263752101849638,82.822,87.702,92.91366666666666,0.020765410971025695
2012-11-08,76.82,263467059,80.09,80.32,76.47,-0.0362564295571447,81.142,87.001,92.69399999999999,0.021785436546178368
2012-11-09,78.15,232298080,77.2,79.27,76.25,0.017313199687581493,80.292,86.3305,92.4925,0.022245601031059232
2012-11-12,77.55,128801509,79.16,79.21,76.95,-0.007677543186180524,79.098,85.7215,92.28299999999999,0.02205580581292194
2012-11-13,77.56,133201920,76.99,78.64,76.62,0.00012894906511928816,77.958,85.1015,92.0605,0.022006710716568022
2012-11-14,76.7,119026076,77.93,78.21,76.6,-0.01108818978855075,77.356,84.4025,91.79566666666666,0.02172676993133832
2012-11-15,75.09,197157859,76.79,77.07,74.66,-0.020990873533246357,77.01,83.5155,91.46350000000001,0.020548235382019976
2012-11-16,75.38,316194785,75.03,75.71,72.25,0.003862032227992973,76.45599999999999,82.68,91.15783333333334,0.020789183279877336
2012-11-19,80.82,205441312,77.24,81.07,77.13,0.07216768373573901,77.11,82.202,90.91233333333334,0.027561977109146086
2012-11-20,80.13,160537558,81.7,81.71,79.23,-0.008537490720118779,77.624,81.8525,90.67016666666667,0.026611108848137294
2012-11-21,80.24,93231278,80.61,81.05,79.51,0.0013727692499687638,78.332,81.3355,90.42833333333333,0.02461423947820067
2012-11-23,81.64,68206599,81.02,81.71,80.37,0.017447657028913266,79.642,81.0365,90.18016666666668,0.024278631180652
2012-11-26,84.22,157238387,82.27,84.29,81.96,0.03160215580597736,81.41,80.8415,89.97716666666666,0.025444089600253204
2012-11-27,83.54,133099650,84.22,84.35,82.87,-0.008074091664687644,81.954,80.6645,89.766,0.025381753056607528
2012-11-28,83.28,130112749,82.47,83.69,81.75,-0.0031122815417764516,82.584,80.514,89.57333333333332,0.025326450445816204
2012-11-29,84.19,128394879,84.32,84.89,83.61,0.01092699327569635,83.374,80.471,89.39266666666666,0.025280100648402703
2012-11-30,83.61,97622309,83.83,84.06,83.24,-0.006889179237439147,83.768,80.3905,89.17916666666666,0.025317353532066104
2012-12-03,83.74,90911547,84.81,84.94,83.64,0.0015548379380456723,83.672,80.4575,88.979,0.024138878767661263
2012-12-04,82.26,138712182,83.11,83.11,81.73,-0.017673752089801598,83.41600000000001,80.3945,88.73983333333334,0.02429778815011994
2012-12-05,76.97,259803118,81.27,81.32,76.97,-0.06430829078531497,82.154,80.08,88.4025,0.028187986489794727
2012-12-06,78.18,294065958,75.56,79.04,74.09,0.015720410549564967,80.952,80.0035,88.1275,0.026920114491965436
2012-12-07,76.18,196603459,79.06,79.31,75.71,-0.02558199027884367,79.466,79.9715,87.82433333333333,0.02627458881886665
2012-12-10,75.69,157477787,75.0,76.93,74.51,-0.006432134418482671,77.85600000000001,79.84849999999999,87.49116666666666,0.025981570143515563
2012-12-11,77.34,147820794,77.11,78.51,76.77,0.021799445105033843,76.872,79.838,87.154,0.026431672836994675
2012-12-12,77.0,121630216,78.25,78.29,76.61,-0.004396172743729054,76.878,79.81,86.7915,0.02645162566081168
2012-12-13,75.67,155971877,75.88,76.81,75.11,-0.017272727272727217,76.376,79.7585,86.3865,0.026623276637909893
2012-12-14,72.83,252115436,73.54,74.02,72.23,-0.03753138628254271,75.70599999999999,79.6455,85.92916666666666,0.027539650571054414
2012-12-17,74.12,189181917,72.7,74.29,71.6,0.017712481120417456,75.39200000000001,79.5825,85.49283333333332,0.02784523780357972
2012-12-18,76.27,156143657,75.0,76.41,74.32,0.02900701565029662,75.178,79.35499999999999,85.1005,0.02320486998363728
2012-12-19,75.19,112061074,75.92,76.24,75.07,-0.014160220270093116,74.816,79.10799999999999,84.68683333333334,0.023313971017783448
2012-12-20,74.53,120153986,75.71,75.74,74.13,-0.008777763000398897,74.588,78.8225,84.28433333333334,0.02332621150482886
2012-12-21,74.19,148609695,73.21,74.24,72.89,-0.004561921373943401,74.86,78.45,83.91716666666666,0.022803126165496183
2012-12-24,74.31,43936990,74.34,74.89,74.1,0.0016174686615446632,74.898,77.9545,83.57183333333334,0.021234811740762007
2012-12-26,73.29,75475003,74.14,74.21,73.02,-0.013726281792490913,74.30199999999999,77.44200000000001,83.17116666666668,0.02130107322358771
2012-12-27,73.58,113575314,73.36,73.75,72.09,0.0039568836130439156,73.97999999999999,76.95700000000001,82.80916666666667,0.021415172378354767
2012-12-28,72.8,88117426,72.9,73.5,72.59,-0.010600706713780883,73.634,76.3875,82.4525,0.0210602788687382
2012-12-31,76.02,164519649,72.93,76.49,72.71,0.044230769230769296,74.0,76.00800000000001,82.145,0.023977916807573378
2013-01-02,78.43,139906732,79.12,79.29,77.38,0.031702183635885506,74.824,75.7425,81.8535,0.025288469317449894
2013-01-03,77.44,88054216,78.27,78.52,77.29,-0.012622720897615847,75.654,75.50150000000001,81.5565,0.025158721092125216
2013-01-04,75.29,148374285,76.71,76.95,75.12,-0.027763429752066027,75.99600000000001,75.4175,81.2575,0.021512427291996337
2013-01-07,74.84,120838376,74.57,75.61,73.6,-0.005976889361136939,76.404,75.2505,80.98533333333333,0.02117545343238685
2013-01-08,75.04,114451364,75.6,75.98,74.46,0.0026723677177979965,76.208,75.1935,80.722,0.020447165424400376
2013-01-09,73.87,101748741,74.64,75.0,73.71,-0.015591684434968056,75.296,75.10249999999999,80.42716666666666,0.02068687539934678
2013-01-10,74.79,149986665,75.51,75.53,73.65,0.012454311628536718,74.766,74.975,80.17816666666666,0.020245287889424136
2013-01-11,74.33,87569116,74.43,75.05,74.15,-0.006150554887017101,74.574,74.8415,79.91766666666666,0.02026237515694782
2013-01-14,71.68,183021145,71.81,72.5,71.22,-0.03565182295170177,73.942,74.642,79.60100000000001,0.02139706097659472
2013-01-15,69.42,217802615,71.19,71.28,69.05,-0.031529017857142905,72.81800000000001,74.4715,79.21083333333334,0.02091636436370186
2013-01-16,72.3,172393952,70.66,72.78,70.36,0.04148660328435594,72.504,74.38050000000001,78.88100000000001,0.02270586746815638
2013-01-17,71.81,112900444,72.9,72.96,71.72,-0.006777316735822936,71.908,74.1575,78.5715,0.021599895979484814
2013-01-18,71.43,116987465,71.22,71.75,70.91,-0.005291742097200847,71.328,73.96950000000001,78.31,0.0214446313922353
2013-01-22,72.11,114745924,72.08,72.55,70.95,0.009519809603807827,71.41400000000002,73.8485,78.00216666666667,0.021545823404461675
2013-01-23,73.43,191090117,72.69,73.57,72.11,0.018305366800721146,72.21600000000001,73.8105,77.76566666666666,0.02197338843453449
2013-01-24,64.36,364459099,65.71,66.53,64.32,-0.12351899768487007,70.628,73.31300000000002,77.36966666666666,0.03522361101547338
2013-01-25,62.84,301617420,64.53,65.18,62.14,-0.023617153511497735,68.834,72.79050000000001,76.96566666666666,0.03539876274292449
2013-01-28,64.26,195771859,62.55,64.74,62.27,0.022597071928707857,67.4,72.3245,76.5985,0.03594466495541549
2013-01-29,65.47,142486933,65.5,65.74,64.59,0.018829754123871778,66.072,71.958,76.27216666666666,0.03635110375303489
2013-01-30,65.26,104140851,65.29,66.09,64.93,-0.0032075759890024536,64.43800000000002,71.42,75.9395,0.03449510965609055
2013-01-31,65.07,79445474,65.28,65.61,65.0,-0.0029114311982839647,64.58000000000001,70.752,75.65066666666667,0.03329836136407267
2013-02-01,64.8,134704470,65.59,65.64,64.05,-0.004149377593360981,64.97200000000001,70.11999999999999,75.33866666666668,0.03330022789331802
2013-02-04,63.19,119044766,64.84,65.13,63.14,-0.02484567901234569,64.758,69.515,75.00416666666666,0.0332168207134595
2013-02-05,65.41,142959083,63.44,65.68,63.17,0.03513214116157615,64.746,69.04350000000001,74.76583333333333,0.03460252895382225
2013-02-06,65.34,148003914,65.21,66.64,64.65,-0.0010701727564591534,64.76199999999999,68.55850000000001,74.5745,0.03456261893180724
2013-02-07,66.89,175627813,66.18,67.14,64.87,0.02372206917661468,65.126,68.2095,74.38683333333333,0.03511977950014704
2013-02-08,67.85,158143417,67.71,68.4,66.89,0.014351921064434059,65.736,67.8625,74.22516666666667,0.03517004880840115
2013-02-11,68.56,128206578,68.07,69.28,67.61,0.010464259395726039,66.81,67.574,74.07516666666668,0.035318428953673035
2013-02-12,66.84,151743386,68.5,68.91,66.82,-0.025087514585764303,67.096,67.33200000000001,73.91083333333334,0.0348871831529635
2013-02-13,66.72,118682866,66.74,67.66,66.17,-0.0017953321364453378,67.37199999999999,67.197,73.77133333333333,0.034229405735646805
2013-02-14,66.66,88785717,66.36,67.38,66.29,-0.0008992805755395628,67.326,66.91499999999999,73.626,0.03271337516030497
2013-02-15,65.74,97873819,66.98,67.17,65.7,-0.013801380138013797,66.904,66.6115,73.37466666666667,0.03278789017592127
2013-02-19,65.71,108820003,65.87,66.1,64.84,-0.0004563431700639331,66.334,66.3255,73.13433333333334,0.03279463247017899
2013-02-20,64.12,118823076,65.38,65.38,64.11,-0.024197230254146884,65.78999999999999,65.926,72.86566666666667,0.03294977735364064
2013-02-21,63.72,111563653,63.71,64.17,63.26,-0.006238303181534732,65.19,65.4405,72.56700000000001,0.0324777138691566
2013-02-22,64.4,82560265,64.18,64.51,63.8,0.010671688637790444,64.738,65.4425,72.23666666666666,0.017398841580492652
2013-02-25,63.26,92813518,64.84,65.02,63.22,-0.01770186335403734,64.242,65.4635,71.89866666666667,0.017019253609111377
2013-02-26,64.14,125040618,63.4,64.51,62.52,0.013910844135314626,63.928,65.45750000000001,71.57966666666667,0.016528647813964466
2013-02-27,63.51,146554914,64.06,64.63,62.95,-0.009822263797942044,63.806,65.3595,71.235,0.016048716061828464
2013-02-28,63.06,80512484,63.44,63.98,63.06,-0.007085498346717012,63.674,65.2495,70.8925,0.01609510701994097
2013-03-01,61.5,137819681,62.57,62.6,61.43,-0.024738344433872572,63.093999999999994,65.071,70.52183333333333,0.016908821741853885
2013-03-04,60.01,144332343,61.11,61.17,59.86,-0.024227642276422823,62.443999999999996,64.8315,70.151,0.01758314112433164
2013-03-05,61.59,159227158,60.21,62.17,60.11,0.026328945175804197,61.934000000000005,64.7515,69.89466666666665,0.018058912222758152
2013-03-06,60.81,114860374,62.07,62.18,60.63,-0.012664393570384846,61.394000000000005,64.52149999999999,69.60516666666668,0.016059963202481646
2013-03-07,61.51,116969895,60.64,61.72,60.15,0.011511264594638915,61.084,64.33,69.36066666666667,0.01640357446273098
2013-03-08,61.67,97466769,61.4,62.2,61.23,0.002601203056413759,61.11800000000001,64.06899999999999,69.127,0.015238819369809867
2013-03-11,62.55,118221425,61.39,62.72,60.73,0.014269498946002823,61.626,63.803999999999995,68.8805,0.015233621429959328
2013-03-12,61.2,116142145,62.23,62.7,61.08,-0.021582733812949506,61.548,63.436,68.61716666666668,0.01532306269835118
2013-03-13,61.19,101314460,61.21,62.07,60.77,-0.00016339869281056796,61.624,63.153499999999994,68.37583333333333,0.0146491976441116
2013-03-14,61.79,75801483,61.83,62.09,61.49,0.009805523778395164,61.67999999999999,62.907,68.19183333333334,0.014979701613163027
2013-03-15,63.38,160587468,62.56,63.46,62.46,0.025732319145492788,62.022000000000006,62.74300000000001,68.01283333333333,0.01636374452224656
2013-03-18,65.1,149961185,63.06,65.35,63.03,0.027137898390659387,62.532,62.711,67.82666666666667,0.017389869207864537
2013-03-19,64.93,131468929,65.64,65.85,64.07,-0.0026113671274959893,63.278,62.672000000000004,67.65566666666666,0.017397267456082822
2013-03-20,64.58,76980353,65.35,65.38,64.23,-0.005390420452795475,63.956,62.69500000000001,67.48983333333334,0.016533133360638497
2013-03-21,64.68,95484439,64.32,65.43,64.3,0.001548467017652655,64.534,62.74300000000001,67.33133333333333,0.01645793440567575
2013-03-22,65.99,98261129,64.94,66.01,64.73,0.020253555967841397,65.056,62.822500000000005,67.19266666666667,0.016891827240844492
2013-03-25,66.23,124980207,66.38,67.14,65.97,0.0036369146840431466,65.282,62.971000000000004,67.075,0.01628786100067412
2013-03-26,65.88,73390892,66.49,66.55,65.79,-0.005284614223161843,65.47200000000001,63.05800000000001,66.94666666666667,0.016140157333036604
2013-03-27,64.58,81772975,65.21,65.26,64.39,-0.01973284760170002,65.47200000000001,63.1115,66.80966666666667,0.016648976021090976
2013-03-28,63.24,110618443,64.26,64.55,63.09,-0.02074945803654371,65.184,63.12049999999999,66.59666666666666,0.01726574368597891
2013-04-01,61.27,97168149,63.13,63.39,61.11,-0.031151170145477525,64.24,63.109,66.31066666666668,0.01780598423595363
2013-04-02,61.4,132255450,61.09,62.59,60.91,0.0021217561612534297,63.274,63.1785,66.04333333333334,0.016872193025003594
2013-04-03,61.71,90550837,61.62,62.47,61.47,0.005048859934853489,62.44000000000001,63.1845,65.81700000000001,0.015849449030391226
2013-04-04,61.1,89574827,61.97,62.14,60.75,-0.009884945713822701,61.74400000000001,63.199,65.58800000000001,0.015742382068198415
2013-04-05,60.46,95724469,60.64,60.71,59.95,-0.010474631751227537,61.188,63.1465,65.345,0.01568994787588948
2013-04-08,60.89,75145863,60.69,61.07,60.36,0.007112140258021871,61.112,63.1075,65.12866666666667,0.015772763425545837
2013-04-09,61.0,76595913,60.91,61.21,60.39,0.0018065363770733978,61.032000000000004,63.03000000000001,64.89883333333334,0.01539957280063131
2013-04-10,62.24,93883258,61.16,62.44,60.86,0.020327868852459074,61.138,63.08200000000001,64.69733333333333,0.0153228753935978
2013-04-11,62.05,82064315,61.96,62.57,61.6,-0.003052699228791811,61.327999999999996,63.125,64.53683333333333,0.015347569580919056
2013-04-12,61.4,59634201,62.02,62.02,61.3,-0.010475423045930632,61.516,63.105500000000006,64.40316666666666,0.015391872082052477
2013-04-15,59.98,79101214,61.0,61.13,59.94,-0.023127035830618925,61.334,62.93549999999999,64.19783333333334,0.014929112729920077
2013-04-16,60.89,76203143,60.22,60.94,60.08,0.015171723907969392,61.312,62.725,64.01583333333333,0.013875188529008696
2013-04-17,57.54,236094111,60.04,60.09,56.87,-0.05501724421087206,60.372,62.35549999999999,63.78433333333333,0.018064949599173145
2013-04-18,56.01,166414970,57.86,57.97,55.68,-0.02659019812304486,59.164,61.927,63.516,0.01864814920306344
2013-04-19,55.79,152132166,55.42,57.09,55.01,-0.003927870023210156,58.04200000000001,61.482499999999995,63.222,0.018557155977595434
2013-04-22,56.95,107226032,56.09,57.46,55.9,0.02079225667682394,57.436,61.030499999999996,63.098499999999994,0.01859944298245273
2013-04-23,58.02,150492275,57.71,58.34,56.97,0.018788410886742657,56.862,60.61999999999999,63.018166666666666,0.01935607273828073
2013-04-24,57.92,242352533,56.22,59.32,56.07,-0.0017235436056532993,56.938,60.222,62.9125,0.019383377185384226
2013-04-25,58.34,95958899,58.75,59.13,58.14,0.007251381215469532,57.403999999999996,59.910000000000004,62.793666666666674,0.01933360218922939
2013-04-26,59.6,190977767,58.54,59.82,58.32,0.02159753171066159,58.16600000000001,59.72800000000001,62.699333333333335,0.01981782959385959
2013-04-29,61.45,159929048,60.06,61.95,60.0,0.031040268456375752,59.06600000000001,59.737,62.638999999999996,0.020008517742462727
2013-04-30,63.25,172699362,62.16,63.61,61.72,0.029292107404393697,60.112,59.82950000000001,62.613166666666665,0.021032122923621662
2013-05-01,62.76,126694438,63.49,63.56,62.06,-0.007747035573122507,61.08,59.882000000000005,62.606,0.02111926237342376
2013-05-02,63.65,105409532,63.11,64.08,62.95,0.014181007010835023,62.141999999999996,60.0095,62.576666666666675,0.021148534022539908
2013-05-03,64.28,90287637,64.47,64.75,64.16,0.009897879025922984,63.077999999999996,60.2005,62.559,0.02099287055746918
2013-05-06,65.82,123979417,65.1,66.03,64.9,0.023957685127566686,63.952,60.447,62.54116666666667,0.021486847481557717
2013-05-07,65.52,120467656,66.42,66.54,64.81,-0.004557885141294404,64.40599999999999,60.673,62.50233333333333,0.0215699153502065
2013-05-08,66.26,117977895,65.58,66.48,65.12,0.011294261294261476,65.10600000000001,60.874,62.46399999999999,0.02129856487557162
2013-05-09,65.25,99448260,65.69,66.14,65.08,-0.015242982191367438,65.426,61.034000000000006,62.4375,0.021662820793178907
2013-05-10,64.71,83615305,65.42,65.67,64.35,-0.008275862068965578,65.512,61.199499999999986,62.403999999999996,0.021597668044903477
2013-05-13,64.96,79216224,64.5,65.41,64.5,0.003863390511512854,65.34,61.4485,62.37566666666667,0.02071406131886383
2013-05-14,63.41,111617413,64.84,65.03,63.16,-0.0238608374384236,64.91799999999999,61.5745,62.336833333333324,0.021451789237682976
2013-05-15,61.26,185168956,62.74,63.0,60.34,-0.03390632392367132,63.91799999999999,61.7605,62.26266666666667,0.018846803534333913
2013-05-16,62.08,150737695,60.46,62.55,59.84,0.01338556970290572,63.28399999999999,62.064,62.22866666666666,0.017586980040852823
2013-05-17,61.89,106966262,62.72,62.87,61.57,-0.003060567010309212,62.71999999999999,62.36900000000001,62.198166666666665,0.017564070286053356
2013-05-20,63.28,112529584,61.7,63.69,61.44,0.02245920180966232,62.384,62.685500000000005,62.1795,0.017644982653728554
2013-05-21,62.81,113917824,62.59,63.64,62.03,-0.007427307206068212,62.263999999999996,62.925,62.172000000000004,0.01757413034810155
2013-05-22,63.05,110682773,63.44,64.05,62.6,0.0038210476038846863,62.622,63.18149999999999,62.15383333333333,0.017520734170999253
2013-05-23,63.16,88239856,62.28,63.74,62.26,0.0017446471054718415,62.838,63.4225,62.148,0.01751680407719799
2013-05-24,63.59,69009031,62.98,63.67,62.91,0.006808106396453573,63.178,63.62199999999999,62.15683333333334,0.017046126342080917
2013-05-28,63.06,96311559,64.27,64.44,62.98,-0.008334643811920173,63.134,63.7025,62.182833333333335,0.015920398401040012
2013-05-29,63.56,82553265,62.86,63.93,62.77,0.007928956549318134,63.284000000000006,63.717999999999996,62.242,0.01461467120579062
2013-05-30,64.51,88354937,63.66,64.93,63.5,0.014946507237256101,63.576,63.805499999999995,62.29066666666666,0.01483256120103677
2013-05-31,64.25,95688069,64.64,65.3,64.21,-0.004030382886374251,63.794000000000004,63.8355,62.348,0.014568528374876386
2013-06-03,64.39,92900598,64.39,64.62,63.21,0.0021789883268481525,63.95400000000001,63.84100000000001,62.396,0.014409804572076877
2013-06-04,64.19,72575322,64.75,64.92,63.91,-0.0031060723714863014,64.18,63.75949999999999,62.438,0.013286820387534844
2013-06-05,63.59,72524432,63.66,64.39,63.39,-0.009347250350521752,64.186,63.663,62.45533333333333,0.013393848551179739
2013-06-06,62.64,104167451,63.64,63.86,62.01,-0.014939455889290798,63.81199999999999,63.48199999999999,62.47933333333334,0.013368948288544763
2013-06-07,63.12,101081990,62.36,63.32,61.82,0.007662835249041988,63.586,63.3755,62.5115,0.01321996161121429
2013-06-10,62.7,112489474,63.53,64.15,62.4,-0.0066539923954371805,63.248000000000005,63.27500000000001,62.526666666666664,0.01318160938298937
2013-06-11,62.51,71515731,62.25,63.25,61.9,-0.003030303030303161,62.912,63.15250000000001,62.512166666666666,0.013124169539656795
2013-06-12,61.74,66270567,62.79,63.04,61.64,-0.012318029115341522,62.541999999999994,63.069,62.45616666666667,0.012334798847322215
2013-06-13,62.28,71449021,61.79,62.45,61.25,0.008746355685131268,62.470000000000006,63.120000000000005,62.412000000000006,0.009825474128006835
2013-06-14,61.44,67955299,62.2,62.33,61.21,-0.013487475915221592,62.134,63.088,62.35966666666666,0.009861515930697281
2013-06-17,61.71,64784564,61.63,62.24,61.48,0.00439453125,61.936,63.07899999999999,62.31016666666667,0.009899343641355357
2013-06-18,61.68,48375328,61.65,62.13,61.46,-0.000486144871171601,61.77,62.999,62.23833333333334,0.008356804601437557
2013-06-19,60.43,77690993,61.63,61.67,60.43,-0.020265888456549974,61.508,62.88000000000001,62.141666666666666,0.009296807485195794
2013-06-20,59.55,89321357,59.9,60.85,59.31,-0.014562303491643225,60.962,62.705000000000005,62.03616666666667,0.00960623491353966
2013-06-21,59.07,120212576,59.78,60.0,58.3,-0.008060453400503764,60.488,62.5005,61.94433333333334,0.009611886053001567
2013-06-24,57.51,120047026,58.2,58.38,56.86,-0.026409344845099048,59.648,62.1965,61.84883333333333,0.010593499846941981
2013-06-25,57.52,78533304,57.96,58.26,56.98,0.00017388280299091008,58.815999999999995,61.91949999999999,61.78633333333333,0.010621598726602212
2013-06-26,56.87,91911848,57.7,57.83,56.52,-0.011300417246175365,58.104,61.585,61.710833333333326,0.010299586791765751
2013-06-27,56.25,84237745,57.04,57.34,56.22,-0.010902057323720737,57.444,61.172000000000004,61.619833333333325,0.009158074807935379
2013-06-28,56.65,144584903,55.91,57.18,55.55,0.007111111111111068,56.96,60.791999999999994,61.54566666666666,0.009659714439309373
2013-07-01,58.46,97736269,57.53,58.9,57.32,0.03195057369814647,57.15,60.49549999999999,61.51233333333333,0.012805475299595585
2013-07-02,59.78,117427695,58.57,60.23,58.5,0.022579541566883243,57.602,60.275,61.493833333333335,0.014191177107548152
2013-07-03,60.11,60232176,60.12,60.43,59.64,0.005520240883238436,58.25,60.101,61.479,0.0142556557692851
2013-07-05,59.63,68482701,60.06,60.47,59.34,-0.007985360173016098,58.926,59.9505,61.435500000000005,0.014024707467026417
2013-07-08,59.29,74476172,60.02,60.14,58.66,-0.005701827938956905,59.45399999999999,59.75899999999999,61.3895,0.013838869488827905
2013-07-09,60.34,88135556,59.09,60.5,58.63,0.017709563164108655,59.830000000000005,59.641,61.371833333333335,0.014557150035900917
2013-07-10,60.1,70064141,59.94,60.69,59.75,-0.003977461054027187,59.89399999999999,59.52049999999999,61.37383333333333,0.014562847271404156
2013-07-11,61.04,81567174,60.42,61.18,60.17,0.015640599001663924,60.08,59.48549999999999,61.376333333333335,0.014845642006593095
2013-07-12,60.93,69863934,61.09,61.4,60.49,-0.0018020969855832014,60.339999999999996,59.41799999999999,61.432833333333335,0.014687679934260959
2013-07-15,61.06,60473991,60.72,61.64,60.69,0.002133595929755483,60.693999999999996,59.399,61.517,0.014400831309880024
2013-07-16,61.46,54028599,60.93,61.53,60.6,0.0065509335080249365,60.918000000000006,59.3865,61.6115,0.014445140287669179
2013-07-17,61.47,49737479,61.39,61.75,61.17,0.0001627074520011984,61.19199999999999,59.376,61.68683333333333,0.014444965874896252
2013-07-18,61.68,54658172,61.91,62.12,61.52,0.00341630063445586,61.32000000000001,59.4385,61.74783333333333,0.013651303068800982
2013-07-19,60.71,67137272,61.87,62.0,60.62,-0.015726329442282694,61.275999999999996,59.496500000000005,61.794333333333334,0.013723936319944412
2013-07-22,60.9,51912282,61.35,61.39,60.78,0.00312963267995392,61.24399999999999,59.588,61.836999999999996,0.01355991010922879
2013-07-23,59.86,88619467,60.86,60.99,59.82,-0.017077175697865377,60.924,59.70550000000001,61.84133333333333,0.012676658206761338
2013-07-24,62.93,147906334,62.7,63.51,62.18,0.05128633478115607,61.215999999999994,59.976,61.866,0.016764987198422263
2013-07-25,62.64,57358143,62.96,63.06,62.26,-0.004608294930875556,61.408,60.2645,61.85583333333333,0.016494784747708043
2013-07-26,63.0,50020601,62.19,63.01,62.05,0.005747126436781658,61.866,60.602,61.85983333333333,0.01606612155794504
2013-07-29,63.97,62006404,62.97,64.28,62.89,0.015396825396825298,62.48,60.968,61.86516666666667,0.016207832562062208
2013-07-30,64.76,77240193,64.28,65.31,64.18,0.012349538846334385,63.46,61.283,61.87316666666666,0.015126440290056026
2013-07-31,64.65,80624904,65.0,65.33,64.2,-0.0016985793699814122,63.803999999999995,61.52650000000001,61.85366666666666,0.014627394171030985
2013-08-01,65.24,51386070,65.11,65.26,64.75,0.009126063418406716,64.324,61.782999999999994,61.849000000000004,0.01466897856499475
2013-08-02,66.08,68411287,65.43,66.12,65.24,0.012875536480686733,64.94000000000001,62.105500000000006,61.846000000000004,0.014497318069364771
2013-08-05,67.06,79577704,66.38,67.24,66.02,0.014830508474576343,65.55799999999999,62.49400000000001,61.87616666666667,0.014407919497753937
2013-08-06,66.46,83703085,66.86,67.41,66.02,-0.008947211452430825,65.898,62.8,61.90533333333334,0.014526780393617468
2013-08-07,66.43,74622262,66.26,66.71,65.97,-0.0004513993379474668,66.254,63.11650000000001,61.929833333333335,0.014433953076471998
2013-08-08,65.86,63939790,66.27,66.3,65.42,-0.008580460635255305,66.378,63.3575,61.97066666666667,0.01452034741360925
2013-08-09,64.92,66643940,65.52,65.78,64.81,-0.01427269966595801,66.14599999999999,63.557,62.031666666666666,0.01503691634329617
2013-08-12,66.77,90984207,65.27,66.95,65.23,0.028496611213801426,66.088,63.84250000000001,62.109833333333334,0.016052164603777192
2013-08-13,69.94,219450906,67.28,70.67,66.86,0.04747641156207871,66.78399999999999,64.2665,62.24400000000001,0.018703474406332955
2013-08-14,71.21,188427037,71.13,72.04,70.49,0.01815842150414637,67.74,64.7535,62.37616666666667,0.018807709818188616
2013-08-15,71.13,122386917,70.92,71.77,69.87,-0.0011234377194213607,68.79400000000001,65.226,62.51483333333333,0.018887403971212004
2013-08-16,71.76,90314517,71.45,71.85,71.27,0.008857022353437438,70.162,65.7785,62.66,0.018091855602868957
2013-08-19,72.53,127401718,72.05,73.39,72.0,0.010730211817168378,71.314,66.36,62.81616666666667,0.018051820521493327
2013-08-20,71.58,89508677,72.82,72.94,71.55,-0.013098028402040551,71.64200000000001,66.946,62.949333333333335,0.017769839652712716
2013-08-21,71.77,83783025,71.94,72.45,71.6,0.002654372729812726,71.75399999999999,67.388,63.094500000000004,0.014771701073750105
2013-08-22,71.85,60866474,72.14,72.23,71.17,0.0011146718684686974,71.898,67.8485,63.23266666666667,0.014595578382900156
2013-08-23,71.57,55559766,71.9,71.91,71.34,-0.0038970076548364707,71.85999999999999,68.277,63.350333333333325,0.014796454303147386
2013-08-26,71.85,82354395,71.54,72.89,71.5,0.003912253737599514,71.724,68.67099999999999,63.477,0.014655179216383625
2013-08-27,69.8,105846822,71.14,71.79,69.47,-0.028531663187195466,71.368,68.923,63.567166666666665,0.01645278237713415
2013-08-28,70.13,76746763,69.43,70.83,69.43,0.004727793696275073,71.03999999999999,69.19699999999999,63.66616666666666,0.016400737945494567
2013-08-29,70.24,59804259,70.24,70.93,70.16,0.0015685156138600664,70.718,69.447,63.777,0.016368368874336514
2013-08-30,69.6,68053649,70.29,70.42,69.5,-0.009111617312072884,70.32399999999998,69.62299999999999,63.893,0.016466584237983785
2013-09-03,69.8,82966965,70.44,71.51,69.62,0.00287356321839094,69.914,69.76,64.00433333333334,0.01621916622457779
2013-09-04,71.24,86016026,71.37,71.75,70.9,0.020630372492836724,70.202,69.999,64.14666666666668,0.016502172721076982
2013-09-05,70.75,58779242,71.46,71.53,70.52,-0.006878158338012308,70.326,70.21499999999999,64.284,0.016647287196707116
2013-09-06,71.17,89482147,71.21,71.34,69.99,0.005936395759717383,70.51199999999999,70.48049999999999,64.44116666666667,0.01641758469742627
2013-09-09,72.31,84479315,72.14,72.56,71.93,0.016017985106083987,71.054,70.85,64.60833333333333,0.016034814532955195
2013-09-10,70.66,185372026,72.31,72.49,69.93,-0.022818420688701546,71.226,71.0445,64.762,0.016269536590835767
2013-09-11,66.82,224172687,66.72,67.67,66.4,-0.054344749504670276,70.342,70.8885,64.84716666666667,0.017491352888349795
2013-09-12,67.53,100856800,66.93,67.91,66.57,0.010625561209218981,69.69800000000001,70.7045,64.94466666666666,0.017108372817841486
2013-09-13,66.41,74495492,67.05,67.4,66.39,-0.016585221383089044,68.74600000000001,70.46849999999999,65.04433333333334,0.017389559051277374
2013-09-16,64.3,136563951,65.86,65.94,63.89,-0.03177232344526426,67.144,70.09549999999999,65.12349999999999,0.018248923413079314
2013-09-17,65.05,99704600,63.99,65.67,63.93,0.011664074650077794,66.02199999999999,69.72149999999999,65.22316666666667,0.018293272228192672
2013-09-18,66.38,113636704,66.17,66.62,65.81,0.020445810914681006,65.934,69.4615,65.371,0.019059051426864294
2013-09-19,67.47,100811930,67.24,67.98,67.04,0.0164206086170533,65.922,69.2465,65.53683333333333,0.019538913733909348
2013-09-20,66.77,174425492,68.29,68.36,66.57,-0.010374981473247447,65.994,68.99249999999999,65.70183333333334,0.019583517791922907
2013-09-23,70.09,189942957,70.87,70.99,68.94,0.049722929459338205,67.152,68.9185,65.9325,0.02291036170510445
2013-09-24,69.87,90481397,70.7,70.78,69.69,-0.003138821515194734,68.11600000000001,68.8195,66.15283333333333,0.022888377228909473
2013-09-25,68.79,79011544,69.89,69.95,68.78,-0.01545727780163153,68.598,68.76899999999999,66.325,0.022242648277022534
2013-09-26,69.46,59050786,69.43,69.79,69.13,0.009739787759848628,68.99600000000001,68.7355,66.48633333333333,0.022332609936979116
2013-09-27,68.96,56787853,69.11,69.24,68.67,-0.007198387561186292,69.434,68.67150000000001,66.63383333333334,0.022381192566041878
2013-09-30,68.11,64764985,68.18,68.81,67.77,-0.012325986078886242,69.03800000000001,68.59700000000001,66.77516666666666,0.0224563402409625
2013-10-01,69.71,88194286,68.35,69.88,68.34,0.02349141095287033,69.006,68.5925,66.94883333333333,0.02309985747341353
2013-10-02,69.94,71799162,69.38,70.26,69.11,0.0032993831588008504,69.236,68.5275,67.10883333333332,0.022612650421543385
2013-10-03,69.06,78802384,70.07,70.34,68.68,-0.012582213325707636,69.156,68.44300000000001,67.25816666666667,0.022730648956014315
2013-10-04,69.0,64638089,69.12,69.23,68.37,-0.0008688097306690512,69.164,68.3345,67.39083333333333,0.022672815514245787
2013-10-07,69.68,77889233,69.51,70.38,69.34,0.009855072463768266,69.47800000000001,68.203,67.53666666666666,0.02246596751608042
2013-10-08,68.71,72260532,69.99,70.09,68.65,-0.013920780711825675,69.27799999999999,68.10549999999999,67.66416666666666,0.022109150663136793
2013-10-09,69.51,75304273,69.23,69.68,68.33,0.011643137825644079,69.192,68.24,67.79833333333333,0.018361503369042766
2013-10-10,69.95,69186523,70.19,70.34,69.58,0.006330024456912664,69.37,68.361,67.93966666666667,0.01828190076870046
2013-10-11,70.4,66797100,69.57,70.55,69.31,0.006433166547533897,69.65,68.5605,68.085,0.017773119977243082
2013-10-14,70.86,65216780,69.98,71.08,69.91,0.0065340909090907395,69.886,68.8885,68.25416666666666,0.015772082465048114
2013-10-15,71.24,79715744,71.07,71.71,70.79,0.0053626869884277895,70.39200000000001,69.19800000000001,68.4265,0.01569439737102383
2013-10-16,71.59,62449609,71.54,71.79,71.32,0.004912970241437442,70.808,69.4585,68.622,0.01525071920913252
2013-10-17,72.07,63116954,71.43,72.11,71.38,0.006704847045676532,71.232,69.6885,68.77433333333333,0.014983091339654649
2013-10-18,72.7,72195292,72.28,72.75,72.24,0.008741501318163092,71.692,69.985,68.94200000000001,0.014663895615089358
2013-10-21,74.48,98700380,73.11,74.9,73.07,0.02448418156808807,72.416,70.20450000000001,69.13333333333334,0.011241612459768
2013-10-22,74.27,133200030,75.2,75.49,72.58,-0.0028195488721806106,73.022,70.4245,69.305,0.011232506761559704
2013-10-23,74.99,78237833,74.14,75.1,74.14,0.00969435842197397,73.702,70.7345,69.4755,0.010422127592796954
2013-10-24,75.99,96004539,75.0,76.07,74.64,0.013335111348179662,74.486,71.061,69.6645,0.01054974816662953
2013-10-25,75.14,84316215,75.9,76.18,75.02,-0.01118568232662187,74.974,71.36999999999999,69.8295,0.010817824119823476
2013-10-28,75.7,124205797,75.58,75.86,74.74,0.007452754857599109,75.21799999999999,71.7495,69.98983333333332,0.010092270331070984
2013-10-29,73.81,158499648,76.61,77.04,73.51,-0.0249669749009247,75.126,71.9545,70.10233333333333,0.011256170233438657
2013-10-30,74.99,88125406,74.23,75.36,73.86,0.01598699363229894,75.126,72.207,70.2445,0.011629883881170495
2013-10-31,74.67,68774804,75.0,75.36,74.47,-0.004267235631417399,74.862,72.4875,70.38183333333333,0.01116179621283904
2013-11-01,74.29,68524519,74.86,74.97,73.69,-0.0050890585241729624,74.69200000000001,72.752,70.52233333333332,0.01129719994242822
2013-11-04,75.25,61011871,74.44,75.26,74.12,0.012922331403957488,74.602,73.03049999999999,70.6945,0.011404590900166869
2013-11-05,75.06,66243519,74.94,75.56,74.71,-0.002524916943521527,74.852,73.348,70.83266666666667,0.010731424653320972
2013-11-06,74.42,55716622,74.88,74.98,74.03,-0.008526512123634422,74.738,73.5935,70.90733333333334,0.010968363640855214
2013-11-07,73.21,65542966,74.23,74.74,73.2,-0.016259070142434884,74.446,73.7565,70.94066666666667,0.011791161060247449
2013-11-08,74.37,69617240,73.51,74.45,73.23,0.015844829941265015,74.46200000000002,73.955,70.99466666666667,0.01214534125695252
2013-11-11,74.15,56747589,74.28,74.52,73.49,-0.002958182062659631,74.242,74.1195,71.0345,0.012177860732840972
2013-11-12,74.29,51067815,73.95,74.85,73.86,0.0018880647336481093,74.088,74.272,71.06383333333333,0.012157270462916512
2013-11-13,74.38,49154022,74.0,74.61,73.85,0.0012114685691209104,74.08000000000001,74.4115,71.1105,0.012141456376707885
2013-11-14,75.45,70401611,74.69,75.61,74.55,0.01438558752352792,74.528,74.5805,71.17183333333332,0.012416999874260684
2013-11-15,75.0,79339984,75.23,75.58,74.93,-0.005964214711729698,74.654,74.6955,71.22433333333333,0.012455040212783907
2013-11-18,74.09,60997871,75.0,75.31,74.03,-0.01213333333333333,74.64200000000001,74.676,71.26633333333332,0.011579628846446659
2013-11-19,74.22,52105335,74.15,74.77,74.0,0.0017546227561073824,74.628,74.6735,71.30583333333334,0.011570307725239698
2013-11-20,73.57,48459468,74.18,74.35,73.48,-0.008757747237941316,74.466,74.60249999999999,71.36866666666667,0.011494554323932362
2013-11-21,74.45,65382638,73.94,74.46,73.38,0.01196139730868584,74.26599999999999,74.5255,71.44066666666666,0.011408847075056364
2013-11-22,74.26,55833466,74.22,74.59,74.08,-0.0025520483546003225,74.11800000000001,74.48150000000001,71.50766666666667,0.011162292198273471
2013-11-25,74.82,57270811,74.43,75.12,74.43,0.0075410719095070355,74.26399999999998,74.4375,71.59466666666667,0.011165633209924494
2013-11-26,76.2,99957720,74.87,76.59,74.86,0.01844426623897366,74.66,74.557,71.70133333333334,0.010354162064908717
2013-11-27,77.99,90644497,76.62,78.0,76.2,0.023490813648293862,75.54400000000001,74.70700000000001,71.81383333333333,0.011015993054924848
2013-11-29,79.44,79532274,78.5,79.76,78.26,0.018592127195794284,76.542,74.9455,71.95866666666666,0.01150432587160012
2013-12-02,78.75,117918255,79.71,80.62,78.69,-0.008685800604229632,77.44000000000001,75.1685,72.085,0.011667082968971747
2013-12-03,80.9,112338274,79.76,80.91,79.67,0.027301587301587382,78.65599999999999,75.451,72.22816666666668,0.012708347209302187
2013-12-04,80.71,94279248,80.79,81.31,80.12,-0.0023485784919655694,79.55799999999999,75.7335,72.39566666666666,0.012703859526840522
2013-12-05,81.13,111600823,81.81,82.16,80.92,0.005203816131829964,80.18599999999999,76.06899999999999,72.63416666666667,0.01237443115338163
2013-12-06,80.0,85919076,80.83,80.96,79.94,-0.013928263281153597,80.298,76.40849999999999,72.84200000000001,0.012179080357797627
2013-12-09,80.92,79945274,80.13,81.37,80.13,0.011500000000000066,80.732,76.736,73.08383333333335,0.01200383177960724
2013-12-10,80.79,69101620,80.51,81.13,80.17,-0.0016065249629262368,80.71000000000001,77.068,73.35866666666668,0.011964573281344718
2013-12-11,80.19,89783987,81.0,81.57,79.96,-0.0074266617155589465,80.60600000000001,77.363,73.611,0.012244091080874204
2013-12-12,80.08,65465763,80.31,80.76,80.0,-0.00137174211248281,80.396,77.648,73.83933333333333,0.01228748343941083
2013-12-13,79.2,82974455,80.41,80.41,79.1,-0.01098901098901095,80.236,77.8355,74.03483333333334,0.012442727494824491
2013-12-16,79.64,70547981,79.29,80.38,79.29,0.005555555555555536,79.97999999999999,78.06750000000001,74.24933333333334,0.012295990836241145
2013-12-17,79.28,57137328,79.4,79.92,79.05,-0.0045203415369161615,79.678,78.327,74.40249999999999,0.011912177925105271
2013-12-18,78.68,141217062,78.53,78.78,76.97,-0.007568113017154321,79.376,78.55,74.54933333333334,0.012162120481035467
2013-12-19,77.78,79939814,78.5,78.57,77.68,-0.011438739196746428,78.91600000000001,78.76050000000001,74.69916666666667,0.012312286289479663
2013-12-20,78.43,108738663,77.92,78.8,77.83,0.008356904088454797,78.76200000000001,78.9595,74.84866666666667,0.012197864555326985
2013-12-23,81.44,125072328,81.14,81.53,80.39,0.038378171618003165,79.122,79.3185,75.05666666666666,0.014492092991720804
2013-12-24,81.1,41888748,81.41,81.7,80.86,-0.004174852652259364,79.486,79.63250000000001,75.27316666666667,0.014608551202271265
2013-12-26,80.56,50906710,81.16,81.36,80.48,-0.006658446362515336,79.862,79.8505,75.454,0.014391488471621824
2013-12-27,80.01,56385717,80.55,80.63,79.93,-0.006827209533267098,80.30799999999999,79.9515,75.62183333333333,0.013686021854387605
2013-12-30,79.22,63265305,79.64,80.01,78.9,-0.009873765779277677,80.46600000000001,79.94050000000001,75.79116666666667,0.013274395976924676
2013-12-31,80.15,55761100,79.17,80.18,79.14,0.011739459732390989,80.208,80.0105,75.977,0.013360952826335
2014-01-02,79.02,58661530,79.38,79.58,78.86,-0.01409856519026842,79.792,79.9165,76.13266666666667,0.012224643178218836
2014-01-03,77.28,98046999,78.98,79.1,77.2,-0.022019741837509432,79.136,79.745,76.2755,0.013090644317059454
2014-01-06,77.7,103132361,76.78,78.11,76.23,0.005434782608695565,78.674,79.5735,76.41199999999999,0.01309751603387582
2014-01-07,77.15,80172914,77.76,77.99,76.85,-0.00707850707850699,78.26,79.43100000000001,76.532,0.012858681870089695
2014-01-08,77.64,64158428,76.97,77.94,76.96,0.006351263771873006,77.75800000000001,79.26700000000001,76.65266666666666,0.012629272108527347
2014-01-09,76.65,69762819,78.11,78.12,76.48,-0.012751159196290551,77.28399999999999,79.06,76.74916666666667,0.012855219913393204
2014-01-10,76.13,76235553,77.12,77.26,75.87,-0.006784083496412352,77.054,78.857,76.83066666666667,0.012843185067071826
2014-01-13,76.53,94612448,75.7,77.5,75.7,0.005254170497832833,76.82000000000001,78.6795,76.913,0.012959214884511192
2014-01-14,78.06,83082535,76.89,78.1,76.81,0.01999215993727943,77.002,78.6225,77.01283333333335,0.013682962528521948
2014-01-15,79.62,97888589,79.07,80.03,78.81,0.019984627209838512,77.398,78.6215,77.12816666666667,0.014388823811322633
2014-01-16,79.18,57313035,79.27,79.55,78.81,-0.005526249686008566,77.90400000000001,78.6165,77.20649999999999,0.014407514345837943
2014-01-17,77.24,106660852,78.78,78.87,77.13,-0.024501136650669553,78.126,78.5445,77.25600000000001,0.015344839465844282
2014-01-21,78.44,81897015,77.28,78.58,77.2,0.015535991714137776,78.50800000000001,78.5775,77.3135,0.015545802923639355
2014-01-22,78.79,94941728,78.7,79.61,78.26,0.004462009178990423,78.654,78.59549999999999,77.36016666666666,0.015466877444131666
2014-01-23,79.45,100803600,78.56,79.5,77.83,0.008376697550450452,78.62,78.49600000000001,77.432,0.012810480920518714
2014-01-24,78.01,107943182,79.14,79.37,77.82,-0.01812460667086213,78.386,78.3415,77.4705,0.013351702045051659
2014-01-27,78.64,135926881,78.58,79.26,77.96,0.008075887706704199,78.666,78.2455,77.551,0.013478644987073846
2014-01-28,72.36,266302550,72.68,73.57,71.72,-0.07985757884028488,77.45,77.863,77.50716666666668,0.022186205683320765
2014-01-29,71.54,125679438,71.99,72.48,71.23,-0.01133222775013809,76.00000000000001,77.479,77.455,0.022206250382745384
2014-01-30,71.4,169602001,71.79,72.36,70.96,-0.00195694716242667,74.39,77.04150000000001,77.40683333333332,0.021876683086928216
2014-01-31,71.51,116191705,70.74,71.65,70.51,0.001540616246498594,73.09,76.666,77.3445,0.021833680607408056
2014-02-03,71.65,100347900,71.8,72.53,71.33,0.001957768144315475,71.69200000000001,76.3845,77.28766666666667,0.02149088489408046
2014-02-04,72.68,94166758,72.26,72.78,71.82,0.014375436147941345,71.756,76.1335,77.25866666666666,0.021778616869844888
2014-02-05,73.23,82072855,72.37,73.61,72.32,0.007567418822234329,72.09400000000001,75.9375,77.259,0.021883788334891022
2014-02-06,73.22,64415139,72.87,73.36,72.54,-0.0001365560562611723,72.458,75.7165,77.23983333333334,0.021795645236428983
2014-02-07,74.24,93444918,74.48,74.7,73.91,0.013930620049166897,73.00399999999999,75.596,77.24133333333334,0.021963489479121176
2014-02-10,75.57,86342646,74.09,76.0,74.0,0.01791487068965525,73.788,75.568,77.26266666666668,0.022333614687466252
2014-02-11,76.57,70489461,75.8,76.82,75.64,0.013232764324467405,74.566,75.57000000000001,77.29916666666666,0.02250532304683125
2014-02-12,76.56,76994423,76.71,77.08,76.18,-0.00013059945148219398,75.232,75.495,77.31766666666667,0.02202209041398689
2014-02-13,77.78,76790093,76.38,77.84,76.31,0.015935214211076243,76.144,75.40299999999999,77.364,0.02183946936614678
2014-02-14,77.71,68395257,77.5,78.0,77.32,-0.0008999742864490567,76.838,75.32950000000001,77.42433333333334,0.021812742931304904
2014-02-18,78.0,65048101,78.0,78.74,77.94,0.0037318234461460875,77.324,75.3675,77.48733333333332,0.021093162038158184
2014-02-19,76.77,78415914,77.82,78.13,76.34,-0.01576923076923087,77.364,75.284,77.54066666666668,0.021096592496444966
2014-02-20,75.88,76457383,76.14,76.71,75.57,-0.011593070209717338,77.228,75.1385,77.56450000000001,0.02118886845703044
2014-02-21,75.04,69688045,76.11,76.37,74.94,-0.011070110701106861,76.68,74.918,77.57750000000001,0.02115030830127386
2014-02-24,75.36,72208942,74.74,75.7,74.63,0.004264392324093702,76.21,74.7855,77.58649999999999,0.020877815876853858
2014-02-25,74.58,57961606,75.63,75.65,74.43,-0.010350318471337605,75.526,74.5825,77.5595,0.020839020274251618
2014-02-26,73.91,69024270,74.8,75.0,73.66,-0.00898364172700461,74.954,74.66,77.4915,0.010382472270610744
2014-02-27,75.38,75444623,73.88,75.54,73.72,0.019889054255175287,74.854,74.852,77.42383333333333,0.01075354558435927
2014-02-28,75.18,92930208,75.58,76.11,74.59,-0.0026532236667549114,74.88199999999999,75.041,77.36433333333335,0.010770435628247511
2014-03-03,75.39,59671581,74.77,75.81,74.69,0.0027932960893854997,74.88799999999999,75.235,77.2725,0.010767362085679794
2014-03-04,75.89,64772440,75.86,76.09,75.4,0.006632179334129296,75.15,75.44699999999999,77.19216666666667,0.010801075692490277
2014-03-05,76.05,50000910,75.85,76.39,75.59,0.0021083146659639507,75.578,75.6155,77.1075,0.010460082243506091
2014-03-06,75.82,46363282,76.11,76.35,75.44,-0.003024326101249253,75.66600000000001,75.745,77.03783333333332,0.010448581519846204
2014-03-07,75.78,55164427,75.87,76.0,75.15,-0.0005275652862040126,75.786,75.873,76.95216666666666,0.010452743144807753
2014-03-10,75.85,44638950,75.48,76.19,75.48,0.0009237265769330705,75.878,75.95349999999999,76.86983333333333,0.010053418143386117
2014-03-11,76.58,69791288,76.49,76.96,76.08,0.009624258404746344,76.01599999999999,76.004,76.80966666666667,0.009479036907557416
2014-03-12,76.66,49819071,76.36,76.76,76.0,0.0010446591799424532,76.13799999999999,76.0085,76.75266666666667,0.00901161193257858
2014-03-13,75.81,64314038,76.78,77.09,75.59,-0.011087920688755415,76.136,75.97099999999999,76.69616666666667,0.009352811765732476
2014-03-14,74.96,59166181,75.54,75.84,74.71,-0.011212241129138767,75.97200000000001,75.83,76.61816666666667,0.008803391118054274
2014-03-17,75.25,49725201,75.39,75.71,75.12,0.003868729989327635,75.852,75.707,76.551,0.00889339759621332
2014-03-18,75.91,52279152,75.13,76.0,75.03,0.008770764119601315,75.71799999999999,75.60249999999999,76.50483333333334,0.009119978049606733
2014-03-19,75.89,56077605,76.04,76.61,75.57,-0.00026346989856407266,75.564,75.5585,76.47333333333334,0.00846213406211093
2014-03-20,75.53,52017415,75.7,76.1,75.34,-0.0047437079984187225,75.50800000000001,75.54100000000001,76.425,0.008123175147153444
2014-03-21,76.12,93431688,75.99,76.25,75.19,0.0078114656427910045,75.74000000000001,75.595,76.33633333333334,0.007887120460174398
2014-03-24,77.03,88674487,76.92,77.21,76.44,0.011954808197582656,76.096,75.6785,76.26849999999999,0.008247025760341833
2014-03-25,77.86,70284361,77.36,77.96,77.08,0.010775022718421345,76.486,75.8425,76.22350000000002,0.008049920369577052
2014-03-26,77.11,74394902,78.07,78.43,76.98,-0.009632674030310762,76.73,76.0025,76.17516666666667,0.008098475985102778
2014-03-27,76.78,55330425,77.15,77.36,76.45,-0.004279600570613384,76.97999999999999,76.0725,76.13449999999999,0.0070475979474324095
2014-03-28,76.69,49703046,76.9,76.99,76.32,-0.0011721802552748795,77.094,76.148,76.07683333333334,0.007015517598894696
2014-03-31,76.68,41787976,77.03,77.26,76.56,-0.00013039509714418696,77.024,76.2125,76.03783333333332,0.007007037919484475
2014-04-01,77.38,50069657,76.82,77.41,76.68,0.009128847157016118,76.928,76.287,76.0395,0.007136110016575484
2014-04-02,77.51,44803807,77.48,77.64,77.18,0.0016800206771776516,77.008,76.36,76.03633333333333,0.007133241062804162
2014-04-03,76.97,40472773,77.34,77.5,76.81,-0.006966842988001654,77.046,76.41749999999999,76.03333333333333,0.007302068068041948
2014-04-04,75.97,68615246,77.12,77.14,75.8,-0.012992074834351053,76.902,76.42699999999999,76.0055,0.007924755132542493
2014-04-07,74.78,72146992,75.43,75.84,74.56,-0.015664077925496844,76.522,76.3735,75.97433333333333,0.008672793636564625
2014-04-08,74.78,60880929,75.03,75.16,74.1,0.0,76.002,76.28349999999999,75.95183333333333,0.008331588940304316
2014-04-09,75.76,51357706,74.66,75.78,74.57,0.01310510831773204,75.65200000000002,76.2385,75.93900000000001,0.00891522850067195
2014-04-10,74.78,59701814,75.81,76.03,74.74,-0.012935586061246118,75.214,76.187,75.88433333333333,0.009038862427746448
2014-04-11,74.23,67920698,74.14,74.69,73.88,-0.007354907729339333,74.86600000000001,76.1505,75.7945,0.008840490675524733
2014-04-14,74.53,51252748,74.56,74.59,73.89,0.004041492657955059,74.816,76.11449999999999,75.71700000000001,0.008845017989756555
2014-04-15,73.99,66461884,74.32,74.52,73.05,-0.007245404535086597,74.658,76.01849999999999,75.66283333333332,0.00869056688622674
2014-04-16,74.14,52515794,74.01,74.44,73.45,0.002027300986619851,74.33399999999999,75.93100000000001,75.59116666666667,0.008719221490929978
2014-04-17,74.99,70978621,74.29,75.39,74.17,0.01146479633126507,74.376,75.904,75.52783333333333,0.0091101307183651
2014-04-21,75.88,45546494,75.05,76.02,74.85,0.011868249099880046,74.70599999999999,75.892,75.46833333333333,0.00934288028144647
2014-04-22,75.96,50607747,75.47,75.98,75.21,0.0010542962572481773,74.992,75.8385,75.43416666666667,0.008909528089478579
2014-04-23,74.96,93473618,75.58,75.88,74.92,-0.013164823591363839,75.186,75.6935,75.37283333333333,0.008900327284646355
2014-04-24,81.11,189588407,81.17,81.43,80.1,0.08204375667022412,76.58,75.89349999999999,75.51866666666666,0.02060149334301963
2014-04-25,81.71,97435199,80.65,81.71,80.57,0.00739736160769322,77.924,76.14,75.68816666666666,0.02055793953551091
2014-04-28,84.87,167001640,81.83,85.11,81.79,0.03867335699424812,79.72200000000001,76.549,75.91266666666667,0.02198217272610052
2014-04-29,84.62,84049445,84.82,85.14,84.22,-0.002945681630729391,81.454,76.946,76.13116666666666,0.022027753785044103
2014-04-30,84.3,114029614,84.66,85.63,84.26,-0.003781611912077598,83.322,77.292,76.342,0.022094418306021404
2014-05-01,84.5,60958860,84.57,84.97,83.77,0.0023724792408066353,84.0,77.6415,76.539,0.022090283730309163
2014-05-02,84.65,47673150,84.62,84.89,84.24,0.0017751479289942473,84.588,78.0255,76.72933333333334,0.021936361955404975
2014-05-05,85.85,71523851,84.31,85.86,84.29,0.014176018901358445,84.78399999999999,78.5195,76.93983333333333,0.021603074153929498
2014-05-06,84.92,93468228,85.97,86.34,84.92,-0.010832847990681294,84.844,79.0265,77.11783333333332,0.021369766941255818
2014-05-07,84.62,70532231,85.04,85.33,83.96,-0.003532736693358407,84.90799999999999,79.5185,77.26866666666666,0.021441558029969766
2014-05-08,84.0,57243511,84.04,84.92,83.77,-0.007326873079650298,84.80799999999999,79.93050000000001,77.3925,0.021592010579523514
2014-05-09,83.65,72767192,83.51,83.75,82.9,-0.004166666666666652,84.608,80.374,77.51066666666667,0.021287214548520377
2014-05-12,84.69,53184042,83.93,84.81,83.91,0.012432755528989814,84.376,80.897,77.62583333333333,0.021101328153534025
2014-05-13,84.82,39854512,84.57,84.93,84.39,0.0015350100366040564,84.35600000000001,81.41149999999999,77.74433333333333,0.021126105559998345
2014-05-14,84.84,41505203,84.63,85.34,84.53,0.0002357934449424004,84.4,81.95400000000001,77.85833333333333,0.02093169264830904
2014-05-15,84.12,57427744,84.96,85.23,84.01,-0.008486562942008447,84.424,82.453,77.98083333333332,0.021195245693040946
2014-05-16,85.36,68960136,84.09,85.36,83.63,0.014740846409890596,84.76599999999999,82.9715,78.13883333333334,0.021247906243212485
2014-05-19,86.37,78819884,85.41,86.76,85.33,0.011832239925023469,85.102,83.49600000000001,78.32766666666666,0.021247447078808147
2014-05-20,86.39,58232373,86.36,86.63,85.82,0.00023156188491380014,85.416,84.01750000000001,78.5115,0.021259748956299864
2014-05-21,86.62,49184983,86.26,86.67,86.01,0.00266234517884012,85.772,84.6005,78.71216666666668,0.020771920250417575
2014-05-22,86.75,50142667,86.66,87.12,86.3,0.0015008081274532348,86.298,84.88250000000001,78.92616666666667,0.011109678685254358
2014-05-23,87.73,57918367,86.75,87.82,86.64,0.011296829971181532,86.772,85.18350000000001,79.132,0.011216770424396493
2014-05-27,89.38,86840486,87.98,89.41,87.95,0.01880770545993382,87.374,85.409,79.36866666666667,0.008499794800259822
2014-05-28,89.14,78793704,89.43,89.98,89.11,-0.0026851644663234975,87.924,85.635,79.59783333333334,0.00849100139370437
2014-05-29,90.77,93737728,89.69,90.98,89.68,0.018285842494951687,88.75399999999999,85.9585,79.84583333333333,0.009029426059296524
2014-05-30,90.43,140860202,91.14,92.02,89.84,-0.0037457309683814888,89.49000000000001,86.25500000000001,80.0855,0.009180666065708493
2014-06-02,89.81,92179668,90.57,90.69,88.93,-0.00685613181466338,89.90599999999999,86.513,80.31866666666666,0.00946146379398597
2014-06-03,91.08,73043412,89.78,91.25,89.75,0.014140964257877586,90.24600000000001,86.7745,80.57366666666667,0.009459288496296592
2014-06-04,92.12,83735285,91.06,92.56,90.87,0.011418533157663724,90.84200000000001,87.1345,80.84483333333334,0.009045780417653818
2014-06-05,92.48,75796583,92.31,92.77,91.8,0.0039079461571862595,91.18400000000001,87.5275,81.10983333333334,0.008865864847662733
2014-06-06,92.22,87403076,92.84,93.04,92.07,-0.0028114186851211365,91.542,87.9385,81.36916666666667,0.00860274596510056
2014-06-09,93.7,75295450,92.7,93.88,91.75,0.016048579483842973,92.32,88.441,81.66733333333333,0.008691545220660887
2014-06-10,94.25,62563070,94.73,95.05,93.57,0.005869797225186657,92.954,88.91900000000001,81.98883333333333,0.008547652225019116
2014-06-11,93.86,45528740,94.13,94.76,93.47,-0.004137931034482789,93.30199999999999,89.37100000000001,82.29899999999999,0.008773674298903132
2014-06-12,92.29,54628650,94.04,94.12,91.9,-0.01672704027274652,93.264,89.7435,82.57199999999999,0.010003625249614852
2014-06-13,91.28,54406640,92.2,92.44,90.88,-0.010943764221475805,93.076,90.1015,82.8285,0.010181972290632797
2014-06-16,92.2,35371460,91.51,92.75,91.45,0.010078878177037787,92.776,90.4435,83.10633333333334,0.009977874025703411
2014-06-17,92.08,29684620,92.31,92.7,91.8,-0.0013015184381779399,92.34200000000001,90.72900000000001,83.37233333333333,0.009860451731393032
2014-06-18,92.18,33314720,92.27,92.29,91.35,0.0010860121633362585,92.006,91.01849999999999,83.62483333333334,0.009848519840578034
2014-06-19,91.86,35476080,92.29,92.3,91.34,-0.003471468865263727,91.92,91.2805,83.85816666666666,0.009964078768829487
2014-06-20,90.91,100478600,91.85,92.55,90.9,-0.0103418245155672,91.846,91.4885,84.08816666666667,0.010399485258948545
2014-06-23,90.83,43611710,91.32,91.62,90.6,-0.0008799912000879706,91.57199999999999,91.6435,84.32233333333333,0.010205594629695109
2014-06-24,90.28,38977670,90.75,91.74,90.19,-0.0060552680832324235,91.212,91.6885,84.54883333333332,0.009514042554667137
2014-06-25,90.36,36835900,90.21,90.7,89.65,0.0008861320336730483,90.848,91.7495,84.77683333333334,0.009483712358691216
2014-06-26,90.9,32528680,90.37,91.05,89.8,0.005976095617529875,90.65599999999999,91.756,85.00216666666667,0.008646352169097407
2014-06-27,91.98,61758200,90.82,92.0,90.77,0.011881188118811892,90.87,91.8335,85.24333333333334,0.008979524434082401
2014-06-30,92.93,49474230,92.1,93.73,92.09,0.010328332246140493,91.29,91.9895,85.50933333333333,0.009021538485395452
2014-07-01,93.52,38156280,93.52,94.07,93.13,0.006348864736898552,91.938,92.1115,85.80183333333335,0.008617349320247488
2014-07-02,93.48,28414310,93.87,94.06,93.09,-0.00042771599657820403,92.56200000000001,92.1795,86.11349999999999,0.008290366662557246
2014-07-03,94.03,22891750,93.67,94.1,93.2,0.005883611467693672,93.188,92.257,86.43433333333334,0.008341391956259056
2014-07-07,95.97,54809030,94.14,95.99,94.1,0.020631713282994735,93.986,92.4445,86.77116666666666,0.009380130039508607
2014-07-08,95.35,65111960,96.27,96.8,93.92,-0.0064603521933938035,94.47,92.527,87.114,0.008950982050808211
2014-07-09,95.39,36267350,95.44,95.95,94.76,0.0004195070791819244,94.84400000000001,92.58399999999999,87.46666666666667,0.008874713249733681
2014-07-10,95.04,39633800,93.76,95.55,93.52,-0.0036691477094034086,95.15599999999999,92.643,87.80850000000001,0.008862043708993194
2014-07-11,95.22,33960300,95.36,95.89,94.86,0.0018939393939392257,95.394,92.7895,88.16233333333334,0.007860555379790277
2014-07-14,96.45,42643760,95.86,96.89,95.65,0.012917454316320187,95.49,93.048,88.53416666666666,0.007665972375968757
2014-07-15,95.32,45187420,96.8,96.85,95.03,-0.01171591498185598,95.48400000000001,93.20400000000001,88.873,0.008110921853479822
2014-07-16,94.78,53323940,96.97,97.1,94.74,-0.005665127989928576,95.362,93.339,89.188,0.008253252173185517
2014-07-17,93.09,57111160,95.03,95.28,92.57,-0.017830765984384822,94.97200000000001,93.3845,89.4735,0.009316090340865136
2014-07-18,94.43,49838110,93.62,94.74,93.02,0.014394671822967053,94.814,93.513,89.798,0.009758048386837609
2014-07-21,93.94,38792960,94.99,95.0,93.72,-0.005189028910304039,94.312,93.6645,90.01183333333333,0.009495490276241374
2014-07-22,94.72,54297530,94.68,94.89,94.12,0.008303172237598577,94.19200000000001,93.859,90.22866666666667,0.009586602714931463
2014-07-23,97.19,90937230,95.42,97.88,95.17,0.026076858108108114,94.674,94.2045,90.434,0.010760987356616179
2014-07-24,97.03,45609040,97.04,97.32,96.42,-0.0016462599032821545,95.462,94.538,90.64083333333335,0.010811229974938396
2014-07-25,97.67,43384590,96.85,97.84,96.64,0.006595898175821846,96.11,94.8765,90.86366666666667,0.01081921678899034
2014-07-28,99.02,54926940,97.82,99.24,97.55,0.013822053854817273,97.126,95.2285,91.10566666666666,0.010905261164339587
2014-07-29,98.38,42957960,99.33,99.44,98.25,-0.006463340739244594,97.85799999999999,95.501,91.33449999999999,0.011017997984527584
2014-07-30,98.15,32978480,98.44,98.7,97.67,-0.002337873551534808,98.05,95.73249999999999,91.5395,0.01104652405176901
2014-07-31,95.6,56625420,97.16,97.45,95.33,-0.025980641874681742,97.764,95.8385,91.7175,0.012746978167706422
2014-08-01,96.13,48379730,94.9,96.62,94.81,0.00554393305439338,97.45599999999999,95.9435,91.90933333333334,0.012740632678232647
2014-08-04,95.59,39860740,96.37,96.58,95.17,-0.005617393113492075,96.77000000000001,95.9245,92.1025,0.011959674090065904
2014-08-05,95.12,55861030,95.36,95.68,94.36,-0.004916832304634355,96.11800000000001,95.913,92.29366666666667,0.01192159662263439
2014-08-06,94.96,38463700,94.75,95.48,94.71,-0.001682085786375187,95.48,95.8915,92.46483333333335,0.011926471354863702
2014-08-07,94.48,46553350,94.93,95.95,94.1,-0.005054759898904693,95.256,95.8635,92.62583333333333,0.011951936360608652
2014-08-08,94.74,41783300,94.26,94.82,93.28,0.0027519051651141435,94.978,95.8395,92.79083333333332,0.01196148774574353
2014-08-11,95.99,36459430,95.27,96.08,94.84,0.013194004644289548,95.05799999999999,95.8165,92.98866666666667,0.01197758006736278
2014-08-12,95.97,33485870,96.04,96.88,95.61,-0.00020835503698302116,95.228,95.849,93.1655,0.011666141636784684
2014-08-13,97.24,31866630,96.15,97.24,96.04,0.013233302073564657,95.684,95.972,93.34666666666666,0.011911424278369257
2014-08-14,97.5,28056530,97.33,97.57,96.8,0.002673796791443861,96.28799999999998,96.1925,93.53183333333335,0.011022968833090108
2014-08-15,97.98,48938120,97.9,98.19,96.86,0.00492307692307703,96.936,96.36999999999999,93.72116666666666,0.01067742088700879
2014-08-18,99.16,47285630,98.49,99.37,97.98,0.012043274137579107,97.57000000000001,96.631,93.92799999999998,0.010770051449865602
2014-08-19,100.53,69189840,99.41,100.68,99.32,0.01381605486083104,98.482,96.92150000000001,94.14133333333334,0.010987664209809685
2014-08-20,100.57,52565000,100.44,101.09,99.95,0.0003978911767630322,99.148,97.09049999999999,94.32783333333333,0.009561640036677335
2014-08-21,100.58,33377530,100.57,100.94,100.11,9.94332305856993e-05,99.764,97.268,94.51849999999999,0.009536898866944449
2014-08-22,101.32,44028280,100.29,101.47,100.19,0.007357327500497002,100.43199999999999,97.4505,94.69433333333333,0.009558372377921504
2014-08-25,101.54,40087220,101.79,102.17,101.28,0.0021713383339914127,100.908,97.5765,94.8795,0.009138024504053663
2014-08-26,100.89,33079170,101.42,101.5,100.86,-0.006401418160330907,100.97999999999999,97.702,95.06416666666668,0.009135266774676408
2014-08-27,102.13,46807000,101.02,102.57,100.7,0.012290613539498452,101.292,97.901,95.24833333333335,0.009410128828928001
2014-08-28,102.25,68368740,101.59,102.78,101.56,0.0011749730735337582,101.626,98.23349999999999,95.41716666666666,0.006734162770191447
2014-08-29,102.5,44516120,102.86,102.9,102.2,0.0024449877750611915,101.862,98.55199999999999,95.58416666666668,0.006717613883284817
2014-09-02,103.3,53227770,103.06,103.74,102.72,0.007804878048780495,102.214,98.93749999999999,95.76883333333333,0.0064519411266943435
2014-09-03,98.94,125000400,103.1,103.2,98.58,-0.04220716360116161,101.824,99.1285,95.85616666666667,0.012074226138103604
2014-09-04,98.12,85537710,98.85,100.09,97.79,-0.008287851222963383,101.022,99.2865,95.92066666666666,0.012270194576472009
2014-09-05,98.97,58280030,98.8,99.39,98.31,0.008662861801875144,100.36600000000001,99.511,96.00583333333334,0.012255490140550903
2014-09-08,98.36,46176570,99.3,99.31,98.05,-0.0061634838840052275,99.538,99.692,96.107,0.012403142497628885
2014-09-09,97.99,189419500,99.08,103.08,96.14,-0.003761691744611717,98.476,99.792,96.21883333333332,0.012171526452487012
2014-09-10,101.0,100352500,98.01,101.11,97.76,0.030717420144912744,98.888,100.0435,96.36549999999998,0.013845457595554783
2014-09-11,101.43,62077230,100.41,101.44,99.62,0.004257425742574261,99.55,100.25300000000001,96.52133333333333,0.01362810008242526
2014-09-12,101.66,62826040,101.21,102.19,101.08,0.0022675736961450532,100.088,100.461,96.67933333333332,0.013627660562161005
2014-09-15,101.63,61169670,102.81,103.05,101.44,-0.000295101318119273,100.742,100.6435,96.84216666666666,0.013622337744075438
2014-09-16,100.86,66754370,99.8,101.26,98.89,-0.007576503001082369,101.316,100.7285,97.00800000000001,0.013561223406535606
2014-09-17,101.58,60783090,101.27,101.8,100.59,0.007138607971445499,101.43199999999999,100.78099999999999,97.18716666666667,0.013307317022417315
2014-09-18,101.79,36971170,101.93,102.35,101.56,0.0020673360897816018,101.50399999999999,100.84200000000001,97.379,0.01331118749200411
2014-09-19,100.96,70747430,102.29,102.35,100.88,-0.008154042636801417,101.364,100.86099999999999,97.55566666666667,0.013457529962831985
2014-09-22,101.06,52421660,101.8,102.14,100.58,0.0009904912836768975,101.25,100.848,97.725,0.01335611042041498
2014-09-23,102.64,63255860,100.6,102.94,100.54,0.015634276667326308,101.60600000000001,100.90299999999999,97.90266666666666,0.01380529554046788
2014-09-24,101.75,59974260,102.16,102.85,101.2,-0.008671083398285262,101.64000000000001,100.946,98.04966666666668,0.01387529081213567
2014-09-25,97.87,99689300,100.51,100.71,97.72,-0.038132678132678066,100.85600000000001,100.733,98.12216666666667,0.0160361053604893
2014-09-26,100.75,62276770,98.53,100.75,98.4,0.029426790640645795,100.81400000000001,100.658,98.24333333333334,0.017507715690949884
2014-09-29,100.11,49263260,98.65,100.44,98.63,-0.006352357320099311,100.624,100.5385,98.34466666666665,0.0175378890694923
2014-09-30,100.75,55119980,100.81,101.54,100.53,0.006392967735491029,100.24600000000001,100.411,98.42433333333334,0.017503254389972297
2014-10-01,99.18,51400260,100.59,100.69,98.7,-0.015583126550868465,99.732,100.423,98.48816666666667,0.015053514143791318
2014-10-02,99.9,47697150,99.27,100.22,98.04,0.007259528130671544,100.138,100.512,98.56333333333332,0.014991868610169929
2014-10-03,99.62,43419580,99.44,100.21,99.04,-0.002802802802802762,99.912,100.5445,98.63966666666667,0.014902629073552607
2014-10-06,99.62,36780620,99.95,100.65,99.42,0.0,99.81400000000001,100.6075,98.71300000000001,0.014822552970097115
2014-10-07,98.75,42003200,99.43,100.12,98.73,-0.008733186107207414,99.41400000000002,100.6455,98.75133333333333,0.014943234947223553
2014-10-08,100.8,57329820,98.76,101.11,98.31,0.020759493670886142,99.738,100.63550000000001,98.84266666666666,0.014020574905897074
2014-10-09,101.02,77283330,101.54,102.38,100.61,0.002182539682539675,99.962,100.615,98.94666666666667,0.013995026120980894
2014-10-10,100.73,66249770,100.69,102.03,100.3,-0.002870718669570338,100.184,100.5685,99.074,0.013996263779600657
2014-10-13,99.81,53437060,101.33,101.78,99.81,-0.009133326714980683,100.22200000000001,100.47749999999999,99.16366666666666,0.014132769418744777
2014-10-14,98.75,63287170,100.39,100.52,98.57,-0.010620178338843878,100.22200000000001,100.372,99.24383333333334,0.014225573602204163
2014-10-15,97.54,99942790,97.97,99.15,95.18,-0.012253164556962015,99.57000000000001,100.17,99.29083333333332,0.014305161317741788
2014-10-16,96.26,72017830,95.55,97.72,95.41,-0.01312282140660248,98.61800000000001,99.89349999999999,99.27533333333334,0.01448390930021816
2014-10-17,97.67,67723910,97.5,99.0,96.81,0.014647828797007989,98.006,99.729,99.286,0.01492190083903228
2014-10-20,99.76,75705040,98.32,99.96,98.22,0.02139858707893927,97.99600000000001,99.664,99.32083333333334,0.015777933797634182
2014-10-21,102.47,93786680,103.02,103.02,101.27,0.027165196471531594,98.74,99.6555,99.37833333333333,0.01658944183819786
2014-10-22,102.99,68140010,102.84,104.11,102.6,0.005074655996877064,99.83,99.7175,99.45516666666666,0.016493671944156185
2014-10-23,104.83,70760150,104.08,105.05,103.63,0.01786581221477812,101.544,100.0655,99.5665,0.014132347689991347
2014-10-24,105.22,46937880,105.18,105.49,104.53,0.0037203090718305187,103.054,100.289,99.72683333333333,0.01275550355269737
2014-10-27,105.11,34086120,104.85,105.48,104.7,-0.001045428625736533,104.124,100.53900000000002,99.87650000000001,0.012621635974011395
2014-10-28,106.74,47689070,105.4,106.74,105.35,0.015507563504899569,104.978,100.8385,100.06233333333333,0.012929811544680111
2014-10-29,107.34,52545580,106.65,107.37,106.36,0.005621135469364935,105.848,101.2465,100.266,0.01217571773086719
2014-10-30,106.98,40572000,106.96,107.35,105.9,-0.003353828954723359,106.27799999999999,101.6005,100.46633333333332,0.012258606355809283
2014-10-31,108.0,44550790,108.01,108.04,107.21,0.009534492428491248,106.83399999999999,102.01950000000001,100.69166666666666,0.012235119945347461
2014-11-03,109.4,52154490,108.22,110.3,108.01,0.012962962962963065,107.69200000000001,102.5085,100.936,0.012348360346780217
2014-11-04,108.6,41423660,109.36,109.49,107.72,-0.007312614259597949,108.06400000000001,103.001,101.14616666666666,0.012270468984661428
2014-11-05,108.86,37365530,109.1,109.3,108.13,0.0023941068139963217,108.36800000000001,103.404,101.36100000000002,0.011689581946961729
2014-11-06,108.7,34733740,108.6,108.79,107.8,-0.0014697776961234421,108.71199999999999,103.78800000000001,101.55199999999999,0.0117465127774177
2014-11-07,109.01,33655280,108.75,109.32,108.55,0.00285188592456298,108.91399999999999,104.202,101.74383333333334,0.011646394227927034
2014-11-10,108.83,27066060,109.02,109.33,108.67,-0.001651224658288264,108.8,104.65299999999999,101.92466666666668,0.011317104375013412
2014-11-11,109.7,27330410,108.7,109.75,108.4,0.007994119268584177,109.02000000000001,105.2005,102.10033333333334,0.010769363963951749
2014-11-12,111.25,46372630,109.38,111.43,109.37,0.014129443938012631,109.498,105.88600000000001,102.279,0.010097551700850874
2014-11-13,112.82,59418180,111.8,113.45,111.6,0.01411235955056167,110.322,106.71400000000001,102.48316666666666,0.009076063413509255
2014-11-14,114.18,43789060,113.15,114.19,113.05,0.012054600248183167,111.356,107.5395,102.70983333333334,0.008994360223052346
2014-11-17,113.99,46687710,114.27,117.28,113.3,-0.0016640392362936574,112.388,108.251,102.921,0.008641115872750852
2014-11-18,115.47,44163250,113.94,115.69,113.89,0.012983595052197705,113.542,108.901,103.15316666666668,0.007362813924046386
2014-11-19,114.67,41815550,115.44,115.74,113.8,-0.006928206460552477,114.226,109.48500000000001,103.38283333333334,0.00791221779314488
2014-11-20,116.31,43148650,114.91,116.86,114.85,0.014301909828202675,114.924,110.059,103.61916666666666,0.007652940882682801
2014-11-21,116.47,56759320,117.51,117.57,116.03,0.0013756340813342316,115.38199999999999,110.6215,103.85616666666667,0.007695242166625664
2014-11-24,118.63,46867340,116.85,118.77,116.62,0.018545548209839335,116.30999999999999,111.29749999999999,104.125,0.008105110058049064
2014-11-25,117.6,68719930,119.07,119.75,117.45,-0.00868245806288459,116.73599999999999,111.84049999999999,104.36333333333332,0.008425835370697635
2014-11-26,119.0,40756950,117.94,119.1,117.83,0.011904761904761862,117.602,112.42349999999999,104.69766666666666,0.00857044395782617
2014-11-28,118.93,24814400,119.27,119.4,118.05,-0.0005882352941175562,118.126,113.021,105.0445,0.008446512535785627
2014-12-01,115.07,83657780,118.81,119.25,111.27,-0.03245606659379474,117.846,113.37449999999998,105.31283333333333,0.011873281863866
2014-12-02,114.63,59205320,113.5,115.75,112.75,-0.003823759450769071,117.046,113.636,105.584,0.011742613544709062
2014-12-03,115.93,42956200,115.75,116.35,115.11,0.011340835732356336,116.71200000000002,114.00249999999998,105.88300000000001,0.011670843259034879
2014-12-04,115.49,42068020,115.77,117.2,115.29,-0.0037953937721039166,116.00999999999999,114.33399999999999,106.1245,0.011778705806137772
2014-12-05,115.0,38230970,115.99,116.08,114.64,-0.0042427915836869,115.224,114.649,106.35066666666667,0.011850523949695945
2014-12-08,112.4,57445030,114.1,114.65,111.62,-0.022608695652173827,114.69000000000001,114.8185,106.52966666666667,0.013150821420361265
2014-12-09,114.12,60112240,110.19,114.3,109.35,0.01530249110320292,114.58800000000001,115.083,106.73783333333334,0.013471690508211648
2014-12-10,111.95,44475360,114.41,114.85,111.54,-0.019015071854188603,113.792,115.1955,106.92266666666666,0.014220944869009206
2014-12-11,111.62,41404690,112.26,113.8,111.34,-0.0029477445288075277,113.018,115.21400000000001,107.08999999999999,0.01390745234112089
2014-12-12,109.73,55873820,110.46,111.87,109.58,-0.01693244938183125,111.96400000000001,115.0595,107.22233333333334,0.014011903649245967
2014-12-15,108.23,67083260,110.7,111.6,106.35,-0.013669917069169757,111.13000000000002,114.76200000000001,107.34349999999999,0.013902361732271424
2014-12-16,106.75,60651790,106.37,110.16,106.26,-0.01367458190889781,109.65600000000002,114.4,107.43833333333333,0.014118438142561857
2014-12-17,109.41,53265930,107.12,109.84,106.82,0.024918032786885203,109.148,114.09700000000001,107.55116666666666,0.015058490108790588
2014-12-18,112.65,58785590,111.87,112.65,110.66,0.029613380860981753,109.354,113.99600000000001,107.73283333333333,0.016637663594371518
2014-12-19,111.78,86595830,112.26,113.24,111.66,-0.007723035952063917,109.76399999999998,113.7695,107.96466666666667,0.01631424480190889
2014-12-22,112.94,45097060,112.16,113.49,111.97,0.010377527285739818,110.70599999999999,113.593,108.16783333333333,0.016530890836140708
2014-12-23,112.54,25991030,113.23,113.33,112.46,-0.0035417035594119683,111.864,113.2885,108.375,0.015851545175761584
2014-12-24,112.01,14479610,112.58,112.71,112.01,-0.004709436644748544,112.38399999999999,113.00900000000001,108.56266666666667,0.01579494434723268
2014-12-26,113.99,33681200,112.1,114.52,112.01,0.01767699312561377,112.652,112.7585,108.8095,0.01611785713324356
2014-12-29,113.91,27533430,113.79,114.77,113.7,-0.0007018159487673925,113.078,112.50750000000001,109.04300000000002,0.016117344262201107
2014-12-30,112.52,29798660,113.64,113.92,112.11,-0.012202616100430164,112.994,112.38000000000002,109.258,0.014676978308354516
2014-12-31,110.38,41304780,112.82,113.13,110.21,-0.019018841094916472,112.56200000000001,112.16749999999999,109.43733333333333,0.015213349397285985
2015-01-02,109.33,53143770,111.39,111.44,107.35,-0.00951259286102557,112.026,111.8375,109.61366666666666,0.0149797434661076
2015-01-05,106.25,64210880,108.29,108.65,105.41,-0.028171590597274254,110.478,111.37550000000002,109.70450000000001,0.016018875764931856
2015-01-06,106.26,65682250,106.54,107.43,104.63,9.41176470588001e-05,108.94800000000001,110.9385,109.79183333333334,0.016045307331924594
2015-01-07,107.75,39983350,107.2,108.2,106.7,0.014022209674383612,107.994,110.70599999999999,109.90883333333335,0.015877820084137552
2015-01-08,111.89,59168760,109.23,112.15,108.7,0.03842227378190266,108.296,110.5945,110.11016666666666,0.017914169826518098
2015-01-09,112.01,53645730,112.67,113.25,110.21,0.0010724819018679277,108.832,110.59750000000001,110.33116666666666,0.017396874812943306
2015-01-12,109.25,49571170,112.6,112.63,108.8,-0.024640657084188944,109.43199999999999,110.479,110.52633333333333,0.018256466583400015
2015-01-13,110.22,66969980,111.43,112.8,108.91,0.008878718535469066,110.224,110.50349999999999,110.759,0.017974727904700387
2015-01-14,109.8,48728190,109.04,110.49,108.5,-0.003810560696788312,110.63399999999999,110.582,110.96116666666667,0.017702387704289738
2015-01-15,106.82,59808470,110.0,110.06,106.66,-0.02714025500910755,109.62,110.5855,111.07883333333332,0.018521732187743136
2015-01-16,105.99,78453330,107.03,107.58,105.2,-0.007770080509267863,108.41600000000001,110.4145,111.1375,0.017646878087386905
2015-01-20,108.72,49742320,107.84,108.97,106.5,0.025757146900651007,108.30999999999999,110.21799999999999,111.233,0.017307540531912007
2015-01-21,109.55,48482860,108.95,111.06,108.27,0.007634289919058013,108.176,110.10650000000001,111.31166666666667,0.017363667300276317
2015-01-22,112.4,53717440,110.26,112.47,109.72,0.026015518028297713,108.696,110.07950000000001,111.43133333333334,0.018227160161256285
2015-01-23,112.98,46420020,112.3,113.75,111.53,0.005160142348754393,109.928,110.10150000000002,111.5625,0.018244087657460578
2015-01-26,113.1,55457420,113.74,114.36,112.8,0.0010621348911310502,111.35,110.15599999999999,111.6685,0.018205406425144528
2015-01-27,109.14,92326640,112.42,112.48,109.03,-0.035013262599469464,111.434,109.9135,111.6985,0.019384645087612465
2015-01-28,115.31,146184300,117.63,118.12,115.31,0.056532893531244355,112.58600000000001,109.98349999999998,111.83733333333333,0.023395192752704977
2015-01-29,118.9,84132130,116.32,119.19,115.56,0.031133466308212565,113.88600000000001,110.30249999999998,112.019,0.02411657299708616
2015-01-30,117.16,83646800,118.4,120.0,116.85,-0.014634146341463539,114.72200000000001,110.6415,112.14833333333333,0.023924700961203412
2015-02-02,118.63,62542440,118.05,119.17,116.08,0.012546944349607347,115.828,111.10650000000001,112.3155,0.023813363950204298
2015-02-03,118.65,51842080,118.5,119.09,117.61,0.00016859141869685068,117.73000000000002,111.72650000000002,112.47866666666665,0.022587480947347326
2015-02-04,119.56,69975180,118.5,120.51,118.31,0.007669616519174083,118.58,112.3915,112.65966666666667,0.022550697782503928
2015-02-05,119.94,42197110,120.02,120.23,119.25,0.003178320508531174,118.78800000000001,113.001,112.84183333333333,0.022481803513940246
2015-02-06,118.93,43633660,120.02,120.25,118.45,-0.008420877105219216,119.14200000000001,113.353,113.01016666666666,0.02129222108831846
2015-02-09,119.72,37900780,118.55,119.84,118.43,0.006642562852097855,119.36000000000001,113.7385,113.17716666666666,0.021298405680253398
2015-02-10,122.02,61845390,120.17,122.15,120.16,0.01921149348479778,120.03399999999999,114.377,113.35666666666665,0.020485495921992714
2015-02-11,124.88,73278020,122.77,124.92,122.5,0.023438780527782255,121.098,115.11000000000001,113.55766666666666,0.02085822690021848
2015-02-12,126.46,74374630,126.06,127.48,125.57,0.012652146060217806,122.402,115.94300000000001,113.76233333333333,0.020755831519256293
2015-02-13,127.08,53955650,127.28,127.28,125.65,0.004902736043017608,124.032,116.95599999999999,113.98049999999999,0.01913129666790405
2015-02-17,127.83,63014110,127.49,128.88,126.92,0.005901794145420247,125.654,118.048,114.1865,0.018744901449231466
2015-02-18,128.72,44695980,127.63,128.78,127.45,0.006962371900179898,126.994,119.048,114.42066666666666,0.018358180125532107
2015-02-19,128.45,37295460,128.48,129.03,128.33,-0.002097576134244994,127.708,119.99300000000001,114.623,0.018514472828468496
2015-02-20,129.5,48878410,128.62,129.5,128.05,0.008174386920980936,128.31599999999997,120.848,114.84016666666666,0.018031932632806492
2015-02-23,133.0,73089250,130.02,133.0,129.66,0.027027027027026973,129.5,121.849,115.07966666666667,0.01855339280800119
2015-02-24,132.17,69109410,132.94,133.6,131.17,-0.006240601503759491,130.368,122.80250000000001,115.3225,0.01877494727927674
2015-02-25,128.79,74555120,131.56,131.6,128.15,-0.025573125520163442,130.38199999999998,123.78500000000001,115.48566666666667,0.017726401717109864
2015-02-26,130.42,91171830,128.79,130.87,126.61,0.012656262132153095,130.776,124.5405,115.67716666666666,0.013727664828594782
2015-02-27,128.46,61931350,130.0,130.57,128.24,-0.0150283698819198,130.56799999999998,125.01849999999999,115.90033333333334,0.013196787649390916
2015-03-02,129.09,48042680,129.25,130.28,128.3,0.004904250350303618,129.786,125.61500000000001,116.14133333333334,0.012450177008083377
2015-03-03,129.36,37749900,128.96,129.52,128.09,0.002091564025098913,129.224,126.15150000000001,116.36516666666667,0.012332636633203482
2015-03-04,128.54,31588480,129.1,129.56,128.32,-0.006338899196042247,129.17399999999998,126.646,116.58266666666667,0.012534647585204098
2015-03-05,126.41,56391280,128.58,128.75,125.76,-0.016570717286447767,128.372,126.9885,116.77283333333334,0.013317367979741913
2015-03-06,126.6,72699680,128.4,129.37,126.26,0.0015030456451230467,128.0,127.32149999999999,117.00949999999999,0.013320619160999459
2015-03-09,127.14,88410240,127.96,129.57,125.06,0.004265402843601995,127.61000000000001,127.73200000000001,117.2265,0.013058143616267599
2015-03-10,124.51,68720360,126.41,127.22,123.8,-0.020685858109171007,126.64000000000001,127.97149999999999,117.43583333333332,0.014092520511275021
2015-03-11,122.24,68812690,124.75,124.77,122.11,-0.01823146735201997,125.38,127.9825,117.61283333333334,0.014180584171460231
2015-03-12,124.45,48233270,122.31,124.9,121.63,0.018079188481675557,124.98800000000001,127.96099999999998,117.85816666666666,0.013762505971983733
2015-03-13,123.59,51744670,124.4,125.4,122.58,-0.006910405785455986,124.38600000000001,127.8175,118.11416666666668,0.01350252651362903
2015-03-16,124.95,35816300,123.88,124.95,122.87,0.011004126547455195,123.94800000000001,127.71099999999998,118.4175,0.013711653300865049
2015-03-17,127.04,50891230,125.9,127.32,125.65,0.01672669067627064,124.454,127.6715,118.71133333333334,0.014193447705699167
2015-03-18,128.47,65118170,127.0,129.16,126.37,0.01125629722921917,125.7,127.65900000000002,118.975,0.014339441143822596
2015-03-19,127.5,45674520,128.75,129.25,127.4,-0.0075504008717988125,126.30999999999999,127.6115,119.23700000000001,0.014432966751057187
2015-03-20,125.9,68516180,128.25,128.4,125.16,-0.012549019607843048,126.772,127.43149999999999,119.453,0.014538166668909074
2015-03-23,127.21,37597600,127.12,127.85,126.52,0.010405083399523285,127.224,127.14199999999998,119.6975,0.013251230924981287
2015-03-24,126.69,32747200,127.23,128.04,126.56,-0.00408772895212639,127.154,126.86800000000001,119.94216666666667,0.013224879788926499
2015-03-25,123.38,51505600,126.54,126.82,123.38,-0.02612676612203013,126.136,126.5975,120.09866666666667,0.013277225512151509
2015-03-26,124.24,47409610,122.76,124.88,122.6,0.006970335548711404,125.484,126.2885,120.27083333333331,0.01300360013087322
2015-03-27,123.25,39471720,124.57,124.7,122.91,-0.007968448164842212,124.954,126.02799999999999,120.44966666666666,0.0127341713508577
2015-03-30,126.37,46974980,124.05,126.4,124.0,0.02531440162271803,124.78600000000002,125.89200000000001,120.71616666666667,0.014064180412075859
2015-03-31,124.43,42019420,126.09,126.49,124.36,-0.015351744876157314,124.33400000000002,125.6455,120.96783333333333,0.014401140243610541
2015-04-01,124.25,40463140,124.82,125.12,123.1,-0.001446596479948603,124.508,125.431,121.26783333333333,0.014362240047210251
2015-04-02,125.32,32171410,125.03,125.56,124.19,0.008611670020120643,124.724,125.37650000000001,121.5855,0.014081601783451587
2015-04-06,127.35,36917490,124.47,127.51,124.33,0.016198531758697676,125.54400000000001,125.41400000000002,121.91216666666666,0.014558098044923655
2015-04-07,126.01,34894810,127.64,128.12,125.98,-0.01052218296034546,125.47200000000001,125.35749999999999,122.14750000000001,0.01472579517807888
2015-04-08,125.6,37272090,125.85,126.4,124.97,-0.0032537100230141114,125.70599999999999,125.412,122.37400000000001,0.013954032961102153
2015-04-09,126.56,32244360,125.85,126.58,124.66,0.007643312101910826,126.168,125.628,122.6625,0.013307695043047012
2015-04-10,127.1,40125760,125.95,127.21,125.26,0.004266750948166864,126.524,125.76050000000001,122.94383333333333,0.012767032577202126
2015-04-13,126.85,36248620,128.37,128.57,126.61,-0.0019669551534224894,126.424,125.92349999999999,123.228,0.012650465956243254
2015-04-14,126.3,25418280,127.0,127.29,125.91,-0.004335829720141904,126.482,125.99100000000001,123.55266666666667,0.012500299465945245
2015-04-15,126.78,28922420,126.41,127.13,126.01,0.0038004750593825243,126.718,125.978,123.89916666666666,0.011945077949499078
2015-04-16,126.17,28020240,126.28,127.1,126.11,-0.0048114844612714425,126.64000000000001,125.86299999999999,124.19,0.011683180888322724
2015-04-17,124.75,51481310,125.55,126.14,124.46,-0.011254656415946807,126.17,125.72549999999998,124.44333333333333,0.011823709040441562
2015-04-20,127.6,46975110,125.57,128.12,125.17,0.022845691382765487,126.32000000000001,125.8105,124.69666666666667,0.01262921422059891
2015-04-21,126.91,32341380,128.1,128.2,126.67,-0.0054075235109717346,126.44200000000001,125.79550000000002,124.92883333333333,0.012486890103805725
2015-04-22,128.62,37575420,126.99,128.87,126.32,0.013474115514931828,126.80999999999999,125.89200000000001,125.1875,0.012801104324089648
2015-04-23,129.67,45596690,128.3,130.42,128.14,0.00816358264655559,127.50999999999999,126.2065,125.52966666666666,0.011195741066538046
2015-04-24,130.28,44209710,130.49,130.63,129.23,0.004704249248091319,128.61599999999999,126.5085,125.77916666666667,0.011160045157206904
2015-04-27,132.65,95084260,132.31,133.13,131.15,0.018191587350322447,129.626,126.97850000000001,126.00833333333334,0.011406823774950208
2015-04-28,130.56,118693700,134.46,134.54,129.57,-0.01575574820957404,130.356,127.18799999999999,126.23166666666665,0.011008967703149103
2015-04-29,128.64,63063240,130.16,131.59,128.3,-0.014705882352941346,130.35999999999999,127.39849999999998,126.3985,0.010957173757475354
2015-04-30,125.15,82924980,127.5,127.88,124.58,-0.02712997512437798,129.456,127.4435,126.50683333333333,0.012712502335366135
2015-05-01,128.95,57349000,126.1,130.13,125.3,0.03036356372353155,129.19,127.625,126.66333333333334,0.014282172355929514
2015-05-04,128.7,50905020,129.5,130.57,128.26,-0.0019387359441643826,128.4,127.6925,126.80933333333334,0.013871363449783708
2015-05-05,125.8,49127770,128.15,128.45,125.78,-0.022533022533022473,127.44800000000001,127.68200000000002,126.92383333333333,0.014618923738543314
2015-05-06,125.01,72037370,126.56,126.75,123.36,-0.006279809220985588,126.72200000000001,127.65249999999999,127.01199999999999,0.014670138100259234
2015-05-07,125.26,42653920,124.77,126.08,124.02,0.001999840012798959,126.744,127.5875,127.066,0.0145665949333716
2015-05-08,127.62,55473820,126.68,127.62,126.11,0.01884081111288527,126.478,127.6135,127.11166666666666,0.015165385818457928
2015-05-11,126.32,41920740,127.39,127.56,125.63,-0.010186491145588561,126.002,127.58700000000002,127.10933333333334,0.01534078880602229
2015-05-12,125.87,48073450,125.6,126.88,124.82,-0.0035623812539581357,126.016,127.5655,127.08916666666667,0.015330514256964151
2015-05-13,126.01,34611600,126.15,127.19,125.87,0.0011122586795899725,126.21600000000001,127.527,127.05883333333333,0.01530666035247271
2015-05-14,128.95,45123920,127.41,128.95,127.16,0.023331481628442008,126.954,127.66600000000001,127.06266666666667,0.016131174223003156
2015-05-15,128.77,38128470,129.07,129.49,128.21,-0.0013958898797982178,127.18400000000001,127.867,127.068,0.015878771276622804
2015-05-18,130.19,50723240,128.38,130.72,128.36,0.011027413217364224,127.958,127.99650000000001,127.07950000000001,0.01525848276422023
2015-05-19,130.07,44395440,130.69,130.88,129.64,-0.00092172977955296,128.798,128.15449999999998,127.03066666666668,0.015190366469965254
2015-05-20,130.06,36261170,130.0,130.98,129.34,-7.688167909580823e-05,129.608,128.2265,126.99549999999999,0.014920465848263847
2015-05-21,131.39,39589780,130.07,131.63,129.83,0.010226049515608127,130.096,128.3125,127.03883333333333,0.014982039483002103
2015-05-22,132.54,45469340,131.6,132.97,131.4,0.008752568688636941,130.85,128.4255,127.07416666666667,0.015065171447403014
2015-05-26,129.62,70544670,132.6,132.91,129.12,-0.022031084955485003,130.736,128.274,127.09349999999999,0.015327370236231607
2015-05-27,132.05,45771120,130.34,132.26,130.05,0.018747106927943236,131.132,128.3485,127.14283333333333,0.015524701689710822
2015-05-28,131.78,30678840,131.86,131.95,131.1,-0.0020446800454374525,131.47599999999997,128.5055,127.18316666666666,0.015116990176267286
2015-05-29,130.28,50474170,131.23,131.45,129.9,-0.011382607375929554,131.25400000000002,128.762,127.21216666666668,0.013920181189816192
2015-06-01,130.54,32016020,131.2,131.39,130.05,0.0019957015658580435,130.85399999999998,128.8415,127.281,0.01223183518357571
2015-06-02,129.96,33595980,129.86,130.66,129.32,-0.0044430825800519935,130.922,128.9045,127.337,0.012272846945701035
2015-06-03,130.12,30939810,130.66,130.94,129.9,0.001231148045552466,130.536,129.1205,127.38666666666667,0.011004345276807865
2015-06-04,129.36,38335980,129.58,130.58,128.91,-0.005840762373193864,130.05200000000002,129.33800000000002,127.4675,0.01098791568103794
2015-06-05,128.65,35577760,129.5,129.69,128.36,-0.0054885590599876855,129.726,129.5075,127.57433333333331,0.011106578639121996
2015-06-08,127.8,52609900,128.9,129.21,126.83,-0.006607073455110801,129.178,129.5165,127.63016666666665,0.010440403167508343
2015-06-09,127.42,56002840,126.7,128.08,125.62,-0.0029733959311423197,128.67000000000002,129.5715,127.69399999999999,0.010187070210996694
2015-06-10,128.88,39029190,127.92,129.34,127.85,0.011458169832051501,128.422,129.722,127.75949999999999,0.010424077884221955
2015-06-11,128.59,35344520,129.18,130.18,128.48,-0.0022501551831159983,128.26799999999997,129.851,127.78533333333333,0.01045321538503873
2015-06-12,127.17,36826260,128.19,128.33,127.11,-0.0110428493662027,127.97200000000001,129.762,127.76366666666667,0.009369311121325942
2015-06-15,126.92,43896960,126.1,127.24,125.71,-0.0019658724541952166,127.796,129.6695,127.75399999999999,0.00937255595574245
2015-06-16,127.6,31443650,127.03,127.85,126.37,0.005357705641348742,127.832,129.54,127.78233333333333,0.00908097214754729
2015-06-17,127.3,32858900,127.72,127.88,126.74,-0.0023510971786833146,127.51599999999999,129.4015,127.78383333333333,0.009086236687452209
2015-06-18,127.88,35363990,127.23,128.31,127.22,0.004556166535742312,127.374,129.29250000000002,127.80366666666667,0.009170656519686472
2015-06-19,126.6,54361530,127.71,127.82,126.4,-0.010009383797309979,127.25999999999999,129.053,127.85733333333334,0.009004349072601298
2015-06-22,127.61,33976180,127.49,128.06,127.08,0.0079778830963666,127.398,128.8065,127.91350000000001,0.00895803756952267
2015-06-23,127.03,30192140,127.48,127.61,126.88,-0.004545098346524501,127.28399999999999,128.677,127.9765,0.007641880099733876
2015-06-24,128.11,55077520,127.21,129.8,127.12,0.008501928678265047,127.446,128.48,128.0055,0.006509293330829505
2015-06-25,127.5,31872390,128.86,129.2,127.5,-0.0047615330575287995,127.37,128.26600000000002,128.05666666666667,0.006549629880867094
2015-06-26,126.75,43986290,127.67,127.99,126.51,-0.00588235294117645,127.4,128.0895,128.09833333333333,0.006226016789489732
2015-06-29,124.53,49043410,125.46,126.47,124.48,-0.01751479289940827,126.78400000000002,127.78899999999999,128.08516666666665,0.007135586397037943
2015-06-30,125.43,44326050,125.57,126.12,124.86,0.00722717417489771,126.46400000000001,127.5625,128.05316666666667,0.00742496438302482
2015-07-01,126.6,30206890,126.9,126.94,125.99,0.009327911982779158,126.162,127.3865,128.063,0.007806759180489376
2015-07-02,126.44,27171180,126.43,126.69,125.77,-0.0012638230647709081,125.95,127.2405,128.077,0.007734671445871547
2015-07-06,126.0,27972950,124.94,126.23,124.85,-0.0034799114204365766,125.8,127.10799999999999,128.06766666666667,0.007687756925413409
2015-07-07,125.69,46737090,125.89,126.15,123.77,-0.002460317460317496,126.032,127.00250000000001,128.04416666666665,0.0075841374872817014
2015-07-08,122.57,60609830,124.48,124.64,122.54,-0.024822977166043425,125.46,126.75999999999999,127.97283333333333,0.009293938751318107
2015-07-09,120.07,78291510,123.85,124.06,119.22,-0.02039650811781024,124.154,126.31949999999999,127.869,0.00960891470825874
2015-07-10,123.28,61292800,121.94,123.85,121.21,0.0267344049304572,123.522,126.054,127.81066666666668,0.011752401137772863
2015-07-13,125.66,41365600,125.03,125.76,124.32,0.019305645684620343,123.454,125.97850000000001,127.80216666666666,0.012466447484118659
2015-07-14,125.61,31695870,126.04,126.37,125.04,-0.0003978990927900883,123.43799999999999,125.91300000000001,127.8165,0.012461827075072426
2015-07-15,126.82,33559770,125.72,127.15,125.58,0.009632991003900804,124.28800000000001,125.874,127.8035,0.012602474312333066
2015-07-16,128.51,35987630,127.74,128.57,127.35,0.013325973821163739,125.97599999999997,125.9345,127.83016666666667,0.012946520578466788
2015-07-17,129.62,45970470,129.08,129.62,128.31,0.008637460119835128,127.244,126.02149999999999,127.84683333333334,0.013044736094325443
2015-07-20,132.07,55204920,130.97,132.97,130.7,0.018901404104304742,128.526,126.29499999999999,127.88683333333333,0.01338628456271084
2015-07-21,130.75,73006780,132.85,132.92,130.32,-0.009994699780419447,129.554,126.452,127.89466666666667,0.013580018683086134
2015-07-22,125.22,115288400,121.99,125.5,121.99,-0.042294455066921643,129.23399999999998,126.3615,127.77083333333333,0.016700559290219658
2015-07-23,125.16,50832950,126.2,127.09,125.06,-0.00047915668423581526,128.56400000000002,126.21399999999998,127.68083333333334,0.016563583835961453
2015-07-24,124.5,42090320,125.32,125.74,123.9,-0.005273250239693161,127.54,126.064,127.61183333333334,0.016570040788962865
2015-07-27,122.77,44371580,123.09,123.61,122.12,-0.013895582329317313,125.67999999999999,125.86499999999998,127.57216666666666,0.016788265917353558
2015-07-28,123.38,33570380,123.38,123.91,122.55,0.004968640547365011,124.20599999999999,125.8075,127.47933333333332,0.016404946834678236
2015-07-29,122.99,36912040,123.15,123.5,122.27,-0.0031609661209272,123.75999999999999,125.6855,127.38416666666666,0.01631713727640581
2015-07-30,122.37,33400950,122.32,122.57,121.71,-0.005041060248800688,123.202,125.474,127.327,0.01616080351376938
2015-07-31,121.3,42832890,122.6,122.64,120.91,-0.008743973196044807,122.56199999999998,125.21699999999998,127.26516666666666,0.01623964267695869
2015-08-03,118.44,69639900,121.5,122.57,117.52,-0.023577906018136807,121.696,124.83899999999998,127.1515,0.016945974964860118
2015-08-04,114.64,123601900,117.42,117.7,113.25,-0.03208375548801079,119.94800000000001,124.28649999999998,126.93516666666667,0.018152451361613708
2015-08-05,115.4,99202400,112.95,117.44,112.1,0.0066294487090021725,118.42999999999999,123.928,126.75316666666666,0.017648421049445088
2015-08-06,115.13,52828890,115.97,116.5,114.12,-0.0023396880415945676,116.982,123.681,126.57416666666667,0.01715918285978927
2015-08-07,115.52,38610120,114.58,116.25,114.5,0.0033874750282290034,115.826,123.293,126.39933333333333,0.015848644828193252
2015-08-10,119.72,54851010,116.53,119.99,116.53,0.036357340720221565,116.082,122.99600000000001,126.24549999999999,0.01749222884429668
2015-08-11,113.49,96820670,117.81,118.18,113.33,-0.05203808887403949,115.852,122.38999999999999,125.99083333333333,0.020715352370963627
2015-08-12,115.24,101593400,112.53,115.42,109.63,0.015419860780685468,115.82000000000001,121.81099999999999,125.74166666666665,0.02096723490561894
2015-08-13,115.15,48407640,116.04,116.4,114.54,-0.0007809788267961748,115.824,121.14299999999999,125.493,0.020567171725103958
2015-08-14,115.96,42876370,114.32,116.31,114.01,0.007034303082935178,115.91199999999999,120.46,125.25800000000001,0.020513169216539937
2015-08-17,117.16,40827260,116.04,117.65,115.5,0.010348395998620141,115.4,119.7145,125.02083333333333,0.0200652345345677
2015-08-18,116.5,34525630,116.43,117.44,116.01,-0.0056333219528849066,116.002,119.002,124.7535,0.02004067911064748
2015-08-19,115.01,48079330,116.1,116.52,114.68,-0.012789699570815438,115.95599999999999,118.4915,124.51,0.018195227424083932
2015-08-20,112.65,68176940,114.08,114.35,111.63,-0.02051995478654034,115.45599999999999,117.86600000000001,124.18666666666667,0.018534888553325284
2015-08-21,105.76,127246600,110.43,111.9,105.65,-0.06116289391921881,113.41599999999998,116.929,123.753,0.022379065423831602
2015-08-24,103.12,161882500,94.87,108.8,92.0,-0.024962178517397904,110.60799999999999,115.94650000000001,123.30033333333333,0.022670516600870293
2015-08-25,103.74,102731700,111.11,111.11,103.5,0.006012412723040983,108.056,114.9645,122.85366666666665,0.022704171503363384
2015-08-26,109.69,96531890,107.09,109.89,105.05,0.05735492577597845,106.992,114.29950000000001,122.51583333333333,0.02705269309230323
2015-08-27,112.92,83825220,112.23,113.24,110.02,0.029446622299206915,107.046,113.827,122.22916666666667,0.028150723452143797
2015-08-28,113.29,53075960,112.17,113.31,111.54,0.0032766560396741973,108.55199999999999,113.4265,121.96133333333334,0.028164157753166115
2015-08-31,112.76,56111590,112.03,114.53,112.0,-0.004678259334451429,110.47999999999999,113.1425,121.6965,0.02775253054182628
2015-09-01,107.72,76562170,110.15,111.88,107.36,-0.04469670095778655,111.276,112.79650000000001,121.36183333333334,0.028600429258732005
2015-09-02,112.34,61681250,110.23,112.34,109.13,0.04288897140735237,111.806,112.64350000000002,121.1105,0.030321519902576814
2015-09-03,110.37,53142590,112.49,112.78,110.04,-0.01753605127292146,111.296,112.4055,120.80199999999999,0.030548944483588955
2015-09-04,109.27,49904460,108.97,110.45,108.51,-0.009966476397571866,110.492,112.093,120.48,0.030578657232701433
2015-09-08,112.31,54507300,111.65,112.56,110.32,0.027820993868399535,110.402,111.7225,120.23233333333333,0.030065488594228775
2015-09-09,110.15,84757780,113.76,114.02,109.77,-0.019232481524352196,110.888,111.55550000000001,119.95283333333333,0.028063662841712994
2015-09-10,112.57,62800770,110.27,113.28,109.9,0.02197004085338161,110.934,111.422,119.70233333333334,0.028304010412396826
2015-09-11,114.21,49793750,111.79,114.21,111.76,0.014568712800923977,111.702,111.375,119.48416666666667,0.028511623797572116
2015-09-14,115.31,58279570,116.58,116.89,114.86,0.009631380789773214,112.91,111.3425,119.27466666666666,0.028551342855103592
2015-09-15,116.28,43218350,115.93,116.53,114.42,0.008412106495533811,113.704,111.29849999999999,119.10266666666666,0.028518051301538026
2015-09-16,116.41,37080720,116.25,116.54,115.44,0.0011179910560714656,114.95599999999999,111.29400000000001,118.916,0.028487674210890795
2015-09-17,113.92,63712340,115.66,116.49,113.72,-0.021389914955759814,115.226,111.23949999999999,118.6975,0.028760023725922956
2015-09-18,113.45,73991000,112.21,114.3,111.87,-0.004125702247190999,115.074,111.27950000000001,118.45316666666666,0.028377947334456286
2015-09-21,115.21,46594220,113.67,115.37,113.66,0.01551344204495364,115.054,111.752,118.24833333333332,0.024487972865526744
2015-09-22,113.4,50278030,113.38,114.18,112.52,-0.015710441801926822,114.478,112.26599999999999,118.02583333333332,0.023982886439634196
2015-09-23,114.32,35678360,113.63,114.72,113.3,0.008112874779541368,114.06000000000002,112.795,117.85566666666666,0.023991994225303747
2015-09-24,115.0,50061580,113.25,115.5,112.37,0.005948215535339418,114.276,113.0605,117.68183333333333,0.020620266790556226
2015-09-25,114.71,56005550,116.44,116.69,114.02,-0.0025217391304348524,114.52799999999999,113.15,117.48366666666668,0.019642994258402588
2015-09-28,112.44,51861990,113.85,114.57,112.44,-0.01978903321419223,113.974,113.1075,117.25033333333333,0.020170485325972584
2015-09-29,109.06,73230280,112.83,113.51,107.86,-0.030060476698683725,113.106,112.92250000000001,116.968,0.021238444833196677
2015-09-30,110.3,66300930,110.17,111.54,108.73,0.011369888134971529,112.30199999999999,113.05149999999999,116.71149999999999,0.018789004088423687
2015-10-01,109.58,63849470,109.07,109.62,107.31,-0.006527651858567518,111.218,112.9135,116.49500000000002,0.016095256150068928
2015-10-02,110.38,57774940,108.01,111.01,107.55,0.007300602299689762,110.352,112.91399999999999,116.33349999999999,0.015715649048745062
2015-10-05,110.78,52033100,109.88,111.37,109.07,0.0036238448994383443,110.02000000000001,112.98949999999999,116.12516666666667,0.015549409242117182
2015-10-06,111.31,48702200,110.63,111.74,109.77,0.004784257086116739,110.46999999999998,112.9395,115.886,0.014240748207089296
2015-10-07,110.78,46717770,111.74,111.77,109.41,-0.0047614769562482895,110.566,112.971,115.63883333333334,0.013583325135739005
2015-10-08,109.5,61747260,110.19,110.19,108.21,-0.011554432207979803,110.55,112.81750000000002,115.35016666666667,0.012825320068879369
2015-10-09,112.12,52720620,110.0,112.28,109.49,0.02392694063926948,110.898,112.71300000000001,115.077,0.013583165642785978
2015-10-12,111.6,30386830,112.73,112.75,111.44,-0.004637887977167465,111.06199999999998,112.5275,114.77666666666666,0.01337767696774614
2015-10-13,111.79,32970790,110.82,112.45,110.68,0.0017025089605735566,111.15799999999999,112.303,114.43866666666666,0.013197663202010514
2015-10-14,110.21,44434220,111.29,111.52,109.56,-0.01413364343859036,111.04400000000001,111.99300000000001,114.09633333333333,0.01345323659022982
2015-10-15,111.86,37622200,110.93,112.1,110.49,0.014971418201615183,111.516,111.89000000000001,113.87366666666667,0.013242215981888157
2015-10-16,111.04,38794930,111.78,112.0,110.53,-0.007330591811192555,111.3,111.7695,113.63833333333334,0.013303466051150143
2015-10-19,111.73,29723750,110.8,111.75,110.11,0.006213976945244948,111.326,111.59550000000002,113.4255,0.012851165020475
2015-10-20,113.77,48929200,111.34,114.17,110.82,0.01825830126197081,111.72200000000001,111.614,113.27550000000001,0.013109873784873652
2015-10-21,113.76,42276880,114.0,115.58,113.7,-8.789663355890376e-05,112.43199999999999,111.58599999999998,113.11516666666667,0.01297842012613242
2015-10-22,115.5,41430660,114.33,115.5,114.1,0.015295358649789037,113.16,111.61099999999999,112.99033333333334,0.013372469321329152
2015-10-23,119.08,59251740,116.7,119.23,116.33,0.03099567099567091,114.768,111.82950000000001,112.93549999999999,0.015001026767975805
2015-10-26,115.28,66139770,118.08,118.13,114.92,-0.03191132012092712,115.478,111.97149999999999,112.83516666666668,0.01612927981209918
2015-10-27,114.55,67673450,115.4,116.54,113.99,-0.006332408049965377,115.63400000000001,112.24600000000001,112.77033333333334,0.0144843511198966
2015-10-28,119.27,85436210,116.93,119.3,116.06,0.0412047140986469,116.73599999999999,112.69450000000002,112.8475,0.016792117714066246
2015-10-29,120.53,51106100,118.7,120.69,118.27,0.0105642659512033,117.742,113.24199999999999,112.93299999999999,0.016659864947590638
2015-10-30,119.5,49305220,120.99,121.22,119.45,-0.008545590309466555,117.826,113.69800000000001,113.00583333333333,0.016914775422141707
2015-11-02,121.18,32152870,119.87,121.36,119.61,0.014058577405857697,119.006,114.218,113.10016666666667,0.017059228984159992
2015-11-03,122.57,45479260,120.79,123.49,120.7,0.011470539693018589,120.60999999999999,114.78099999999999,113.14766666666667,0.017127706792749126
2015-11-04,122.0,44829060,123.13,123.82,121.62,-0.004650403850860685,121.15599999999999,115.34199999999998,113.2895,0.017124403540118276
2015-11-05,120.92,39483400,121.85,122.69,120.18,-0.008852459016393421,121.234,115.91299999999998,113.38416666666667,0.01699733123637151
2015-11-06,121.06,33009110,121.11,121.81,120.62,0.001157790274561643,121.546,116.35999999999999,113.48266666666667,0.016423429565249656
2015-11-09,120.57,33829290,120.96,121.81,120.05,-0.004047579712539329,121.424,116.80850000000001,113.5595,0.016407667521053864
2015-11-10,116.77,59029400,116.9,118.07,116.06,-0.03151696110143487,120.26399999999998,117.0575,113.55300000000001,0.01823245082943586
2015-11-11,116.11,45179400,116.37,117.42,115.21,-0.005652136678941488,119.08599999999998,117.3525,113.5465,0.017925188092920548
2015-11-12,115.72,32461350,116.26,116.82,115.65,-0.0033588838170700575,118.046,117.54549999999999,113.55833333333334,0.017735739965085554
2015-11-13,112.34,45555300,115.2,115.57,112.27,-0.029208434151399842,116.30199999999999,117.6105,113.55316666666667,0.01896372905923499
2015-11-16,114.18,37979570,111.38,114.24,111.0,0.01637884991988603,115.024,117.73299999999999,113.6935,0.019251822907258683
2015-11-17,113.69,27584020,114.92,115.05,113.32,-0.004291469609388754,114.40799999999999,117.729,113.86966666666667,0.018860314877575012
2015-11-18,117.29,46559730,115.76,117.49,115.5,0.031665054094467404,114.644,117.9055,114.0955,0.0201341484605859
2015-11-19,118.78,43233950,117.64,119.75,116.76,0.01270355529030609,115.256,118.06950000000002,114.247,0.020050348479652865
2015-11-20,119.3,34135230,119.2,119.92,118.85,0.004377841387438908,116.648,118.0805,114.35333333333332,0.018842909657430684
2015-11-23,117.75,32445680,119.27,119.73,117.34,-0.012992455993294239,117.362,118.204,114.42766666666667,0.017575044514412858
2015-11-24,118.88,42747950,117.33,119.35,117.12,0.00959660297239906,118.4,118.42049999999999,114.52966666666667,0.01757634444276209
2015-11-25,118.03,21341960,119.21,119.23,117.92,-0.007150067294750984,118.548,118.3585,114.7015,0.015043326296199058
2015-11-27,117.81,13046450,118.29,118.41,117.6,-0.0018639328984156878,118.354,118.22250000000001,114.79266666666668,0.014820988000809459
2015-11-30,118.3,38063130,117.99,119.41,117.75,0.004159239453357166,118.154,118.1625,114.92483333333332,0.014754303455615242
2015-12-01,117.34,34806250,118.75,118.81,116.86,-0.008114961961115719,118.072,117.97049999999999,115.05933333333333,0.014440348660714754
2015-12-02,116.28,33316990,117.05,118.11,116.08,-0.009033577637634238,117.55199999999999,117.65599999999999,115.12550000000002,0.014196104973851697
2015-12-03,115.2,41511380,116.55,116.79,114.22,-0.009287925696594423,116.98600000000002,117.316,115.20966666666666,0.01427016186831084
2015-12-04,119.03,57717870,115.29,119.25,115.11,0.03324652777777781,117.22999999999999,117.22149999999999,115.31733333333334,0.01628755411736634
2015-12-07,118.28,32063100,118.98,119.86,117.81,-0.006300932538015669,117.226,117.08250000000001,115.38516666666666,0.016329040221227668
2015-12-08,118.23,34275420,117.52,118.6,116.86,-0.000422725735542806,117.404,116.96549999999999,115.43383333333334,0.016313947494008992
2015-12-09,115.62,46301930,117.64,117.69,115.08,-0.022075615326059395,117.272,116.90799999999999,115.42283333333333,0.015496048951281167
2015-12-10,116.17,29158640,116.04,116.94,115.51,0.004756962463241532,117.46600000000001,116.91099999999999,115.41883333333334,0.015484500075857617
2015-12-11,113.18,46810020,115.19,115.39,112.85,-0.02573814237755012,116.296,116.78399999999999,115.4065,0.016524277235766435
2015-12-14,112.48,64678220,112.18,112.68,109.79,-0.006184838310655638,115.13600000000001,116.79099999999998,115.39033333333333,0.015203383386895343
2015-12-15,110.49,53168580,111.94,112.8,110.35,-0.01769203413940268,113.58800000000001,116.60650000000001,115.31166666666667,0.015200578261393073
2015-12-16,111.34,56157370,111.07,111.99,108.8,0.00769300389175509,112.732,116.489,115.27733333333335,0.015321814728569326
2015-12-17,108.98,44654830,112.02,112.25,108.98,-0.02119633554876954,111.29400000000001,116.07350000000001,115.18833333333333,0.013895595240164845
2015-12-18,106.03,96197190,108.91,109.52,105.81,-0.027069187006790285,109.86399999999999,115.43599999999999,115.03883333333333,0.014283735478420274
2015-12-21,107.33,47507230,107.28,107.37,105.57,0.012260680939356838,108.83399999999999,114.8375,114.91583333333332,0.014675900159076709
2015-12-22,107.23,32728460,107.4,107.72,106.45,-0.0009317059536010364,108.18200000000002,114.3115,114.829,0.014585085776706416
2015-12-23,108.61,32618140,107.27,108.85,107.2,0.012869532780005466,107.636,113.798,114.8215,0.014769567167648007
2015-12-24,108.03,13596680,109.0,109.0,107.95,-0.005340208083970177,107.446,113.298,114.78366666666668,0.014757394711870875
2015-12-28,106.82,26639930,107.59,107.69,106.18,-0.011200592428029288,107.604,112.74849999999999,114.73766666666666,0.01482336322365814
2015-12-29,108.74,30912260,106.96,109.43,106.86,0.017974162141920935,107.88600000000001,112.27050000000001,114.71033333333335,0.015565165313368547
2015-12-30,107.32,25184090,108.58,108.7,107.18,-0.013058672061798782,107.904,111.7695,114.65266666666666,0.015671351292438344
2015-12-31,105.26,40885480,107.01,107.03,104.82,-0.01919493104733494,107.234,111.21849999999999,114.55183333333335,0.01599305754966687
2016-01-04,105.35,67569090,102.61,105.37,102.0,0.0008550256507693366,106.69800000000001,110.726,114.46133333333333,0.016005557443356553
2016-01-05,102.71,55583140,105.75,105.85,102.41,-0.025059326056003806,105.876,109.91000000000001,114.34816666666666,0.013981633946856184
2016-01-06,100.7,68384270,100.56,102.37,99.87,-0.019569662155583645,104.268,109.03099999999999,114.15783333333333,0.01424638811465268
2016-01-07,96.45,80742460,98.68,100.13,96.43,-0.04220456802383321,102.09400000000001,107.94200000000001,113.90533333333335,0.016040218002901566
2016-01-08,96.96,70722000,98.55,99.11,96.76,0.005287713841368502,100.434,107.00900000000001,113.65816666666667,0.016123259893529907
2016-01-11,98.53,49687870,98.97,99.06,97.34,0.016192244224422447,99.07,106.127,113.46350000000001,0.016811319974850348
2016-01-12,99.96,49046150,100.55,100.69,98.84,0.014513346188977927,98.52000000000001,105.46600000000001,113.26516666666666,0.01699265058044884
2016-01-13,97.39,62285770,100.32,101.19,97.3,-0.0257102841136454,97.858,104.7115,113.03766666666665,0.017552312355473016
2016-01-14,99.52,63000140,97.96,100.48,95.74,0.02187082862716916,98.47200000000001,104.16299999999998,112.83416666666668,0.01849158501767763
2016-01-15,97.13,79356010,96.2,97.71,95.36,-0.024015273311897123,98.506,103.45250000000001,112.55683333333333,0.018699566948597486
2016-01-19,96.66,52960810,98.41,98.65,95.5,-0.004838875733552905,98.13199999999999,102.8365,112.27183333333333,0.018384292541827774
2016-01-20,96.79,72274300,95.1,98.19,93.42,0.001344920339333866,97.49799999999999,102.3745,111.96000000000001,0.017742331397614417
2016-01-21,96.3,52099200,97.06,97.88,94.94,-0.0050625064572787926,97.28,101.823,111.58033333333334,0.017303709623141462
2016-01-22,101.42,65648660,98.63,101.46,98.37,0.05316718587746627,97.66,101.5325,111.34933333333333,0.021689244064202928
2016-01-25,99.44,51529980,101.52,101.53,99.21,-0.0195227765726681,98.122,101.074,111.0975,0.0216859280774851
2016-01-26,99.99,71937310,99.93,100.88,98.07,0.005530973451327359,98.78800000000001,100.672,110.77616666666667,0.021791267782474366
2016-01-27,93.42,133059000,96.04,96.63,93.34,-0.06570657065706564,98.114,100.002,110.32433333333333,0.025822693479852932
2016-01-28,94.09,55622370,93.79,94.52,92.39,0.0071719117961892564,97.672,99.26950000000001,109.90083333333334,0.02539637108402964
2016-01-29,97.34,64332440,94.79,97.34,94.35,0.03454139653523214,96.856,98.7705,109.5035,0.026970504014537957
2016-02-01,96.43,40814360,96.47,96.71,95.4,-0.00934867474830492,96.25399999999999,98.329,109.06783333333334,0.02677771834480424
2016-02-02,94.48,37190500,95.42,96.04,94.28,-0.02022192263818312,95.152,97.7855,108.60916666666667,0.02698933399090301
2016-02-03,96.35,45870130,95.0,96.84,94.08,0.019792548687552758,95.73800000000001,97.4675,108.19966666666667,0.027105178722669456
2016-02-04,96.6,46418230,95.86,97.33,95.19,0.002594706798131785,96.24,97.2625,107.79199999999999,0.026836923248923845
2016-02-05,94.02,46315620,96.52,96.92,93.69,-0.026708074534161463,95.576,97.141,107.3495,0.025810984722364747
2016-02-08,95.01,53920550,93.13,95.7,93.04,0.010529674537332667,95.292,97.04350000000001,106.98683333333334,0.025904173946193296
2016-02-09,94.99,44282560,94.29,95.94,93.93,-0.0002105041574572697,95.39399999999999,96.8665,106.63483333333333,0.02559926579984179
2016-02-10,94.27,42288790,95.92,96.35,94.1,-0.00757974523634064,94.978,96.58200000000001,106.27733333333332,0.025346670472636196
2016-02-11,93.7,49979700,93.79,94.72,92.59,-0.006046462289169385,94.398,96.3975,105.96666666666667,0.02477884206285789
2016-02-12,93.99,40323020,94.19,94.5,93.01,0.003094983991462019,94.39200000000001,96.121,105.63016666666667,0.024190057819167048
2016-02-16,96.64,48032600,95.02,96.85,94.61,0.02819448877540176,94.718,96.0965,105.34599999999999,0.02456866435861395
2016-02-17,98.12,44811800,96.67,98.21,96.15,0.01531456953642385,95.34400000000001,96.1695,105.0265,0.024770669200589047
2016-02-18,96.26,38866100,98.84,98.89,96.09,-0.018956379942926982,95.742,96.143,104.65116666666667,0.025170400801741332
2016-02-19,96.04,35290570,96.0,96.76,95.8,-0.002285476833575717,96.21000000000001,96.13000000000001,104.2635,0.025148488840414318
2016-02-22,96.88,34240470,96.31,96.9,95.92,0.008746355685131046,96.78800000000001,95.90299999999999,103.91566666666667,0.021983767286571677
2016-02-23,94.69,31851180,96.4,96.5,94.55,-0.02260528488852187,96.398,95.6655,103.5125,0.02212305069489937
2016-02-24,96.1,36192150,93.98,96.38,93.32,0.014890695955222188,95.994,95.47099999999999,103.14699999999999,0.022392725779689225
2016-02-25,96.76,27526040,96.05,96.76,95.25,0.006867845993756561,96.09400000000001,95.638,102.79616666666666,0.01661681696056466
2016-02-26,96.91,28949760,97.2,98.02,96.58,0.0015502273666803124,96.268,95.779,102.43966666666667,0.01657022865136536
2016-02-29,96.69,35131460,96.86,98.23,96.65,-0.002270147559591318,96.22999999999999,95.7465,102.0955,0.014653067730617812
2016-03-01,100.53,50303500,97.65,100.77,97.42,0.0397145516599442,97.398,95.9515,101.83300000000001,0.016970361207852565
2016-03-02,100.75,33136130,100.51,100.89,99.64,0.0021884014721973433,98.328,96.265,101.59216666666666,0.016129582337902754
2016-03-03,101.5,36884490,100.58,101.71,100.45,0.007444168734491274,99.276,96.52250000000001,101.3,0.015697233717436528
2016-03-04,103.01,46026600,102.37,103.75,101.37,0.014876847290640427,100.49600000000001,96.84299999999999,101.0455,0.015930451179229515
2016-03-07,101.87,35890740,102.39,102.83,100.96,-0.011066886710028201,101.53200000000001,97.23549999999999,100.77283333333334,0.014715410003374292
2016-03-08,101.03,31538710,100.78,101.76,100.4,-0.008245803475017244,101.63199999999999,97.5365,100.52966666666666,0.014882894834995632
2016-03-09,101.12,27148530,101.31,101.58,100.27,0.0008908245075720522,101.70599999999999,97.84299999999999,100.27883333333332,0.014871719829928057
2016-03-10,101.17,33490630,101.41,102.24,100.15,0.0004944620253164445,101.64,98.188,100.07866666666668,0.01467089995605858
2016-03-11,102.26,27368840,102.24,102.28,101.5,0.010773944845309913,101.49,98.61600000000001,99.90833333333333,0.014568176574207448
2016-03-14,102.52,25058280,101.91,102.91,101.78,0.002542538627029023,101.62,99.0425,99.7755,0.014571465477496055
2016-03-15,104.58,40026250,103.96,105.18,103.85,0.020093640265314017,102.33000000000001,99.4395,99.66283333333334,0.013977264663996652
2016-03-16,105.97,38236730,104.61,106.31,104.59,0.013291260279212125,103.3,99.83200000000001,99.61266666666666,0.013898527035765147
2016-03-17,105.8,34394830,105.52,106.47,104.96,-0.0016042276115881826,104.226,100.309,99.60883333333332,0.01289923659631786
2016-03-18,105.92,43607120,106.34,106.5,105.19,0.0011342155009452792,104.958,100.803,99.58533333333334,0.012822608741940163
2016-03-21,105.91,35454230,105.93,107.65,105.14,-9.44108761329332e-05,105.63600000000001,101.25450000000001,99.56333333333333,0.012838507066204695
2016-03-22,106.72,32345430,105.25,107.29,105.21,0.007648003021433425,106.064,101.856,99.53183333333332,0.011141543514790547
2016-03-23,106.13,25686350,106.48,107.07,105.9,-0.005528485757121504,106.096,102.3575,99.50016666666667,0.011224614548443047
2016-03-24,105.67,25568350,105.47,106.25,104.89,-0.0043343069820031,106.07000000000001,102.803,99.48100000000001,0.011406366474690658
2016-03-28,105.19,19354440,106.0,106.19,105.06,-0.004542443456042489,105.924,103.21700000000001,99.42183333333332,0.011568791879769339
2016-03-29,107.68,31154910,104.89,107.79,104.88,0.023671451658902942,106.27799999999999,103.7665,99.42783333333334,0.012243298510898814
2016-03-30,109.56,45547590,108.65,110.42,108.6,0.017459138187221335,106.846,104.218,99.49949999999998,0.009717692652104143
2016-03-31,108.99,25763840,109.72,109.9,108.88,-0.005202628696604705,107.418,104.63,99.56016666666667,0.009942345752364986
2016-04-01,109.99,25820460,108.78,110.0,108.2,0.009175153683824266,108.28200000000001,105.0545,99.6815,0.009981499592926914
2016-04-04,111.12,37322930,110.42,112.19,110.27,0.010273661241931187,109.46799999999999,105.46,99.85516666666668,0.009770064937287328
2016-04-05,109.81,26560420,109.51,110.73,109.42,-0.011789056875449955,109.894,105.85700000000001,100.07783333333333,0.009829219011583514
2016-04-06,110.96,26178840,110.23,110.98,109.2,0.010472634550587223,110.174,106.35349999999998,100.31116666666665,0.009507229656495376
2016-04-07,108.54,31735810,109.95,110.42,108.12,-0.021809661139149172,110.08400000000002,106.72449999999999,100.47800000000001,0.011196148863729096
2016-04-08,108.66,23553790,108.91,109.77,108.17,0.001105583195135429,109.81800000000001,107.099,100.623,0.011188040329776319
2016-04-11,109.02,29357940,108.97,110.61,108.83,0.00331308669243513,109.398,107.43699999999998,100.81683333333334,0.011061206316315238
2016-04-12,110.44,27150570,109.34,110.5,108.66,0.013025133003118805,109.524,107.833,100.99883333333334,0.011271588592992836
2016-04-13,112.04,32771760,110.8,112.34,110.8,0.014487504527345152,109.74000000000001,108.20599999999999,101.24733333333333,0.010908611437774763
2016-04-14,112.1,25364920,111.62,112.39,111.33,0.000535523027490159,110.452,108.5125,101.50466666666667,0.010676919408355847
2016-04-15,109.85,46873670,112.11,112.3,109.73,-0.020071364852810025,110.69000000000001,108.715,101.72233333333334,0.011821398240910348
2016-04-18,107.48,60784920,108.89,108.95,106.94,-0.02157487482931264,110.38199999999999,108.793,101.90866666666666,0.012941103253156276
2016-04-19,106.91,32340620,107.88,108.0,106.23,-0.005303312244138492,109.676,108.843,102.00016666666666,0.013012502367838715
2016-04-20,107.13,30576980,106.64,108.09,106.06,0.002057805630904408,108.694,108.8635,102.12833333333333,0.012911672519778402
2016-04-21,105.97,31416910,106.93,106.93,105.52,-0.010827966022589397,107.468,108.8555,102.22800000000001,0.013090099777560649
2016-04-22,105.68,33655810,105.01,106.48,104.62,-0.002736623572709207,106.63399999999999,108.85600000000002,102.43233333333335,0.013067072824652394
2016-04-25,105.08,27997990,105.0,105.65,104.51,-0.005677517032551149,106.154,108.85050000000001,102.61550000000001,0.01309067673344174
2016-04-26,104.35,52979780,103.91,105.3,103.91,-0.006947087933003471,105.64200000000001,108.684,102.73233333333333,0.011918113814321724
2016-04-27,97.82,114436300,96.0,98.71,95.68,-0.06257786296118828,103.78,108.09699999999998,102.7555,0.017395202850068833
2016-04-28,94.83,82107120,97.61,97.88,94.25,-0.030566346350439533,101.55199999999999,107.38900000000001,102.76133333333334,0.018274448155157243
2016-04-29,93.74,68388840,93.99,94.72,92.51,-0.011494252873563204,99.164,106.57650000000001,102.71783333333333,0.01790587894365732
2016-05-02,93.64,47844490,93.97,94.08,92.4,-0.0010667804565819283,96.876,105.70249999999999,102.66850000000001,0.01747768378492089
2016-05-03,95.18,56770080,94.2,95.74,93.68,0.016445963263562735,95.042,104.971,102.68783333333333,0.018307790596516715
2016-05-04,94.19,40984160,95.2,95.9,93.82,-0.010401344820340497,94.316,104.13250000000001,102.67416666666666,0.017850942695034427
2016-05-05,93.24,35850220,94.0,94.07,92.68,-0.010085996390274965,93.998,103.36749999999999,102.645,0.01756392582011808
2016-05-06,92.72,43665160,93.37,93.45,91.85,-0.005577005577005578,93.79400000000001,102.5705,102.61916666666667,0.017456476351994186
2016-05-09,92.79,32895650,93.0,93.77,92.59,0.0007549611734254391,93.624,101.75899999999999,102.604,0.01738033819741535
2016-05-10,93.42,33653020,93.33,93.57,92.11,0.006789524733268548,93.272,100.908,102.5945,0.017038149593045084
2016-05-11,92.51,28641180,93.48,93.57,92.46,-0.00974095482766002,92.936,99.9315,102.52566666666668,0.01618050785038332
2016-05-12,90.34,76183460,92.72,92.78,89.47,-0.023456923575829625,92.35600000000001,98.84349999999999,102.39599999999999,0.016293865939774523
2016-05-13,90.52,44223040,90.0,91.67,90.0,0.0019924728802300784,91.91600000000001,97.877,102.30033333333334,0.016365821466565136
2016-05-16,93.88,61192340,92.39,94.39,91.65,0.03711886875828552,92.134,97.197,102.26433333333334,0.01911763608093299
2016-05-17,93.49,46858910,94.55,94.7,93.01,-0.004154239454622899,92.148,96.526,102.20783333333334,0.019123353197203163
2016-05-18,94.56,42009830,94.16,95.21,93.89,0.011445074339501593,92.558,95.89750000000001,102.20566666666667,0.01945693728561533
2016-05-19,94.2,30417880,94.64,94.64,93.57,-0.0038071065989847552,93.33,95.309,102.174,0.019429287556104582
2016-05-20,95.22,31834020,94.64,95.43,94.52,0.010828025477706893,94.27000000000001,94.786,102.14833333333333,0.019771447720008817
2016-05-23,96.43,37977020,95.87,97.19,95.67,0.012707414408737794,94.78,94.35350000000001,102.14033333333333,0.020162255235416843
2016-05-24,97.9,35074380,97.22,98.09,96.84,0.015244218604168802,95.662,94.03099999999999,102.1605,0.020602537313205067
2016-05-25,99.62,38258300,98.67,99.74,98.11,0.01756894790602659,96.674,94.12100000000001,102.14533333333334,0.01558343099948256
2016-05-26,100.41,56293490,99.68,100.73,98.64,0.007930134511142217,97.91600000000001,94.4,102.13966666666667,0.013744703267510183
2016-05-27,100.35,36299460,99.44,100.47,99.25,-0.0005975500448163196,98.942,94.7305,102.12049999999999,0.013352286569109317
2016-05-31,99.86,42268040,99.6,100.4,98.82,-0.004882909815645209,99.628,95.0415,102.068,0.01344785906279257
2016-06-01,98.46,29139100,99.02,99.54,98.33,-0.014019627478469965,99.74,95.2055,102.01116666666667,0.013605666919677026
2016-06-02,97.72,40170200,97.6,97.84,96.63,-0.007515742433475525,99.35999999999999,95.382,101.95599999999999,0.013484420737980594
2016-06-03,97.92,28487570,97.79,98.27,97.45,0.002046663937781412,98.862,95.61600000000001,101.90266666666666,0.013185124572849243
2016-06-06,98.63,23265200,97.99,101.89,97.55,0.007250816993463971,98.518,95.9115,101.86033333333333,0.013081409809461158
2016-06-07,99.03,22378380,99.25,99.87,98.96,0.004055561188279544,98.352,96.2235,101.8065,0.013070085950795122
2016-06-08,98.94,20839950,99.02,99.56,98.68,-0.0009088155104514106,98.44800000000001,96.4995,101.74683333333334,0.013076511352264633
2016-06-09,99.65,26575570,98.5,99.99,98.46,0.007176066302809758,98.83399999999999,96.85650000000001,101.66466666666665,0.012755228776126391
2016-06-10,98.83,31672220,98.53,99.35,98.48,-0.008228800802809855,99.016,97.281,101.54566666666666,0.011427911879589926
2016-06-13,97.34,37708360,98.69,99.12,97.1,-0.015076393807548216,98.75800000000001,97.62199999999999,101.40466666666666,0.01223854809386755
2016-06-14,97.46,31890740,97.32,98.48,96.75,0.0012327922745016817,98.44399999999999,97.801,101.26366666666667,0.009379100663538196
2016-06-15,97.14,29373050,97.82,98.41,97.03,-0.0032833983172583237,98.08399999999999,97.9835,101.1175,0.009351423453487271
2016-06-16,97.55,31251870,96.45,97.75,96.07,0.0042207123738933205,97.664,98.13300000000001,100.96466666666667,0.009101887858823961
2016-06-17,95.33,60793260,96.62,96.65,95.3,-0.02275756022552533,96.96400000000001,98.1895,100.78466666666667,0.01056316602442467
2016-06-20,95.1,34355970,96.0,96.57,95.03,-0.0024126717717403157,96.51599999999999,98.18350000000001,100.60849999999999,0.010303393667252997
2016-06-21,95.91,35407050,94.94,96.35,94.68,0.008517350157728698,96.20599999999999,98.1575,100.45383333333334,0.010071122683551034
2016-06-22,95.55,29124140,96.25,96.89,95.35,-0.003753518923991228,95.888,98.03999999999999,100.25166666666665,0.009409805482639732
2016-06-23,96.1,32042290,95.94,96.29,95.25,0.005756148613291545,95.598,97.864,100.02733333333335,0.008498129137623352
2016-06-24,93.4,75219710,92.91,94.66,92.65,-0.02809573361082196,95.21199999999999,97.5135,99.76749999999998,0.010017726320372951
2016-06-27,92.04,45595680,93.0,93.05,91.5,-0.0145610278372591,94.6,97.098,99.46833333333332,0.010283181375028542
2016-06-28,93.59,40387960,92.9,93.66,92.14,0.01684050412863969,94.13600000000001,96.78450000000001,99.17616666666666,0.011310143498427249
2016-06-29,94.4,36505420,93.97,94.55,93.63,0.008654770808847134,93.906,96.5815,98.91933333333334,0.01130239028630136
2016-06-30,95.6,35783320,94.44,95.77,94.3,0.012711864406779627,93.806,96.4755,98.66333333333334,0.011685343850113297
2016-07-01,95.89,25982080,95.49,96.47,95.33,0.0030334728033474256,94.304,96.374,98.45250000000001,0.011701094562552498
2016-07-05,94.99,27553750,95.39,95.4,94.46,-0.009385754510376487,94.894,96.192,98.22466666666666,0.0116763862007386
2016-07-06,95.53,30877540,94.6,95.66,94.37,0.005684808927255647,95.282,96.01700000000001,97.99983333333333,0.01172506767452445
2016-07-07,95.94,24460850,95.7,96.5,95.62,0.0042918454935620964,95.59,95.86699999999999,97.75816666666667,0.011801697605778184
2016-07-08,96.68,28877500,96.49,96.89,96.05,0.007713154054617588,95.80600000000001,95.71849999999999,97.50216666666665,0.011823002887141516
2016-07-11,96.98,23317990,96.75,97.65,96.73,0.0031030202730657486,96.024,95.626,97.25016666666667,0.011752100974539409
2016-07-12,97.42,24129530,97.17,97.7,97.12,0.00453701794184358,96.50999999999999,95.63000000000001,97.04299999999999,0.011315174761759536
2016-07-13,96.87,25879680,97.41,97.67,96.84,-0.005645657975774987,96.77799999999999,95.6005,96.86616666666667,0.011383337333713942
2016-07-14,98.79,38885980,97.39,98.99,97.32,0.01982037782595225,97.348,95.68299999999999,96.73083333333334,0.012201305129180086
2016-07-15,98.78,30031410,98.92,99.3,98.5,-0.00010122482032604019,97.768,95.74449999999999,96.59166666666667,0.01217790167668254
2016-07-18,99.83,36464530,98.7,100.13,98.6,0.010629682121886974,98.338,95.96950000000001,96.48933333333333,0.01102746220437717
2016-07-19,99.87,23766360,99.56,100.0,99.34,0.000400681157968652,98.828,96.208,96.3925,0.01098113064053895
2016-07-20,99.96,26219110,100.0,100.46,99.74,0.00090117152297986,99.446,96.4105,96.30716666666667,0.01089346113047932
2016-07-21,99.43,32690080,99.83,101.0,99.13,-0.0053021208483392535,99.574,96.6045,96.22516666666667,0.010942849520598673
2016-07-22,98.66,28218240,99.26,99.3,98.31,-0.00774414160716097,99.55,96.73249999999999,96.23916666666666,0.01111715693426684
2016-07-25,97.34,40290580,98.25,98.84,96.92,-0.013379282383944813,99.05199999999999,96.9295,96.28099999999999,0.009421665842694856
2016-07-26,96.67,53454620,96.82,97.97,96.42,-0.006883090199301445,98.412,97.16100000000002,96.32983333333333,0.008845428484080816
2016-07-27,102.95,92143920,104.27,104.35,102.75,0.0649632771283748,99.01,97.62899999999999,96.48499999999999,0.016331086835210677
2016-07-28,104.34,38771840,102.83,104.45,102.82,0.013501699854298277,99.992,98.126,96.63766666666668,0.016425426327676792
2016-07-29,104.21,27697970,104.19,104.55,103.68,-0.0012459267778417438,101.102,98.5565,96.80466666666666,0.01638335935534354
2016-08-01,106.05,38018910,104.41,106.15,104.41,0.01765665483159018,102.84400000000001,99.06450000000001,97.01816666666667,0.01664133815299023
2016-08-02,104.48,33770220,106.05,106.07,104.0,-0.014804337576614701,104.40599999999999,99.53900000000002,97.21416666666666,0.016932447292050172
2016-08-03,105.79,30148360,104.81,105.84,104.77,0.012538284839203717,104.974,100.05199999999999,97.43083333333333,0.017018194168281226
2016-08-04,105.87,26781730,105.58,106.0,105.28,0.0007562151432081166,105.28,100.5485,97.63833333333334,0.017046983736646867
2016-08-05,107.48,39546610,106.27,107.65,106.18,0.01520732974402561,105.93400000000001,101.0885,97.88783333333332,0.017189888263122274
2016-08-08,108.37,28010430,107.52,108.37,107.16,0.008280610346110828,106.398,101.658,98.18833333333333,0.01719174123999978
2016-08-09,108.81,26296260,108.23,108.94,108.01,0.004060164252099208,107.26399999999998,102.22749999999999,98.49316666666667,0.017193775945581326
2016-08-10,108.0,23839880,108.71,108.9,107.76,-0.007444168734491385,107.70599999999999,102.78400000000002,98.7285,0.017260703929736124
2016-08-11,107.93,27460070,108.52,108.93,107.85,-0.0006481481481480644,108.11800000000001,103.24100000000001,98.96916666666667,0.01697706375554464
2016-08-12,108.18,18648700,107.78,108.44,107.78,0.002316316130825502,108.258,103.71100000000001,99.19616666666666,0.016950661229341697
2016-08-15,109.48,25704330,108.14,109.54,108.08,0.012017008689221731,108.47999999999999,104.1935,99.45083333333334,0.016979070449879136
2016-08-16,109.38,33754680,109.63,110.23,109.21,-0.0009134088417976916,108.59400000000001,104.66900000000001,99.68683333333334,0.016999347652588814
2016-08-17,109.22,25328680,109.1,109.37,108.34,-0.0014627902724446695,108.83800000000001,105.13199999999999,99.9,0.017035271220630623
2016-08-18,109.08,21918340,109.23,109.6,109.02,-0.001281816517121448,109.06800000000001,105.61449999999999,100.08633333333333,0.016936036771762124
2016-08-19,109.36,25108890,108.77,109.69,108.36,0.0025669233590026597,109.304,106.14950000000002,100.24866666666667,0.01669005081692731
2016-08-22,108.51,25784420,108.86,109.1,107.85,-0.007772494513533235,109.10999999999999,106.708,100.38366666666666,0.016404608040811924
2016-08-23,108.85,21236850,108.59,109.32,108.53,0.0031333517648142184,109.00399999999999,107.31700000000001,100.52533333333334,0.016155405094730155
2016-08-24,108.03,23606240,108.57,108.75,107.68,-0.007533302710151513,108.766,107.571,100.66149999999999,0.008623616903992508
2016-08-25,107.57,25001730,107.39,107.88,106.68,-0.004258076460242566,108.46399999999998,107.7325,100.81333333333333,0.008334862615044722
2016-08-26,106.94,27744300,107.41,107.95,106.31,-0.005856651482755382,107.97999999999999,107.869,100.96700000000001,0.008479029057094968
2016-08-29,106.82,24900130,106.62,107.44,106.29,-0.001122124555825721,107.64200000000001,107.9075,101.11533333333334,0.007566290783600206
2016-08-30,106.0,24817940,105.8,106.5,105.5,-0.007676465081445372,107.072,107.9835,101.23816666666667,0.006956258277761284
2016-08-31,106.1,31639010,105.66,106.57,105.64,0.0009433962264151496,106.686,107.999,101.356,0.006381076511997447
2016-09-01,106.73,26675250,106.14,106.8,105.62,0.0059377945334591065,106.51799999999999,108.04199999999999,101.48583333333333,0.006510201084472256
2016-09-02,107.73,26393770,107.7,108.0,106.82,0.009369436896842442,106.676,108.05449999999999,101.6205,0.005916299737053689
2016-09-06,107.7,26645130,107.9,108.3,107.51,-0.0002784739626845445,106.852,108.021,101.76833333333335,0.0055968435871398495
2016-09-07,108.36,42250480,107.83,108.76,107.07,0.006128133704735417,107.324,107.99849999999999,101.952,0.005699698055518172
2016-09-08,105.52,52955310,107.25,107.27,105.24,-0.026208933185677408,107.208,107.87449999999998,102.08633333333334,0.008026056165777994
2016-09-09,103.13,46461610,104.64,105.72,103.13,-0.02264973464746023,106.48799999999999,107.6345,102.18616666666667,0.009354415134953999
2016-09-12,105.44,45114590,102.65,105.72,102.53,0.022398913992048852,106.03,107.49749999999999,102.31766666666665,0.010829660252927977
2016-09-13,107.95,62080160,107.51,108.79,107.24,0.023805007587253568,106.08,107.421,102.528,0.011860093832754494
2016-09-14,111.77,111186900,108.73,113.03,108.6,0.035386753126447346,106.76199999999999,107.5405,102.80583333333334,0.014334890190166314
2016-09-15,115.57,90398170,113.86,115.73,113.49,0.0339983895499687,108.772,107.85799999999999,103.13349999999998,0.016078083344135782
2016-09-16,114.92,79763890,115.12,116.13,114.04,-0.0056242969628795825,111.13,108.15,103.45633333333333,0.01616733385627941
2016-09-19,113.58,46937190,115.19,116.18,113.25,-0.011660285415941551,112.758,108.36099999999999,103.74766666666666,0.01648496699304053
2016-09-20,113.57,34494150,113.05,114.12,112.51,-8.804366966019828e-05,113.88199999999999,108.614,104.08383333333335,0.016333498983439908
2016-09-21,113.55,35951900,113.85,113.99,112.44,-0.00017610284406088805,114.23800000000001,108.849,104.44233333333334,0.01634251701561008
2016-09-22,114.62,31048170,114.35,114.94,114.0,0.009423161602818197,114.048,109.17850000000001,104.79283333333335,0.016248277238719012
2016-09-23,112.71,52411070,114.42,114.79,111.55,-0.01666375850636892,113.606,109.4355,105.098,0.016771898924987455
2016-09-26,112.88,29800240,111.64,113.39,111.55,0.0015082956259426794,113.46600000000001,109.73249999999999,105.386,0.01665995060706631
2016-09-27,113.09,24587490,113.0,113.18,112.34,0.0018603827072998236,113.37,110.046,105.67266666666666,0.016635972717873558
2016-09-28,113.95,29608390,113.69,114.64,113.43,0.0076045627376426506,113.45,110.4435,105.98866666666666,0.01647055252390048
2016-09-29,112.18,35850010,113.16,113.8,111.8,-0.015533128565160093,112.96199999999999,110.74750000000002,106.26616666666668,0.01702121770599689
2016-09-30,113.05,36340670,112.46,113.37,111.8,0.007755393118202836,113.03,111.0635,106.55133333333333,0.01704297795646806
2016-10-03,112.52,21634520,112.71,113.05,112.28,-0.004688191065900016,112.958,111.303,106.81533333333331,0.017057112356448852
2016-10-04,113.0,29707270,113.06,114.31,112.63,0.004265908282971909,112.94000000000001,111.56799999999998,107.08233333333332,0.017051014494843187
2016-10-05,113.05,21400410,113.4,113.66,112.69,0.00044247787610607325,112.75999999999999,111.80250000000001,107.34283333333333,0.017035469954527673
2016-10-06,113.89,28508710,113.7,114.34,113.13,0.007430340557275539,113.102,112.221,107.62650000000001,0.01568397630297157
2016-10-07,114.06,24336440,114.31,114.56,113.51,0.001492668364211136,113.304,112.7675,107.881,0.01440686486811982
2016-10-10,116.05,36087910,115.02,116.75,114.72,0.01744695774153948,114.00999999999999,113.298,108.16883333333334,0.014134747988484419
2016-10-11,116.3,63963010,117.7,118.69,116.2,0.0021542438604049696,114.67,113.71550000000002,108.44333333333334,0.013421710130049072
2016-10-12,117.34,37512930,117.35,117.98,116.75,0.008942390369733433,115.52799999999999,113.99399999999999,108.7345,0.011279575287522561
2016-10-13,116.98,35041820,116.79,117.44,115.72,-0.0030680074995739215,116.146,114.0645,109.01816666666666,0.008544321472177428
2016-10-14,117.63,35626020,117.88,118.17,117.13,0.005556505385535981,116.85999999999999,114.2,109.3215,0.008478317031694257
2016-10-17,117.55,23583810,117.33,117.84,116.78,-0.0006800986142990739,117.16,114.39850000000001,109.63633333333334,0.007940133243355992
2016-10-18,117.47,24308210,118.18,118.21,117.45,-0.0006805614632071633,117.394,114.59349999999999,109.97183333333334,0.007948450498137664
2016-10-19,117.12,19977160,117.25,117.76,113.8,-0.0029794841236059355,117.35,114.772,110.31266666666667,0.008008135993436458
2016-10-20,117.06,24100150,116.86,117.38,116.33,-0.0005122950819672623,117.36599999999999,114.89399999999998,110.54783333333333,0.007801455910214601
2016-10-21,116.6,22527690,116.81,116.91,116.28,-0.0039296087476508035,117.16,115.0885,110.75216666666667,0.0067218000674890655
2016-10-24,117.65,23492650,117.1,117.74,117.0,0.009005145797598813,117.18000000000002,115.327,110.97616666666666,0.006915642650359156
2016-10-25,118.25,46820600,117.95,118.36,117.31,0.0050998725031874415,117.33600000000001,115.585,111.17949999999999,0.006947738424901909
2016-10-26,115.59,66028640,114.31,115.7,113.31,-0.022494714587737774,117.03,115.667,111.36466666666666,0.008753519786834271
2016-10-27,114.48,31396130,115.39,115.86,114.1,-0.009602906825849966,116.51400000000001,115.782,111.50950000000002,0.008259370383658237
2016-10-28,113.72,36792100,113.87,115.21,113.45,-0.00663871418588402,115.93799999999999,115.8155,111.64033333333332,0.008271250188038603
2016-10-31,113.54,26378910,113.65,114.23,113.2,-0.0015828350334153862,115.11600000000001,115.86650000000002,111.74133333333334,0.008200976741632357
2016-11-01,111.49,43403760,113.46,113.77,110.53,-0.018055310903646427,113.76400000000001,115.79100000000001,111.79333333333334,0.009125808877381738
2016-11-02,111.59,28174980,111.4,112.35,111.23,0.0008969414297246292,112.96399999999998,115.718,111.83966666666667,0.009129192133722487
2016-11-03,109.83,26538700,110.98,111.46,109.55,-0.015772022582668743,112.03400000000002,115.51500000000001,111.87016666666666,0.009519576583634016
2016-11-04,108.84,30790930,108.53,110.25,108.11,-0.009013930620049071,111.05799999999999,115.25400000000002,111.88533333333335,0.009619422775237535
2016-11-07,110.41,32361930,110.08,110.51,109.46,0.014424843807423704,110.43200000000002,114.97200000000001,111.9225,0.00931179690468284
2016-11-08,111.06,24129630,110.31,111.72,109.7,0.005887147903269607,110.346,114.71,111.94883333333333,0.009445321841768644
2016-11-09,110.88,59118740,109.88,111.32,108.05,-0.0016207455429497752,110.204,114.38700000000001,111.97383333333333,0.009073984162662224
2016-11-10,107.79,57097740,111.09,111.09,105.83,-0.02786796536796532,109.796,113.92750000000001,111.95,0.01066864321853647
2016-11-11,108.43,34117030,107.12,108.87,106.55,0.00593747100844233,109.71399999999998,113.4675,111.93916666666668,0.010686980900610146
2016-11-14,105.71,50901380,107.71,107.81,104.08,-0.025085308493959402,108.774,112.87549999999999,111.87833333333333,0.011637888881576148
2016-11-15,107.11,32230590,106.57,107.68,106.16,0.013243780153249451,107.984,112.3575,111.855,0.012320792395147297
2016-11-16,109.99,58724080,106.7,110.23,106.6,0.026888245728690086,107.806,112.001,111.874,0.014187681270633967
2016-11-17,109.95,27623150,109.81,110.35,108.83,-0.0003636694244930627,108.23799999999999,111.64550000000001,111.906,0.014189113581307016
2016-11-18,110.06,28310840,109.72,110.54,109.66,0.0010004547521600404,108.564,111.3185,111.94749999999999,0.01421550259368789
2016-11-21,111.73,29164190,110.12,111.99,110.01,0.015173541704524895,109.768,111.02250000000001,112.02733333333335,0.014547811852847507
2016-11-22,111.8,25931710,111.95,112.42,111.4,0.0006265103374205605,110.70599999999999,110.7,112.11033333333333,0.014459302942174795
2016-11-23,111.23,27420550,111.36,111.51,110.33,-0.005098389982110874,110.954,110.482,112.1975,0.013709736669104071
2016-11-25,111.79,11475920,111.13,111.87,110.95,0.005034612964128327,111.322,110.3475,112.29233333333333,0.013663640104173253
2016-11-28,111.57,27054320,111.43,112.47,111.39,-0.001967975668664579,111.624,110.24000000000001,112.373,0.013603762149607547
2016-11-29,111.46,28507780,110.78,112.03,110.07,-0.000985928116877255,111.56999999999998,110.136,112.43516666666666,0.013602760828775422
2016-11-30,110.52,36151450,111.6,112.2,110.27,-0.008433518751121416,111.31400000000001,110.0875,112.48216666666667,0.013123408984505142
2016-12-01,109.49,37034520,110.37,110.94,109.03,-0.009319580166485708,110.96599999999998,109.98249999999999,112.501,0.013270138742319432
2016-12-02,109.9,26481320,109.17,110.09,108.85,0.0037446342131701726,110.588,109.98599999999999,112.574,0.012826460572087405
2016-12-05,109.11,34113880,110.0,110.03,108.25,-0.007188353048225737,110.096,109.99949999999998,112.67366666666666,0.01276445756907838
2016-12-06,109.95,26160560,109.5,110.36,109.19,0.007698652735771194,109.79400000000001,109.97649999999999,112.74883333333334,0.012454839985554411
2016-12-07,111.03,29976030,109.26,111.19,109.16,0.00982264665757171,109.896,109.975,112.80016666666666,0.012585393314787344
2016-12-08,112.12,27049830,110.86,112.43,110.6,0.009817166531568056,110.422,110.03699999999999,112.806,0.012763520662209798
2016-12-09,113.95,34324350,112.31,114.7,112.31,0.016321798073492655,111.23200000000001,110.345,112.77900000000001,0.01131222693728964
2016-12-12,113.3,26176690,113.29,115.0,112.49,-0.005704256252742512,112.07000000000001,110.5885,112.752,0.011443394650512709
2016-12-13,115.19,43293350,113.84,115.92,113.75,0.0166813768755516,113.11799999999998,111.0625,112.77883333333334,0.009896722135823422
2016-12-14,115.19,33962370,115.04,116.2,114.98,0.0,113.95,111.4665,112.80583333333333,0.009711630123789993
2016-12-15,115.82,46286150,115.38,116.73,115.23,0.005469224759093727,114.69000000000001,111.75800000000001,112.84366666666668,0.008058850321219294
2016-12-16,115.97,44284660,116.47,116.5,115.65,0.0012951131065446209,115.09400000000001,112.059,112.86616666666666,0.008035066408259108
2016-12-19,116.64,27756760,115.8,117.38,115.75,0.005777356212813611,115.76199999999999,112.38799999999999,112.93166666666666,0.008052884871314487
2016-12-20,116.95,21337310,116.74,117.5,116.68,0.002657750342935472,116.11399999999999,112.649,112.9995,0.007520756349161736
2016-12-21,117.06,23724430,116.8,117.4,116.78,0.0009405728943994163,116.48800000000001,112.912,113.06566666666667,0.007517378016749029
2016-12-22,116.29,26043820,116.35,116.51,115.64,-0.00657782333845891,116.582,113.165,113.10466666666667,0.0076011144862891495
2016-12-23,116.52,14244050,115.59,116.52,115.59,0.0019778140854758153,116.69200000000001,113.40150000000001,113.17699999999999,0.007572944283122877
2016-12-27,117.26,18131970,116.52,117.8,116.49,0.006350841057329193,116.816,113.686,113.24716666666667,0.007566126444192921
2016-12-28,116.76,20686510,117.52,118.02,116.2,-0.004264028654272556,116.77799999999999,113.951,113.31783333333334,0.007680650548316501
2016-12-29,116.73,14979680,116.45,117.11,116.4,-0.0002569373072970338,116.71200000000002,114.2615,113.38000000000001,0.007283613134333027
2016-12-30,115.82,30555900,116.65,117.2,115.43,-0.007795768011650939,116.61800000000001,114.578,113.42616666666667,0.0071574567912336216
2017-01-03,116.15,28769220,115.8,116.33,114.76,0.002849248834398299,116.54400000000001,114.8905,113.46383333333333,0.007154289543356704
2017-01-04,116.02,21081620,115.85,116.51,115.75,-0.001119242359018613,116.296,115.23600000000002,113.49650000000001,0.006829973884163878
2017-01-05,116.61,22115100,115.92,116.86,115.81,0.0050853301154973884,116.266,115.569,113.50583333333334,0.006761965968915111
2017-01-06,117.91,31714820,116.78,118.16,116.47,0.011148272017837302,116.502,115.91300000000001,113.53266666666667,0.006838769181912361
2017-01-09,118.99,33420290,117.95,119.43,117.94,0.009159528453905441,117.13600000000001,116.2565,113.56016666666666,0.006805933627812523
2017-01-10,119.11,24432660,118.77,119.38,118.3,0.0010084881082443875,117.728,116.5145,113.59566666666667,0.00604743963815969
2017-01-11,119.75,27453130,118.74,119.93,118.6,0.005373184451347601,118.474,116.83700000000002,113.63100000000001,0.005783638038440814
2017-01-12,119.25,27057550,118.9,119.3,118.21,-0.0041753653444676075,119.002,117.04,113.65933333333334,0.004969760613103906
2017-01-13,119.04,26083030,119.11,119.62,118.81,-0.001761006289308087,119.228,117.2325,113.6855,0.0050176767282733275
2017-01-17,120.0,34412090,118.34,120.24,118.22,0.008064516129032251,119.42999999999999,117.44149999999999,113.7335,0.005153181342840876
2017-01-18,119.99,23687350,120.0,120.5,119.71,-8.333333333332416e-05,119.606,117.6425,113.78233333333334,0.005169297887277929
2017-01-19,119.78,25554290,119.4,120.09,119.37,-0.00175014584548705,119.612,117.79950000000001,113.83533333333334,0.005132082872406386
2017-01-20,120.0,29922650,120.45,120.45,119.73,0.0018367006177992806,119.76199999999999,117.952,113.8745,0.005124278515589642
2017-01-23,120.08,21982000,120.0,120.81,119.77,0.0006666666666665932,119.97,118.103,113.905,0.005125657056332784
2017-01-24,119.97,23191150,119.55,120.1,119.5,-0.0009160559626915088,119.96400000000001,118.28699999999999,113.97800000000001,0.0048153909298173266
2017-01-25,121.88,32417410,120.42,122.1,120.28,0.015920646828373686,120.34200000000001,118.55499999999999,114.10133333333333,0.005788501448473755
2017-01-26,121.94,26320740,121.67,122.44,121.6,0.0004922874958976919,120.774,118.78899999999999,114.23833333333333,0.0057187818351293355
2017-01-27,121.95,20495340,122.14,122.35,121.6,8.20075446941182e-05,121.16399999999999,119.04849999999999,114.37849999999999,0.005549327993044765
2017-01-30,121.63,30327110,120.93,121.63,120.66,-0.002624026240262478,121.474,119.2935,114.54749999999999,0.005628965704872664
2017-01-31,121.35,47767760,121.15,121.39,120.62,-0.002302063635616247,121.75,119.56999999999998,114.71016666666667,0.005242831402422131
2017-02-01,128.75,111837300,127.03,130.49,127.01,0.06098063452822422,123.12399999999998,120.2,115.0255,0.014125108994081785
2017-02-02,128.53,33671250,127.98,129.39,127.78,-0.0017087378640776585,124.44200000000001,120.82549999999999,115.35366666666665,0.014139716212828536
2017-02-03,129.08,24460160,128.31,129.19,128.16,0.004279156617132296,125.86799999999998,121.449,115.66483333333332,0.014141283969843994
2017-02-06,130.29,26784530,129.13,130.5,128.9,0.009374031608304856,127.6,122.06799999999998,115.98533333333333,0.01410742763743512
2017-02-07,131.53,38158410,130.54,132.09,130.45,0.009517230792846831,129.636,122.69500000000001,116.32950000000001,0.014113076243901632
2017-02-08,132.04,22941650,131.35,132.22,131.22,0.003877442408575904,130.294,123.3415,116.73366666666668,0.014083703327862166
2017-02-09,132.42,28321440,131.65,132.45,131.12,0.002877915783096041,131.07199999999997,123.975,117.1335,0.014093670574008288
2017-02-10,132.12,20046250,132.46,132.94,132.05,-0.002265518803805988,131.68,124.6185,117.57366666666667,0.014033628202480088
2017-02-13,133.29,22989980,133.08,133.82,132.75,0.008855585831062607,132.28,125.33099999999999,118.01,0.013955928774786052
2017-02-14,135.02,33054500,133.47,135.09,133.25,0.012979218245930069,132.978,126.082,118.42716666666666,0.01404167093387594
2017-02-15,135.51,35578640,135.52,136.27,134.62,0.0036290919863721793,133.672,126.85799999999999,118.85316666666667,0.01398136693408939
2017-02-16,135.35,22539860,135.67,135.9,134.84,-0.0011807246697660423,134.258,127.6365,119.27466666666668,0.013964916834815213
2017-02-17,135.72,22163280,135.1,135.83,135.1,0.0027336534909494503,134.978,128.42249999999999,119.6745,0.01395153787293645
2017-02-21,136.7,24487200,136.23,136.75,135.98,0.007220748600058835,135.66,129.25349999999997,120.08950000000002,0.013889995972300664
2017-02-22,137.11,20769030,136.43,137.12,136.11,0.0029992684711048767,136.078,130.1105,120.52083333333333,0.013805957797690433
2017-02-23,136.53,20762360,137.38,137.48,136.3,-0.004230180147327012,136.28199999999998,130.84300000000002,120.93316666666666,0.0138395553848174
2017-02-24,136.66,21754600,135.91,136.66,135.28,0.0009521716838789551,136.544,131.579,121.35133333333333,0.013830687878439444
2017-02-27,136.93,20222210,137.14,137.44,136.28,0.001975706132006483,136.786,132.32800000000003,121.77583333333334,0.013795903692480745
2017-02-28,136.99,23446340,137.08,137.44,136.7,0.00043818009201790353,136.844,133.096,122.217,0.01371310168984272
2017-03-01,139.79,36362440,137.89,140.15,137.6,0.020439448134900173,137.38,134.018,122.722,0.013925304571844939
2017-03-02,138.96,26170690,140.0,140.28,138.76,-0.0059374776450388245,137.866,134.5285,123.20633333333333,0.006236531087011885
2017-03-03,139.78,21555370,138.78,139.83,138.59,0.005900978698906156,138.49,135.091,123.7175,0.006110973246434853
2017-03-06,139.34,21229890,139.37,139.77,138.6,-0.0031478036915152385,138.972,135.60399999999998,124.20733333333332,0.006329070831387513
2017-03-07,139.52,17439210,139.06,139.98,138.79,0.001291804219893944,139.478,136.0655,124.68216666666667,0.0062148217655899176
2017-03-08,139.0,18695500,138.95,139.8,138.82,-0.0037270642201835402,139.32,136.439,125.13016666666667,0.006239465005633662
2017-03-09,138.68,22117750,138.74,138.79,137.05,-0.002302158273381205,139.264,136.77100000000002,125.54233333333333,0.006334754075280923
2017-03-10,139.14,19578920,139.25,139.36,138.64,0.003316988751081551,139.13600000000002,137.107,125.973,0.006336983818894956
2017-03-13,139.2,17048800,138.85,139.43,138.82,0.0004312203536007697,139.108,137.46099999999998,126.37316666666666,0.006258516881860178
2017-03-14,138.99,15281850,139.3,139.65,138.84,-0.0015086206896550713,139.002,137.746,126.76983333333334,0.006144107682228896
2017-03-15,140.46,25676720,139.41,140.75,139.03,0.01057630045326996,139.294,138.018,127.1805,0.005940577023212441
2017-03-16,140.69,19173780,140.72,141.02,140.26,0.0016374768617399837,139.696,138.27700000000002,127.5925,0.005928398300847895
2017-03-17,139.99,43700570,141.0,141.0,139.89,-0.004975478001279288,139.86599999999999,138.509,127.98166666666665,0.006090492931323412
2017-03-20,141.46,21258100,140.4,141.5,140.23,0.010500750053575203,140.318,138.796,128.39016666666666,0.0063993840335199404
2017-03-21,139.84,39461130,142.11,142.8,139.73,-0.011452000565530973,140.488,138.95300000000003,128.76983333333334,0.006950257123962767
2017-03-22,141.42,25804820,139.85,141.6,139.76,0.01129862700228812,140.68,139.16850000000002,129.18866666666665,0.007304639095172894
2017-03-23,140.92,20299310,141.26,141.58,140.61,-0.0035355678121906653,140.72600000000003,139.38799999999998,129.59533333333334,0.007277190117723353
2017-03-24,140.64,22355140,141.5,141.74,140.35,-0.001986942946352599,140.856,139.58700000000002,129.985,0.007320691550687396
2017-03-27,140.88,23531670,139.39,141.22,138.62,0.0017064846416383617,140.74,139.7845,130.387,0.007319944182668496
2017-03-28,143.8,33348400,140.91,144.04,140.62,0.020726859738784853,141.53199999999998,140.125,130.83816666666667,0.008485631214395313
2017-03-29,144.12,29174040,143.68,144.49,143.19,0.0022253129346314626,142.072,140.3415,131.30983333333333,0.007357121968242656
2017-03-30,143.93,21189000,144.19,144.5,143.5,-0.0013183458229253375,142.67400000000004,140.59,131.77283333333332,0.00718000719659622
2017-03-31,143.66,19576480,143.72,144.27,143.01,-0.001875911901618954,143.278,140.784,132.2335,0.0071557946100648685
2017-04-03,143.7,19970040,143.71,144.12,143.05,0.0002784351942084484,143.84199999999998,141.002,132.685,0.007081969025592729
2017-04-04,144.77,19865300,143.25,144.89,143.17,0.007446068197634048,144.036,141.2645,133.13266666666667,0.007202137735455693
2017-04-05,144.02,27649500,144.22,145.46,143.81,-0.0051806313462734455,144.01600000000002,141.5155,133.54983333333334,0.007268651790102138
2017-04-06,143.66,21131040,144.29,144.52,143.45,-0.0024996528259965123,143.96200000000002,141.7645,133.959,0.007274650343934385
2017-04-07,143.34,16658660,143.73,144.18,143.27,-0.0022274815536683645,143.898,141.97449999999998,134.35216666666665,0.007318929768129363
2017-04-10,143.17,18904680,143.6,143.88,142.9,-0.00118599134923969,143.792,142.173,134.75083333333333,0.007340416525807857
2017-04-11,141.63,30341520,142.94,143.35,140.06,-0.010756443388978076,143.16400000000002,142.305,135.12733333333333,0.007811584962935866
2017-04-12,141.8,20320420,141.6,142.15,141.01,0.0012003106686437892,142.71999999999997,142.372,135.49066666666667,0.007479004505383925
2017-04-13,141.05,17775510,141.91,142.38,141.05,-0.005289139633286366,142.198,142.39,135.84166666666667,0.0075832709484131575
2017-04-17,141.83,16529130,141.48,141.88,140.87,0.0055299539170508005,141.89600000000002,142.482,136.20916666666668,0.007573029927648599
2017-04-18,141.2,14676420,141.41,142.04,141.11,-0.004441937530846984,141.502,142.469,136.5625,0.007284788741526304
2017-04-19,140.68,17302160,141.88,142.0,140.45,-0.0036827195467420415,141.312,142.511,136.90583333333333,0.006839245643728175
2017-04-20,142.44,23294040,141.22,142.92,141.16,0.012510662496445724,141.44,142.56199999999998,137.28033333333332,0.006946165531478653
2017-04-21,142.27,17290900,142.44,142.68,141.85,-0.0011934849761302546,141.68400000000003,142.6295,137.62016666666665,0.006896203631057154
2017-04-24,143.64,17117710,143.5,143.95,143.18,0.009629577563786906,142.046,142.77949999999998,137.98183333333333,0.007159935842427267
2017-04-25,144.53,18325720,143.91,144.9,143.87,0.006196045669730088,142.71200000000002,142.96200000000002,138.35816666666668,0.007250414550792115
2017-04-26,143.68,19998050,144.47,144.6,143.38,-0.0058811319449249,143.31199999999998,142.956,138.72566666666668,0.0057938790517206755
2017-04-27,143.79,14198660,143.92,144.16,143.31,0.0007655902004453097,143.58200000000002,142.9395,139.09966666666665,0.0057731858877381175
2017-04-28,143.65,20783460,144.09,144.3,143.27,-0.0009736421169760368,143.858,142.9255,139.34799999999998,0.005769867070130742
2017-05-01,146.58,33498270,145.1,147.2,144.96,0.020396797772363362,144.446,143.0715,139.6488333333333,0.007340860535830826
2017-05-02,147.51,44182930,147.54,148.09,146.84,0.006344658207122267,145.042,143.262,139.956,0.007432829877679716
2017-05-03,147.06,45579740,145.59,147.49,144.27,-0.003050640634533197,145.71800000000002,143.37650000000002,140.23550000000003,0.007348754497871407
2017-05-04,146.53,23345970,146.52,147.14,145.81,-0.0036039711682306352,146.266,143.502,140.48549999999997,0.00728931863987876
2017-05-05,148.96,27254850,146.76,148.98,146.76,0.016583634750563014,147.328,143.767,140.7675,0.008033368278998223
2017-05-08,153.01,48670440,149.03,153.7,149.03,0.027188506981739913,148.61399999999998,144.25050000000002,141.11066666666667,0.00975676466229814
2017-05-09,153.99,38907940,153.87,154.88,153.45,0.0064048101431279925,149.91,144.79149999999998,141.47516666666667,0.009720060134798602
2017-05-10,153.26,25779060,153.63,153.94,152.11,-0.00474056756932284,151.15,145.373,141.80800000000002,0.009334797466067553
2017-05-11,153.95,27236290,152.45,154.07,152.31,0.004502153203706172,152.63400000000001,145.98049999999998,142.1235,0.009311946052712662
2017-05-12,156.1,32493770,154.7,156.42,154.67,0.013965573238064355,154.06199999999998,146.733,142.46666666666667,0.009278922357490775
2017-05-15,155.7,25912270,156.01,156.65,155.05,-0.002562459961563124,154.6,147.4265,142.80583333333334,0.009435341537675267
2017-05-16,155.47,19994270,155.94,156.06,154.72,-0.0014771997430956807,154.89600000000002,148.14,143.13500000000002,0.009306265699406329
2017-05-17,150.25,50674280,153.6,154.57,149.71,-0.033575609442336174,154.294,148.61849999999998,143.36083333333332,0.01257719131397007
2017-05-18,152.54,33520150,151.27,153.34,151.13,0.015241264559068268,154.012,149.12349999999998,143.618,0.01269588305877355
2017-05-19,153.06,26892850,153.38,153.98,152.63,0.003408941916874353,153.404,149.663,143.89350000000002,0.0126478004430621
2017-05-22,153.99,22930630,154.0,154.58,152.91,0.00607604860838884,153.06199999999998,150.1805,144.18233333333333,0.012585487674628007
2017-05-23,153.8,19906170,154.9,154.9,153.31,-0.001233846353659307,152.728,150.644,144.46349999999998,0.012613222180587871
2017-05-24,153.34,19201820,153.84,154.17,152.67,-0.002990897269180781,153.346,151.127,144.736,0.012520048302715955
2017-05-25,153.87,19217810,153.73,154.35,153.03,0.003456371462110308,153.612,151.63100000000003,144.97066666666666,0.012505450878858093
2017-05-26,153.61,21895020,154.0,154.24,153.31,-0.0016897380905959158,153.72200000000004,152.129,145.21483333333333,0.01251985405281834
2017-05-30,153.67,20118620,153.42,154.43,153.33,0.0003905995703403775,153.65800000000002,152.4835,145.4463333333333,0.01187573639370029
2017-05-31,152.76,24452750,153.97,154.17,152.38,-0.005921780438602142,153.45,152.746,145.67,0.01197932375801423
2017-06-01,153.18,16383610,153.17,153.33,152.22,0.002749410840534372,153.418,153.052,145.89766666666668,0.011925327091436073
2017-06-02,155.45,27715140,153.58,155.45,152.89,0.014819166993079946,153.734,153.498,146.17183333333335,0.012169874219765977
2017-06-05,153.93,25277680,154.34,154.45,153.46,-0.009778063686072591,153.79799999999997,153.74650000000003,146.42600000000002,0.012051631575219317
2017-06-06,154.45,26591850,153.9,155.81,153.78,0.0033781589033974324,153.954,153.8185,146.68116666666666,0.010475420542325994
2017-06-07,155.37,21017560,155.02,155.98,154.48,0.005956620265458179,154.476,153.8875,146.95066666666668,0.010462643024568466
2017-06-08,154.99,21144040,155.25,155.54,154.4,-0.002445774602561568,154.83800000000002,153.974,147.21733333333336,0.010414634821100395
2017-06-09,148.98,64782910,155.19,155.19,146.02,-0.03877669527066274,153.544,153.7255,147.35933333333332,0.01357946608993517
2017-06-12,145.42,72187710,145.74,146.09,142.51,-0.0238958249429454,151.842,153.1915,147.43816666666666,0.01393693913643284
2017-06-13,146.59,34089190,147.16,147.45,145.15,0.008045660844450575,150.26999999999998,152.736,147.54816666666665,0.014172112232558938
2017-06-14,145.16,31454590,147.5,147.5,143.84,-0.009755099256429589,148.228,152.22050000000002,147.60983333333334,0.014248638936137772
2017-06-15,144.29,31642900,143.32,144.48,142.21,-0.005993386607880957,146.088,151.9225,147.68400000000003,0.01237898432697912
2017-06-16,142.27,50264540,143.78,144.5,142.2,-0.013999584170767077,144.746,151.40900000000002,147.69816666666665,0.011961710042314475
2017-06-19,146.34,32203640,143.66,146.74,143.66,0.028607577142053753,144.93,151.073,147.7885,0.013889499298295577
2017-06-20,145.01,24877950,146.87,146.87,144.94,-0.009088424217575608,144.61399999999998,150.624,147.86133333333333,0.01383059116161123
2017-06-21,145.87,21247590,145.52,146.07,144.61,0.005930625474105389,144.756,150.2275,147.9445,0.013968339742748189
2017-06-22,145.63,19082170,145.77,146.7,145.12,-0.0016453006101323497,145.024,149.842,147.975,0.013969345183391412
2017-06-23,146.28,35421310,145.13,147.16,145.11,0.004463366064684449,145.826,149.4625,148.011,0.013993671884319435
2017-06-26,145.82,25674500,147.17,148.28,145.38,-0.0031446540880503138,145.722,149.073,148.0425,0.013993389515995118
2017-06-27,143.73,24725210,145.01,146.16,143.62,-0.01433273899327936,145.46599999999998,148.576,148.04366666666664,0.014218503737445836
2017-06-28,145.83,22052920,144.49,146.11,143.16,0.014610728449175658,145.458,148.22949999999997,148.07916666666668,0.014746245535638889
2017-06-29,143.68,31450520,144.71,145.13,142.28,-0.014743194130151571,145.068,147.7545,148.061,0.014953619862671602
2017-06-30,144.02,22986960,144.45,144.96,143.78,0.002366369710467664,144.616,147.18300000000002,148.061,0.014418374032875242
2017-07-03,143.5,14277850,144.88,145.3,143.1,-0.0036106096375504437,144.152,146.6615,148.05833333333334,0.014347586879949309
2017-07-05,144.09,21550270,143.69,144.79,142.72,0.004111498257839852,144.224,146.1435,148.07083333333333,0.014366754950090653
2017-07-06,142.73,24110330,143.02,143.5,142.41,-0.00943854535359856,143.60399999999998,145.5115,148.0635,0.014252893160364455
2017-07-07,144.18,18527000,142.9,144.75,142.9,0.010159041546976999,143.704,144.971,148.10600000000002,0.01460590947641318
2017-07-10,145.06,21080580,144.11,145.95,143.37,0.00610348175891251,143.91199999999998,144.775,148.1603333333333,0.012141640323708755
2017-07-11,145.53,18647220,144.73,145.85,144.38,0.003240038604715334,144.318,144.7805,148.235,0.010935586976001575
2017-07-12,145.74,24833800,145.87,146.18,144.82,0.0014430014430015792,144.648,144.738,148.30016666666668,0.010781489620191497
2017-07-13,147.77,25080500,145.5,148.49,145.44,0.01392891450528344,145.656,144.86849999999998,148.40966666666665,0.010979753736537147
2017-07-14,149.04,20117070,147.97,149.33,147.33,0.008594437301211233,146.628,145.106,148.549,0.010978873985260642
2017-07-17,149.56,23765710,148.82,150.9,148.57,0.0034889962426194465,147.528,145.4705,148.66766666666666,0.010342516465722245
2017-07-18,150.08,17837130,149.2,150.13,148.67,0.0034768654720513936,148.43800000000002,145.65749999999997,148.79783333333333,0.008343864800724929
2017-07-19,151.02,20859830,150.48,151.42,149.95,0.0062633262260127776,149.494,145.958,148.92083333333332,0.008038869833528172
2017-07-20,150.34,17170490,151.5,151.74,150.19,-0.00450271487220244,150.00799999999998,146.1815,149.01766666666666,0.008112882491994483
2017-07-21,150.27,25111310,149.99,150.44,148.88,-0.00046561128109612326,150.25400000000002,146.4135,149.1275,0.008092756105273375
2017-07-24,152.09,21466370,150.58,152.44,149.9,0.012111532574698769,150.76,146.704,149.26583333333335,0.008409646340366264
2017-07-25,152.74,18798250,151.8,153.84,151.8,0.0042737852587284575,151.292,147.05,149.41733333333335,0.0083348474456445
2017-07-26,153.46,15649120,153.35,153.93,153.06,0.004713892889878224,151.78,147.5365,149.532,0.007358882010601883
2017-07-27,150.56,32429770,153.75,153.99,147.3,-0.018897432555714855,151.824,147.773,149.58283333333335,0.008391671858816356
2017-07-28,149.5,17192770,149.89,150.23,149.19,-0.007040382571732229,151.67000000000002,148.064,149.6235,0.007753088369380534
2017-07-31,148.73,19690420,149.9,150.33,148.13,-0.005150501672240848,150.998,148.2995,149.66016666666667,0.007915700386165571
2017-08-01,150.05,33669020,149.1,150.22,148.41,0.00887514287635316,150.45999999999998,148.627,149.6783333333333,0.007971950385976092
2017-08-02,157.14,69726440,159.28,159.75,156.16,0.0472509163612127,151.196,149.2795,149.74716666666666,0.012844841216184132
2017-08-03,155.57,26604140,157.05,157.21,155.02,-0.00999109074710447,152.198,149.9215,149.77349999999998,0.012876775341531635
2017-08-04,156.39,20514810,156.07,157.4,155.69,0.005270939127081098,153.57599999999996,150.53199999999998,149.82566666666665,0.012807793741837124
2017-08-07,158.81,21827400,157.06,158.92,156.67,0.015474135174883497,155.59199999999998,151.21949999999998,149.90666666666667,0.01305210851697701
2017-08-08,160.08,36127490,158.6,161.83,158.27,0.007996977520307258,157.598,151.947,149.97299999999998,0.013069009842410165
2017-08-09,161.06,26060430,159.26,161.27,159.11,0.0061219390304847465,158.382,152.71300000000002,150.06233333333333,0.013046562454236084
2017-08-10,155.32,39636190,159.9,160.0,154.63,-0.03563889233825912,158.332,153.0905,150.05983333333333,0.015714360720136853
2017-08-11,157.48,26208970,156.6,158.57,156.07,0.013906773113572024,158.55,153.5125,150.18033333333332,0.01586498979246323
2017-08-14,159.85,22074760,159.32,160.21,158.75,0.015049530099060293,158.75799999999998,154.027,150.3021666666667,0.01609736068091772
2017-08-15,161.6,29377630,160.66,162.2,160.14,0.01094776352830773,159.06199999999998,154.603,150.4445,0.016184343243827087
2017-08-16,160.95,27607370,161.94,162.51,160.15,-0.004022277227722859,159.04000000000002,155.0995,150.5605,0.016266114324908463
2017-08-17,157.86,27377960,160.52,160.71,157.84,-0.01919850885368113,159.548,155.4755,150.6281666666667,0.016955147078609827
2017-08-18,157.5,27391950,157.86,159.5,156.72,-0.0022805017103764147,159.552,155.83700000000002,150.69750000000002,0.01697714440474443
2017-08-21,157.21,26330070,157.5,157.89,155.11,-0.0018412698412697548,159.024,156.09300000000002,150.7531666666667,0.016847083997270345
2017-08-22,159.78,21564890,158.23,160.0,158.02,0.016347560587748777,158.66,156.445,150.85600000000002,0.01715425349141899
2017-08-23,159.98,19376940,159.07,160.47,158.88,0.0012517211165352649,158.46599999999998,156.77100000000002,150.96116666666666,0.01714708584154346
2017-08-24,159.27,19782170,160.43,160.74,158.55,-0.004438054756844445,158.748,157.2065,151.06966666666668,0.0165024902540015
2017-08-25,159.86,25184600,159.65,160.56,159.27,0.0037044013310729706,159.22000000000003,157.7245,151.181,0.016334362385641912
2017-08-28,161.47,25649890,160.14,162.0,159.93,0.010071312398348464,160.072,158.3615,151.28133333333332,0.016265454654129718
2017-08-29,162.91,29451050,160.1,163.12,160.0,0.008918065275283382,160.698,159.0045,151.43099999999998,0.016266100831510297
2017-08-30,163.35,27215770,163.8,163.89,162.61,0.0027008777852801646,161.372,159.315,151.57933333333332,0.012733671226191064
2017-08-31,164.0,26729940,163.64,164.52,163.48,0.003979185797367668,162.31799999999998,159.7365,151.72316666666666,0.012419557680154087
2017-09-01,164.05,16564340,164.8,164.94,163.63,0.0003048780487806546,163.156,160.1195,151.87416666666664,0.012415432642520279
2017-09-05,162.08,29491910,163.75,164.25,160.56,-0.012008533983541625,163.27800000000002,160.28300000000002,152.09250000000003,0.012421013533775708
2017-09-06,161.91,21610300,162.71,162.99,160.52,-0.0010488647581442523,163.078,160.3745,152.36733333333333,0.012320699301781642
2017-09-07,161.26,21905160,162.09,162.24,160.36,-0.004014575999011782,162.66000000000003,160.38449999999997,152.61183333333332,0.012291838208691029
2017-09-08,158.63,28411740,160.86,161.15,158.53,-0.016309066104427616,161.586,160.55,152.83633333333333,0.009847971905678229
2017-09-11,161.5,31506890,160.5,162.05,159.89,0.018092416314694493,161.076,160.751,153.12316666666666,0.010173527854914528
2017-09-12,160.86,71574560,162.61,163.96,158.77,-0.003962848297213495,160.832,160.8015,153.43300000000002,0.00969937313812302
2017-09-13,159.65,44866280,159.87,159.96,157.91,-0.007522068879771249,160.38,160.704,153.65483333333336,0.009515739903421852
2017-09-14,158.28,23637310,158.99,159.4,158.09,-0.008581271531475143,159.784,160.57049999999998,153.876,0.009656512137756944
2017-09-15,159.88,48846060,158.47,160.97,158.0,0.010108668182966962,160.034,160.67149999999998,154.1095,0.008911203913294329
2017-09-18,158.67,28157630,160.11,160.5,158.0,-0.007568176132099147,159.468,160.73,154.32683333333335,0.00908029603835144
2017-09-19,158.73,20565620,159.51,159.77,158.44,0.00037814331631680353,159.04199999999997,160.80599999999998,154.53433333333334,0.009064893902699357
2017-09-20,156.07,52126240,157.9,158.26,153.83,-0.01675801675801669,158.326,160.6205,154.70516666666666,0.00904522390426405
2017-09-21,153.39,37350060,155.8,155.8,152.75,-0.01717178189274049,157.348,160.291,154.8661666666667,0.009703533719930789
2017-09-22,151.89,46575410,152.02,152.27,150.56,-0.009778994719342848,155.75,159.922,154.96716666666669,0.00984499368000238
2017-09-25,150.55,44366140,149.99,151.83,149.16,-0.008822173941668177,154.12599999999998,159.4565,155.08166666666665,0.009839796268412053
2017-09-26,153.14,35907770,151.78,153.92,151.69,0.017203586848222985,153.00799999999998,159.04000000000002,155.23366666666666,0.010447044719428191
2017-09-27,154.23,25402270,153.8,154.72,153.54,0.007117670105785567,152.64,158.606,155.4125,0.010349941377253848
2017-09-28,153.28,21983410,153.89,154.28,152.7,-0.006159631718861358,152.618,158.1025,155.56566666666666,0.010296854403864405
2017-09-29,154.12,26204670,153.21,154.13,152.0,0.005480167014613846,153.064,157.6085,155.7555,0.010356663297426703
2017-10-02,153.81,18631540,154.26,154.45,152.72,-0.0020114196729821288,153.716,157.09650000000002,155.916,0.01033007733321233
2017-10-03,154.48,16216800,154.01,155.09,153.91,0.004356023665561315,153.984,156.7165,156.073,0.010240598768329572
2017-10-04,153.48,20088940,153.63,153.86,152.46,-0.006473329880890777,153.834,156.29500000000002,156.2055,0.010276135170330972
2017-10-05,155.39,21215870,154.18,155.44,154.05,0.012444618191295165,154.256,156.00150000000002,156.36633333333333,0.010804061828244043
2017-10-06,155.3,17223790,154.97,155.49,154.56,-0.0005791878499258329,154.49200000000002,155.83499999999998,156.49183333333332,0.010250378384379222
2017-10-09,155.84,16243080,155.81,156.73,155.49,0.003477141017385721,154.898,155.552,156.60516666666666,0.009293108868846559
2017-10-10,155.9,15603520,156.06,158.0,155.1,0.0003850102669404887,155.182,155.304,156.71083333333337,0.009289255100353683
2017-10-11,156.55,16861450,155.97,156.98,155.75,0.004169339320077015,155.796,155.149,156.81866666666667,0.009259737292789616
2017-10-12,156.0,16380570,156.35,157.37,155.73,-0.003513254551261613,155.918,155.03500000000003,156.90166666666667,0.009107694910600286
2017-10-13,156.99,16367780,156.73,157.28,156.41,0.006346153846154001,156.256,154.8905,157.0125,0.00890969956888318
2017-10-16,159.88,24093300,157.9,160.0,157.65,0.018408815848143023,157.06400000000002,154.951,157.1726666666667,0.009737453651217781
2017-10-17,160.47,18969700,159.78,160.87,159.23,0.003690267700775518,157.978,155.03799999999998,157.31233333333333,0.00976474245561257
2017-10-18,159.76,16252850,160.42,160.71,159.6,-0.004424503022371851,158.62,155.22250000000003,157.42933333333335,0.008968441500380129
2017-10-19,155.98,42357420,156.75,157.08,155.02,-0.02366049073610421,158.616,155.352,157.47133333333335,0.009751480727425405
2017-10-20,156.25,23907540,156.61,157.75,155.96,0.0017309911527119137,158.46800000000002,155.57,157.56616666666665,0.009423257748575675
2017-10-23,156.17,21888930,156.89,157.69,155.5,-0.000512000000000068,157.726,155.85099999999997,157.67733333333334,0.009124573832650687
2017-10-24,157.1,17633730,156.29,157.42,156.2,0.005955048985080369,157.052,156.049,157.81683333333334,0.008451803970249232
2017-10-25,156.41,21175670,156.91,157.55,155.27,-0.004392106938255869,156.382,156.158,157.92283333333336,0.008427460224043755
2017-10-26,157.41,16916650,157.23,157.83,156.78,0.006393453104021507,156.66799999999998,156.3645,157.92733333333334,0.008354011388440843
2017-10-27,163.05,44387770,159.29,163.6,158.7,0.03582999809414922,158.028,156.81099999999998,158.052,0.011357666810854133
2017-10-30,166.72,44651420,163.89,168.07,163.72,0.02250843299601346,160.138,157.45649999999998,158.2241666666667,0.012100833192929948
2017-10-31,169.04,35779520,167.9,169.65,166.94,0.013915547024951902,162.526,158.18449999999999,158.39466666666667,0.01229837188680024
2017-11-01,166.89,33482970,169.87,169.94,165.61,-0.012718883104590684,164.622,158.855,158.50816666666668,0.012667688692982815
2017-11-02,168.11,39668100,167.64,168.5,165.28,0.007310204326202996,166.762,159.49099999999999,158.62566666666666,0.012544792746240766
2017-11-03,172.5,59332210,174.0,174.26,171.12,0.026113854024150784,168.652,160.351,158.91199999999998,0.013419620774430577
2017-11-06,174.25,34770480,172.37,174.99,171.72,0.010144927536231974,170.158,161.2715,159.1915,0.013453409452996494
2017-11-07,174.81,24332120,173.91,175.25,173.6,0.003213773314203694,171.31199999999998,162.217,159.44083333333336,0.013409565904109418
2017-11-08,176.24,24358920,174.66,176.24,174.33,0.008180310050912354,173.182,163.20149999999998,159.68483333333333,0.013413486413953936
2017-11-09,175.88,29422610,175.11,176.1,173.14,-0.0020426690876078624,174.736,164.19549999999998,159.93366666666668,0.013362375637312398
2017-11-10,174.67,25129510,175.11,175.38,174.27,-0.006879690698203378,175.17,165.0795,160.21383333333333,0.0136731824804007
2017-11-13,173.97,16956290,173.5,174.5,173.4,-0.004007557107688742,175.11399999999998,165.784,160.48833333333332,0.013471267859902119
2017-11-14,171.34,24683350,173.04,173.48,171.18,-0.015117549002701569,174.42000000000002,166.32750000000001,160.72383333333332,0.014156391626354315
2017-11-15,169.08,28998220,169.97,170.32,168.38,-0.013190148243258926,172.988,166.7935,160.87883333333332,0.014541105320053122
2017-11-16,171.1,23598650,171.18,171.87,170.3,0.011947007333806381,172.032,167.5495,161.06416666666667,0.013234054843018131
2017-11-17,170.15,21884010,171.04,171.39,169.64,-0.005552308591466937,171.128,168.2445,161.2455,0.013419517107855406
2017-11-20,169.98,16041550,170.29,170.56,169.56,-0.0009991184249192875,170.33,168.935,161.41416666666666,0.013429253932135737
2017-11-21,173.14,25047130,170.78,173.7,170.78,0.018590422402635642,170.69,169.737,161.60866666666666,0.013801740480589878
2017-11-22,174.96,25558680,173.36,175.0,173.05,0.010511724615917872,171.86599999999999,170.6645,161.80949999999999,0.013671820634888332
2017-11-24,174.97,14026670,175.1,175.5,174.65,5.71559213533579e-05,172.64000000000001,171.54250000000002,162.0031666666667,0.013728388623887958
2017-11-27,174.09,20591090,175.05,175.08,173.34,-0.005029433617191548,173.428,172.09449999999998,162.17133333333334,0.011875370232052365
2017-11-28,173.07,26387240,174.3,174.87,171.86,-0.005859038428399188,174.046,172.412,162.3216666666667,0.0111375710638404
2017-11-29,169.48,41459120,172.63,172.92,167.16,-0.02074305194430004,173.314,172.43400000000003,162.445,0.011848112363822825
2017-11-30,171.85,41484540,170.43,172.14,168.44,0.01398395090866189,172.692,172.682,162.61066666666665,0.011820616163582251
2017-12-01,171.05,39735110,169.95,171.67,168.5,-0.004655222577829354,171.908,172.829,162.77383333333333,0.011815554450649957
2017-12-04,169.8,32512580,172.48,172.62,169.63,-0.007307804735457446,171.05,172.69400000000002,162.96,0.010337842664687895
2017-12-05,169.64,27315530,169.06,171.52,168.4,-0.0009422850412250661,170.364,172.4635,163.09566666666666,0.010015809691734812
2017-12-06,169.01,28397810,167.5,170.2,166.46,-0.0037137467578400862,170.27,172.1735,163.23149999999998,0.009971471694596173
2017-12-07,169.32,25656110,169.03,170.44,168.91,0.0018342109934323947,169.76399999999998,171.82750000000001,163.39266666666666,0.009740886025008747
2017-12-08,169.37,23285760,170.49,171.0,168.82,0.00029529884242851523,169.428,171.502,163.57750000000001,0.00975380829082582
2017-12-11,172.67,34260890,169.2,172.89,168.79,0.0194839700064946,170.002,171.402,163.79066666666668,0.010765685449121936
2017-12-12,171.7,19088170,172.15,172.39,171.46,-0.0056176521688769965,170.414,171.2885,164.0078333333333,0.010799100561830022
2017-12-13,172.27,23402510,172.5,173.54,172.0,0.00331974373907995,171.06599999999997,171.33499999999998,164.2335,0.010268610590772836
2017-12-14,172.22,20442740,172.4,173.13,171.65,-0.00029024206187966417,171.64600000000002,171.49200000000002,164.50266666666667,0.009768243868044538
2017-12-15,173.97,40122100,173.63,174.17,172.46,0.010161421437695939,172.566,171.6355,164.84566666666666,0.009670263340114721
2017-12-18,176.42,29385650,174.88,177.2,174.86,0.014082887854227621,173.316,171.949,165.2545,0.009975158247937129
2017-12-19,174.54,27393660,175.03,175.39,174.09,-0.010656388164607122,173.884,172.177,165.65433333333334,0.01034753615081383
2017-12-20,174.35,23451420,174.87,175.42,173.25,-0.0010885756846568118,174.3,172.2375,166.0078333333333,0.009527537717470598
2017-12-21,175.01,20848660,174.17,176.02,174.1,0.003785488958990557,174.858,172.24,166.35416666666666,0.009266639534826053
2017-12-22,175.01,16339690,174.68,175.42,174.5,0.0,175.06599999999997,172.242,166.71633333333335,0.009266647659443189
2017-12-26,170.57,33113340,170.8,171.47,169.68,-0.025369978858350906,173.89600000000002,172.066,166.9905,0.010836878444161709
2017-12-27,170.6,21477380,170.1,170.78,169.71,0.00017588087002406994,173.108,171.9425,167.27033333333335,0.010777285900186088
2017-12-28,171.08,16412270,171.0,171.85,170.48,0.0028135990621338536,172.454,172.02249999999998,167.547,0.009700746944656568
2017-12-29,169.23,25938760,170.52,170.59,169.22,-0.010813654430675834,171.298,171.8915,167.80949999999999,0.00947059589974656
2018-01-02,172.26,25400540,170.16,172.3,169.26,0.0179046268392129,170.748,171.95199999999997,168.09066666666666,0.01028623871582573
2018-01-03,172.23,29461040,172.53,174.55,171.96,-0.00017415534656917142,171.08,172.0735,168.37283333333335,0.010127247936745423
2018-01-04,173.03,22342650,172.54,173.47,172.08,0.004644951518318674,171.566,172.243,168.65933333333336,0.010154857312622247
2018-01-05,175.0,23589930,173.44,175.37,173.05,0.011385308905970115,172.35,172.5425,168.97766666666666,0.01034246061232776
2018-01-08,174.35,20523870,174.35,175.61,173.93,-0.003714285714285781,173.37399999999997,172.79399999999998,169.27433333333332,0.010415478954313011
2018-01-09,174.33,21532200,174.55,175.06,173.41,-0.00011471178663602366,173.78799999999998,173.04199999999997,169.5798333333333,0.010418412035189745
2018-01-10,174.29,23751690,173.16,174.3,173.0,-0.00022944989387951864,174.2,173.123,169.86816666666667,0.009520887187960028
2018-01-11,175.28,18653380,174.59,175.49,174.49,0.005680188192093594,174.65,173.302,170.12483333333333,0.00947321372989751
2018-01-12,177.09,25302200,176.18,177.36,175.65,0.010326335006846099,175.06799999999998,173.543,170.40183333333334,0.009687717773208676
2018-01-16,176.19,29512410,177.9,179.39,176.14,-0.005082161612739333,175.436,173.7415,170.67566666666664,0.009791088968611495
2018-01-17,179.1,34260230,176.15,179.25,175.07,0.0165162608547591,176.39000000000001,173.998,171.061,0.010192577918515532
2018-01-18,179.26,31087330,179.37,180.1,178.25,0.0008933556672250376,177.38400000000001,174.14,171.4445,0.009753056726871878
2018-01-19,178.46,31306390,178.61,179.58,177.41,-0.004462791476068206,178.01999999999998,174.33599999999998,171.81599999999997,0.009462679155058976
2018-01-22,177.0,27052000,177.3,177.78,176.6,-0.008181105009525957,178.002,174.4685,172.14766666666665,0.00968150925365348
2018-01-23,177.04,32395870,177.3,179.44,176.82,0.00022598870056489417,178.172,174.57,172.4915,0.009656407331056866
2018-01-24,174.22,51368540,177.25,177.3,173.2,-0.015928603705377298,177.196,174.53050000000002,172.77166666666665,0.010342814087470979
2018-01-25,171.11,41438280,174.51,174.95,170.53,-0.017850992997359594,175.56599999999997,174.55749999999998,172.906,0.00947943087088968
2018-01-26,171.51,39075250,172.0,172.0,170.06,0.0023376775173864495,174.176,174.603,172.98583333333332,0.009491450018430587
2018-01-29,167.96,50565420,170.16,170.16,167.07,-0.020698501545099335,172.368,174.447,172.96783333333332,0.010560745328204672
2018-01-30,166.97,45635470,165.53,167.37,164.7,-0.005894260538223395,170.35399999999998,174.334,172.96916666666667,0.01037249090231608
2018-01-31,167.43,32234520,166.87,168.44,166.5,0.0027549859256155163,168.996,174.09250000000003,172.95783333333335,0.00946158771138462
2018-02-01,167.78,44453230,167.17,168.62,166.76,0.0020904258496088346,168.33,173.87,172.87916666666666,0.009490263346302033
2018-02-02,160.5,85957050,166.0,166.8,160.1,-0.04339015377279776,166.12800000000001,173.24349999999998,172.65,0.013249553512508509
2018-02-05,156.49,72215320,159.1,163.88,156.0,-0.02498442367601239,163.834,172.318,172.34466666666665,0.013566984178476493
2018-02-06,163.03,68171940,154.83,163.72,154.0,0.04179180778324487,163.046,171.752,172.12449999999998,0.017207170101534046
2018-02-07,159.54,51467440,163.09,163.4,159.07,-0.021407102987180293,161.468,171.0125,171.85216666666665,0.017658355006400395
2018-02-08,155.15,54145930,160.29,161.0,155.03,-0.0275166102544816,158.942,170.0555,171.52683333333334,0.018369209722497806
2018-02-09,156.41,70583530,157.07,157.89,150.24,0.0081211730583306,158.124,169.112,171.23416666666668,0.018456278056189088
2018-02-12,162.71,60774900,158.5,163.89,157.51,0.04027875455533536,159.368,168.39299999999997,171.09033333333335,0.020867285389746564
2018-02-13,164.34,32483310,161.95,164.75,161.65,0.010017823120889835,159.63,167.8005,171.01133333333334,0.021098689762551193
2018-02-14,167.37,40382890,163.05,167.54,162.88,0.018437385907265513,161.196,167.214,170.94916666666668,0.021197625969262182
2018-02-15,172.99,50908540,169.79,173.09,169.0,0.03357829957579028,164.76399999999998,166.90050000000002,170.99650000000003,0.02273166713482436
2018-02-16,172.43,40113790,172.36,174.82,171.77,-0.00323718133996187,167.96800000000002,166.599,171.03733333333332,0.02272500715354714
2018-02-20,171.85,33690660,172.05,174.26,171.42,-0.003363683813721541,169.796,166.3415,171.01583333333332,0.022675637393488334
2018-02-21,171.07,37378070,172.83,174.12,171.01,-0.004538842013383726,171.142,166.043,170.95100000000002,0.022684543454384795
2018-02-22,172.5,30953760,171.8,173.95,171.71,0.008359151224644812,172.168,165.957,170.90983333333332,0.022519293339755914
2018-02-23,175.5,33772050,173.67,175.65,173.54,0.017391304347825987,172.67000000000002,166.1765,170.93333333333334,0.022448743106970776
2018-02-26,178.97,37353670,176.35,179.39,176.21,0.01977207977207973,173.978,166.5495,171.03166666666667,0.022818184507640504
2018-02-27,178.39,38885510,179.1,180.48,178.16,-0.0032407666089289133,175.286,167.071,171.18016666666665,0.02221488842286933
2018-02-28,178.12,37568080,179.26,180.62,178.05,-0.0015135377543583628,176.696,167.6285,171.28466666666665,0.022141446614526508
2018-03-01,175.0,48706170,178.54,179.78,172.66,-0.017516281158769353,177.196,168.007,171.3505,0.022634391445082416
2018-03-02,176.21,38426060,172.8,176.3,172.45,0.006914285714285651,177.33800000000002,168.4285,171.4573333333333,0.02265597677634724
2018-03-05,176.82,27825140,175.21,177.74,174.52,0.003461778559673112,176.908,169.24450000000002,171.57699999999997,0.019893549855278365
2018-03-06,176.67,23273160,177.91,178.25,176.13,-0.0008483203257549921,176.564,170.25349999999997,171.70466666666664,0.018670803056423168
2018-03-07,175.03,31686450,174.94,175.85,174.27,-0.009282843719929712,175.946,170.8535,171.79983333333334,0.01696854409108358
2018-03-08,176.94,24518850,175.48,177.12,175.07,0.010912415014568966,176.334,171.7235,171.926,0.01596138978534517
2018-03-09,179.98,32130360,177.96,180.0,177.39,0.017180965298971396,177.08800000000002,172.965,172.04783333333333,0.014149677303117846
2018-03-12,181.72,32191070,180.29,182.39,180.21,0.009667740860095586,178.06799999999998,174.2305,172.21483333333333,0.014157220453512963
2018-03-13,179.97,31464170,182.59,183.5,179.24,-0.009630200308166414,178.728,175.0935,172.34316666666666,0.012385673513661814
2018-03-14,178.44,29334630,180.32,180.52,177.81,-0.008501416902817138,179.41,175.7985,172.44683333333333,0.012689250769380519
2018-03-15,178.65,22676520,178.5,180.24,178.07,0.0011768661735036545,179.752,176.3625,172.52483333333333,0.01224931479498163
2018-03-16,178.02,38313330,178.65,179.12,177.62,-0.0035264483627204246,179.35999999999999,176.61399999999998,172.55149999999998,0.010038368180953036
2018-03-19,175.3,32931110,177.32,177.47,173.66,-0.015279182114369183,178.076,176.7575,172.56416666666667,0.010677128552658708
2018-03-20,175.24,19620520,175.24,176.8,174.94,-0.0003422703936110105,177.13000000000002,176.927,172.579,0.01063522089327569
2018-03-21,171.27,36387880,175.04,175.09,171.26,-0.022654645058205913,175.696,176.93699999999998,172.51666666666668,0.011837989004292192
2018-03-22,168.85,41335980,170.0,172.68,168.6,-0.014129736673089366,173.73600000000002,176.7545,172.41400000000002,0.012080284009525969
2018-03-23,164.94,40984540,168.39,169.92,164.94,-0.02315664791234817,171.12,176.22650000000002,172.32016666666667,0.012232936373438948
2018-03-26,172.77,36778560,168.07,173.1,166.44,0.047471807930156595,170.61399999999998,175.9165,172.3563333333333,0.015952572982658803
2018-03-27,168.34,39824200,173.68,175.15,166.92,-0.02564102564102566,169.23399999999998,175.414,172.31066666666666,0.016832805825058268
2018-03-28,166.48,41464880,167.25,170.02,165.19,-0.01104906736366884,168.276,174.832,172.2648333333333,0.016930348564826458
2018-03-29,167.78,38116290,167.81,171.75,166.9,0.0078087457952908945,168.06199999999998,174.471,172.19016666666667,0.016752410261241565
2018-04-02,166.68,37425640,167.88,168.94,164.47,-0.006556204553582079,168.41000000000003,173.9945,172.09766666666667,0.016646776510886054
2018-04-03,168.39,30237640,167.64,168.75,164.88,0.010259179265658558,167.534,173.57299999999998,172.02033333333333,0.01684623194724277
2018-04-04,171.61,34581850,164.88,172.01,164.77,0.019122275669576805,168.18800000000002,173.32,171.96383333333333,0.01751573817973023
2018-04-05,172.8,26750260,172.58,174.23,172.08,0.006934327836373155,169.452,173.20850000000002,171.93800000000002,0.017502468823946658
2018-04-06,168.38,34949690,170.97,172.48,168.2,-0.025578703703703742,169.572,172.78050000000002,171.83883333333335,0.01814090492183149
2018-04-09,170.05,28976200,169.88,173.09,169.85,0.0099180425228651,170.246,172.284,171.76816666666667,0.017799443458846636
2018-04-10,173.25,28567110,173.0,174.0,171.53,0.018817994707438945,171.21800000000002,171.8605,171.73433333333332,0.018245653388006426
2018-04-11,172.44,22401040,172.23,173.92,171.7,-0.004675324675324721,171.384,171.48399999999998,171.65683333333334,0.0181733336078681
2018-04-12,174.14,22858840,173.41,175.0,173.04,0.00985850150777079,171.652,171.269,171.62266666666667,0.018289864687326813
2018-04-13,174.73,25100510,174.78,175.84,173.85,0.0033880785574824657,172.922,171.073,171.54983333333334,0.018310776194895864
2018-04-16,175.82,21561320,175.03,176.19,174.83,0.0062381960739426034,174.07599999999996,170.96300000000002,171.49249999999998,0.01836856682243497
2018-04-17,178.24,26575010,176.49,178.94,176.41,0.01376407689682635,175.07399999999998,171.10999999999999,171.48883333333333,0.018283374619094992
2018-04-18,177.84,20544600,177.81,178.82,176.88,-0.002244165170556589,176.154,171.24,171.50283333333334,0.018295609949755234
2018-04-19,172.8,34693280,174.95,175.39,172.66,-0.028340080971659853,175.88600000000002,171.3165,171.43216666666666,0.01872001891009837
2018-04-20,165.72,65270950,170.6,171.22,165.43,-0.0409722222222223,174.084,171.16,171.2905,0.02069091592642671
2018-04-23,165.24,36396590,166.84,166.92,164.09,-0.002896451846488013,171.96800000000002,171.175,171.19266666666667,0.02002031403157783
2018-04-24,162.94,33674960,165.67,166.33,161.22,-0.013919147906076068,168.90800000000002,170.6835,171.04983333333334,0.016861236879187325
2018-04-25,163.65,28331540,162.62,165.42,162.41,0.004357432183625942,166.07,170.449,170.978,0.016035380035176548
2018-04-26,164.22,27850370,164.12,165.73,163.37,0.003483043079743231,164.35399999999998,170.336,170.93216666666666,0.01589847181269539
2018-04-27,162.32,35617230,164.0,164.33,160.63,-0.011569845329436168,163.67399999999998,170.063,170.847,0.015951914935016513
2018-04-30,165.26,41976500,162.13,167.26,161.84,0.01811237062592408,163.67799999999997,169.99200000000002,170.805,0.016487584490026033
2018-05-01,169.1,52228910,166.41,169.2,165.27,0.023236112791964247,164.91,170.0275,170.94833333333332,0.01716625512448833
2018-05-02,176.57,66454720,175.23,177.75,173.8,0.04417504435245423,167.494,170.27550000000002,171.28300000000002,0.019379443319430433
2018-05-03,176.89,33944110,175.88,177.5,174.44,0.0018123123973494693,170.028,170.48,171.514,0.01933910222107615
2018-05-04,183.83,56137230,178.25,184.25,178.17,0.039233421900616294,174.32999999999998,171.2525,171.91883333333334,0.020008169045256635
2018-05-07,185.16,42557530,185.18,187.67,184.75,0.007234945329924303,178.31,172.00799999999998,172.41899999999998,0.019979530872541524
2018-05-08,186.05,28053230,184.99,186.22,183.67,0.004806653704903852,181.7,172.648,172.91299999999998,0.01969297976183557
2018-05-09,187.36,23141260,186.55,187.4,185.22,0.0070411179790379474,183.858,173.394,173.32383333333334,0.01960308784343679
2018-05-10,190.04,27942430,187.74,190.37,187.65,0.014304013663535287,186.488,174.18900000000002,173.75216666666668,0.01969394758329635
2018-05-11,188.59,26167950,189.49,190.06,187.45,-0.007629972637339444,187.44,174.882,174.10583333333335,0.01988173122696571
2018-05-14,188.15,20393070,189.01,189.53,187.86,-0.002333103557982885,188.038,175.49849999999998,174.3585,0.0199235397131333
2018-05-15,186.44,23639070,186.78,187.07,185.1,-0.009088493223491922,188.116,175.9085,174.59199999999998,0.019964167265681572
2018-05-16,188.18,19046600,186.07,188.46,186.0,0.009332761210040896,188.28000000000003,176.4255,174.86416666666668,0.01998901745075292
2018-05-17,186.99,17014490,188.0,188.91,186.36,-0.006323732596450249,187.67000000000002,177.135,175.12949999999998,0.018738244683095005
2018-05-18,186.31,18083080,187.19,187.81,186.13,-0.003636558104711529,187.214,178.1645,175.35966666666667,0.015607836297866601
2018-05-21,187.63,18383080,188.0,189.27,186.91,0.007084965917020014,187.11,179.284,175.5618333333333,0.01546779840509495
2018-05-22,187.16,15228270,188.38,188.88,186.78,-0.0025049299152587468,187.254,180.49499999999998,175.69833333333332,0.014874497963052784
2018-05-23,188.36,19966590,186.35,188.5,185.76,0.006411626415900873,187.29,181.7305,175.86450000000002,0.014861967557351481
2018-05-24,188.15,23129400,188.77,188.84,186.21,-0.0011148863877681325,187.52200000000002,182.927,176.03166666666667,0.014957082126831462
2018-05-25,188.58,17186760,188.23,189.65,187.65,0.002285410576667646,187.976,184.24,176.25799999999998,0.014364290058176106
2018-05-29,187.9,22409110,187.6,188.75,186.87,-0.0036058967016651122,188.03000000000003,185.372,176.45283333333333,0.014350417898190438
2018-05-30,187.5,18503410,187.72,188.0,186.78,-0.002128791910590788,188.098,186.292,176.6308333333333,0.013910944910431648
2018-05-31,186.87,27468700,187.22,188.23,186.14,-0.0033600000000000296,187.8,186.807,176.80083333333334,0.010574196970919096
2018-06-01,190.24,23377690,187.99,190.26,187.75,0.018033927329159427,188.218,187.4745,177.05433333333335,0.011096337541762808
2018-06-04,191.83,26190620,191.64,193.42,191.35,0.008357863751051298,188.868,187.8745,177.30249999999998,0.0074373991083298485
2018-06-05,193.31,21535570,193.07,193.94,192.36,0.007715164468539815,189.95000000000002,188.282,177.52466666666666,0.007455404414211195
2018-06-06,193.98,20912820,193.63,194.08,191.92,0.003465935543944809,191.246,188.6785,177.729,0.007436569699555189
2018-06-07,193.46,21329170,194.14,194.2,192.34,-0.002680688730796854,192.56400000000002,188.9835,177.95383333333334,0.0074153516720153355
2018-06-08,191.7,26580710,191.17,192.0,189.77,-0.00909748785278619,192.856,189.0665,178.17483333333337,0.007151710228468742
2018-06-11,191.23,18069930,191.35,191.97,190.21,-0.0024517475221700336,192.73600000000002,189.1985,178.3845,0.00693386382907118
2018-06-12,192.28,16859020,191.39,192.61,191.15,0.005490770276630252,192.53,189.40500000000003,178.6221666666667,0.006973254507557028
2018-06-13,190.7,21480120,192.42,192.88,190.44,-0.008217183274391582,191.874,189.618,178.87883333333332,0.006908612867531637
2018-06-14,190.8,21584720,191.55,191.57,190.22,0.000524383848977461,191.342,189.749,179.13816666666668,0.006635050189872404
2018-06-15,188.84,61438290,190.03,190.16,188.26,-0.010272536687631062,190.76999999999998,189.8415,179.43099999999998,0.006908560693115713
2018-06-18,188.74,18458410,187.88,189.22,187.2,-0.0005295488244015933,190.272,189.96300000000002,179.7625,0.006844933520551485
2018-06-19,185.69,33538550,185.14,186.33,183.45,-0.01615979654551236,188.954,189.866,180.10833333333332,0.007627161502894391
2018-06-20,186.5,20490090,186.35,187.2,185.73,0.00436210889116273,188.114,189.83300000000003,180.33716666666666,0.007686111343231017
2018-06-21,185.46,25649240,187.25,188.35,184.94,-0.005576407506702408,187.046,189.68800000000002,180.6225,0.007614700018672734
2018-06-22,184.92,27185130,186.12,186.15,184.7,-0.00291167906826284,186.262,189.5265,180.92983333333333,0.007629841192761999
2018-06-25,182.17,31632320,183.4,184.92,180.73,-0.014871295695435882,184.94799999999998,189.206,181.16966666666667,0.00820314972082049
2018-06-26,184.43,24378480,182.99,186.53,182.54,0.012405994400834564,184.696,189.0325,181.4655,0.008768753709801768
2018-06-27,184.16,24987260,185.23,187.28,184.03,-0.001463970069945253,184.228,188.8655,181.72833333333335,0.008765089975773119
2018-06-28,185.5,17352380,184.1,186.21,183.8,0.0072762814943527765,184.236,188.797,181.95983333333334,0.008926720066940792
2018-06-29,185.11,22551660,186.29,187.19,182.91,-0.0021024258760107273,184.274,188.5405,182.165,0.0078125220002665
2018-07-02,187.18,17675210,183.82,187.3,183.42,0.011182540111285055,185.276,188.308,182.47833333333332,0.008019788049060629
2018-07-03,183.92,13954810,187.79,187.95,183.54,-0.01741639064002576,185.174,187.8385,182.7095,0.00850435372406519
2018-07-05,185.4,16543880,185.26,186.41,184.28,0.008046976946498585,185.422,187.4095,182.91199999999998,0.008730814491380027
2018-07-06,187.97,17426160,185.42,188.43,185.2,0.013861920172599795,185.916,187.135,183.17083333333332,0.009439979572585867
2018-07-09,190.58,19636390,189.5,190.68,189.3,0.0138851944459224,187.01,187.079,183.44483333333335,0.009843356595605259
2018-07-10,190.35,15801370,190.71,191.28,190.18,-0.0012068422709624604,187.64399999999998,187.03500000000003,183.70516666666668,0.00983261011394973
2018-07-11,187.88,18776390,188.5,189.78,187.61,-0.012976096664039871,188.43599999999998,186.815,183.90616666666668,0.010134063677133634
2018-07-12,191.03,18000180,189.53,191.41,189.31,0.016766020864381614,189.56199999999998,186.8315,184.11933333333337,0.01073365276105129
2018-07-13,191.33,12506830,191.08,191.84,190.9,0.0015704339632518494,190.23399999999998,186.858,184.3441666666667,0.010738165711243036
2018-07-16,190.91,15009800,191.52,192.65,190.42,-0.002195160194428558,190.3,186.9615,184.64600000000002,0.010472422527131982
2018-07-17,191.45,15515000,189.75,191.87,189.2,0.002828557959247746,190.52,187.097,185.07483333333332,0.010480320640895721
2018-07-18,190.4,16365720,191.78,191.8,189.93,-0.005484460694698212,191.024,187.3325,185.4941666666667,0.009824265896072428
2018-07-19,191.88,20182050,189.69,192.55,189.69,0.007773109243697451,191.194,187.6015,185.97650000000002,0.00990947731417737
2018-07-20,191.44,20670830,191.78,192.43,190.17,-0.002293099854075442,191.216,187.9005,186.43966666666668,0.009813335868018367
2018-07-23,191.61,15955820,190.68,191.96,189.56,0.0008880066861680636,191.35600000000002,188.235,186.89616666666663,0.009757325863589038
2018-07-24,193.0,18680930,192.45,193.66,192.05,0.007254318668127979,191.666,188.7765,187.40749999999997,0.008988857095184022
2018-07-25,194.82,16553500,193.06,194.85,192.43,0.009430051813471563,192.55,189.296,187.90016666666668,0.008847256928668973
2018-07-26,194.21,19005150,194.61,195.96,193.61,-0.0031310953700851574,193.01600000000002,189.79850000000002,188.31866666666667,0.00889707258602683
2018-07-27,190.98,23975350,194.99,195.19,190.1,-0.016631481386128466,192.924,190.0725,188.55883333333333,0.009808922045459927
2018-07-30,189.91,20912890,191.9,192.2,189.07,-0.0056026809089956275,192.584,190.3125,188.7758333333333,0.00990735937354006
2018-07-31,190.29,37847260,190.3,192.14,189.34,0.002000947817387244,192.04199999999997,190.46800000000002,188.8835,0.00963566865260757
2018-08-01,201.5,67812280,199.13,201.76,197.31,0.05891008460770397,193.378,191.347,189.15583333333333,0.01540213823052109
2018-08-02,207.39,62317430,200.58,208.38,200.35,0.02923076923076917,196.01399999999998,192.4465,189.5115,0.016345056937901548
2018-08-03,207.99,33408050,207.03,208.74,205.48,0.0028930999566036952,199.416,193.44750000000002,189.85533333333333,0.016242028724510835
2018-08-06,209.07,25396100,208.0,209.25,207.07,0.005192557334487091,203.248,194.372,190.17249999999999,0.016113050099692543
2018-08-07,207.11,25525650,209.32,209.5,206.76,-0.009374850528531042,206.612,195.20999999999998,190.48116666666664,0.01637367299655226
2018-08-08,207.25,22493750,206.05,207.81,204.52,0.0006759692916806781,207.762,196.1785,190.7995,0.015890687726167148
2018-08-09,208.88,23389530,207.28,209.78,207.2,0.007864897466827392,208.06,197.071,191.17350000000002,0.015667929226783336
2018-08-10,207.53,24592460,207.36,209.1,206.67,-0.006463040980467238,207.96800000000002,197.881,191.496,0.01585131772496004
2018-08-13,208.87,25864510,207.7,210.95,207.7,0.0064568977979087006,207.92799999999997,198.779,191.86066666666667,0.015785862816781144
2018-08-14,209.75,20679270,210.16,210.56,208.26,0.00421314693349939,208.456,199.69400000000002,192.25133333333332,0.015780623817791405
2018-08-15,210.24,28595230,209.22,210.74,208.33,0.002336114421930935,209.054,200.68599999999998,192.6281666666667,0.01561122111510648
2018-08-16,213.32,27595310,211.75,213.81,211.47,0.014649923896499217,209.942,201.758,193.06416666666667,0.015748757733869054
2018-08-17,217.58,35034410,213.44,217.95,213.16,0.01996999812488287,211.952,203.065,193.55116666666666,0.015959897879672835
2018-08-20,215.46,30149410,218.1,219.18,215.11,-0.009743542605018862,213.26999999999998,204.2575,194.00633333333334,0.016330737959656276
2018-08-21,215.04,25682700,216.8,217.19,214.03,-0.0019493177387914784,214.32800000000003,205.35949999999997,194.44733333333335,0.01642314092921353
2018-08-22,215.05,18965930,214.1,216.36,213.84,4.650297619046562e-05,215.29000000000002,206.371,194.89983333333333,0.016440379668984244
2018-08-23,215.49,18505780,214.65,217.05,214.6,0.002046035805626678,215.72400000000002,207.435,195.36633333333336,0.01634481542224813
2018-08-24,216.16,18457720,216.6,216.9,215.11,0.003109193001995303,215.44,208.69400000000002,195.8545,0.015523846752497721
2018-08-27,217.94,20400770,217.15,218.74,216.33,0.008234641006661825,215.936,210.0955,196.31616666666665,0.015270649057254924
2018-08-28,219.7,22751390,219.01,220.54,218.92,0.008075617142332625,216.86800000000002,211.56599999999997,196.78066666666666,0.015226017936985753
2018-08-29,222.98,27074260,220.15,223.49,219.41,0.01492944924897599,218.454,212.64000000000001,197.27516666666668,0.009471124015637161
2018-08-30,225.03,48696960,223.25,228.26,222.4,0.009193649654677616,220.362,213.52200000000002,197.79266666666666,0.00767607641812857
2018-08-31,227.63,43177540,226.51,228.87,226.0,0.011554015020219577,222.656,214.504,198.36216666666667,0.007845772745368598
2018-09-04,228.36,27363960,228.41,229.18,226.63,0.003206958660985082,224.73999999999995,215.4685,198.97316666666666,0.007849787610973515
2018-09-05,226.87,33290830,228.99,229.67,225.1,-0.006524785426519575,226.17399999999998,216.4565,199.56716666666668,0.007607711568110361
2018-09-06,223.1,34121240,226.23,227.35,221.3,-0.01661744611451499,226.198,217.24900000000002,200.08083333333332,0.008942193361150352
2018-09-07,221.3,37418910,221.85,225.37,220.71,-0.008068130883012059,225.452,217.87000000000003,200.59083333333334,0.009258513559395578
2018-09-10,218.33,39194720,220.95,221.85,216.47,-0.01342069588793493,223.592,218.41,201.04966666666667,0.00974791708295149
2018-09-11,223.85,35644510,218.01,224.3,216.56,0.025282828745476937,222.69,219.15899999999996,201.63316666666668,0.010973408664391535
2018-09-12,221.07,49118510,224.94,225.0,219.84,-0.012419030600848813,221.53000000000003,219.725,202.172,0.01153449182687995
2018-09-13,226.41,41411350,223.52,228.35,222.57,0.024155244945039955,222.192,220.5335,202.85066666666668,0.012490991756402186
2018-09-14,223.84,31801970,225.75,226.84,222.52,-0.01135108873282975,222.7,221.0595,203.473,0.012652758152671731
2018-09-17,217.88,36810120,222.15,222.95,217.27,-0.026626161543960025,222.60999999999999,221.07450000000003,204.01333333333332,0.01352380940538614
2018-09-18,218.24,31495630,217.79,221.85,217.12,0.0016522856618321757,221.488,221.2135,204.56866666666664,0.01332336014870749
2018-09-19,218.37,26869880,218.5,219.62,215.3,0.0005956744868034214,220.948,221.38000000000002,205.172,0.013308614152752534
2018-09-20,220.03,26388050,220.24,222.28,219.15,0.007601776800842508,219.67199999999997,221.629,205.76533333333333,0.013391494564016731
2018-09-21,217.66,95584080,220.78,221.36,217.29,-0.010771258464754796,218.436,221.7375,206.32366666666667,0.01365452190803326
2018-09-24,220.79,27581270,216.82,221.26,216.63,0.014380226040613842,219.01800000000003,221.96899999999997,206.9118333333333,0.013992392256714505
2018-09-25,222.19,22811140,219.75,222.82,219.7,0.0063408668870872376,219.808,222.1815,207.52983333333336,0.013948287007874987
2018-09-26,220.42,23430370,221.0,223.75,219.76,-0.007966155092488436,220.218,222.21750000000003,208.08383333333333,0.013984722934163593
2018-09-27,224.95,29729270,223.82,226.44,223.54,0.020551674076762616,221.202,222.31599999999997,208.76766666666666,0.014347008150875971
2018-09-28,225.74,22560440,224.79,225.84,224.02,0.003511891531451594,222.81799999999998,222.3515,209.44000000000003,0.014222296114847655
2018-10-01,227.26,23171020,227.95,229.42,226.35,0.006733410117834682,224.112,222.333,210.0948333333333,0.014060630893188915
2018-10-02,229.28,24435010,227.25,230.0,226.63,0.008888497755874303,225.52999999999997,222.379,210.73983333333334,0.014185410119246712
2018-10-03,232.07,28540490,230.05,233.47,229.78,0.01216852756454978,227.85999999999999,222.63900000000004,211.43516666666665,0.014327439910094872
2018-10-04,227.99,31961120,230.78,232.35,226.73,-0.017580902313956925,228.46800000000002,222.8835,212.10366666666667,0.014392084198102758
2018-10-05,224.29,33507770,227.96,228.41,220.58,-0.016228781964121253,228.17800000000003,223.033,212.658,0.014778658434818546
2018-10-08,223.77,28784550,222.21,224.8,220.2,-0.0023184270364259296,227.48000000000002,223.30499999999998,213.19866666666667,0.014421577304206271
2018-10-09,226.87,26656630,223.64,227.27,222.25,0.013853510300755323,226.998,223.45600000000005,213.79799999999997,0.013627035902259155
2018-10-10,216.36,41084070,225.46,226.35,216.05,-0.046326089831180806,223.856,223.2205,214.2131666666667,0.017035657546174875
2018-10-11,214.45,52902320,214.52,219.5,212.32,-0.00882787946015906,221.148,222.6225,214.61399999999998,0.016046520203254446
2018-10-12,222.11,39494770,220.42,222.88,216.84,0.035719281883889176,220.712,222.53599999999997,215.11783333333332,0.018023383548399607
2018-10-15,217.36,30280450,221.16,221.83,217.27,-0.021385799828913643,219.43,222.51,215.54983333333334,0.017653786472538777
2018-10-16,222.15,28802550,218.93,222.99,216.76,0.022037173352962736,218.48600000000002,222.70549999999997,216.05883333333335,0.01832799079128326
2018-10-17,221.19,22692880,222.3,222.64,219.34,-0.004321404456448352,219.452,222.84650000000002,216.52866666666668,0.018367326784097054
2018-10-18,216.02,32389280,217.86,219.74,213.0,-0.023373570233735652,219.766,222.64600000000002,216.88199999999998,0.0190568749492627
2018-10-19,219.31,32874330,218.06,221.26,217.43,0.015230071289695335,219.206,222.72850000000003,217.30033333333333,0.019223119723435527
2018-10-22,220.65,28751540,219.79,223.36,218.94,0.006110072500113972,219.86399999999998,222.72150000000002,217.79483333333334,0.018997685469921644
2018-10-23,222.73,38681170,215.83,223.25,214.7,0.009426693859052815,219.98000000000002,222.7485,218.34183333333334,0.019063108351209827
2018-10-24,215.09,39992120,222.6,224.23,214.54,-0.034301620796480026,218.76,222.48200000000003,218.75516666666667,0.020517830851537442
2018-10-25,219.8,29027340,217.71,221.38,216.75,0.021897810218978186,219.516,222.22449999999998,219.06016666666667,0.020594390019837896
2018-10-26,216.3,47191700,215.9,220.19,212.67,-0.015923566878980888,218.91400000000004,221.7525,219.2086666666667,0.020829750172855096
2018-10-29,212.24,45713690,219.19,219.69,206.09,-0.018770226537216828,217.23200000000003,221.0015,219.2795,0.021051196399612095
2018-10-30,213.3,36487930,211.15,215.18,209.27,0.004994346023369678,215.346,220.20250000000001,219.35,0.02095126106586759
2018-10-31,218.86,38016810,216.88,220.45,216.62,0.026066572902015972,216.1,219.542,219.54583333333332,0.02171136429632514
2018-11-01,222.22,52954070,219.05,222.36,216.81,0.015352279996344587,216.584,219.25349999999997,219.79533333333336,0.021772232638556144
2018-11-02,207.48,91046560,209.55,213.65,205.43,-0.06633066330663306,214.82000000000002,218.413,219.772,0.026068516134399793
2018-11-05,201.59,66072170,204.3,204.39,198.17,-0.028388278388278287,212.69,217.30400000000003,219.67300000000003,0.026648516803286094
2018-11-06,203.77,31774720,201.92,204.72,201.69,0.010814028473634663,210.78400000000002,216.14899999999997,219.588,0.026544624451964993
2018-11-07,209.95,33291640,205.97,210.06,204.13,0.030328311331403013,209.002,215.8285,219.59133333333332,0.0257891033771655
2018-11-08,208.49,25289270,209.98,210.12,206.75,-0.006954036675398845,206.256,215.53050000000002,219.56216666666666,0.025763255934476755
2018-11-09,204.47,34317760,205.55,206.01,202.25,-0.019281500311765565,205.654,214.6485,219.41466666666668,0.024533613925217575
2018-11-12,194.17,50991030,199.0,199.85,193.79,-0.05037413801535684,204.17000000000002,213.48899999999998,219.0245,0.026409426278943233
2018-11-13,192.23,46725710,191.63,197.18,191.45,-0.009991244785497289,201.862,211.993,218.63733333333332,0.025624676937455897
2018-11-14,186.8,60547340,193.9,194.48,185.93,-0.02824741195442948,197.232,210.2735,218.16666666666666,0.02605338622177299
2018-11-15,191.41,46271660,188.39,191.97,186.9,0.02467880085653107,193.81599999999997,209.04299999999998,217.77266666666668,0.026775039155267796
2018-11-16,193.53,36191330,190.5,194.97,189.46,0.011075701374013924,191.628,207.754,217.40666666666667,0.026619922058747983
2018-11-19,185.86,41626820,190.0,190.7,184.99,-0.03963209838267967,189.96599999999998,206.0145,216.90166666666667,0.027485510301975994
2018-11-20,176.98,67678680,178.37,181.47,175.51,-0.047777897342085596,186.916,203.72700000000003,216.21900000000002,0.028514280113039945
2018-11-21,176.78,31096240,179.73,180.27,176.55,-0.0011300711944851605,184.91199999999998,201.8115,215.50366666666665,0.028050882978491364
2018-11-23,172.29,23623970,174.94,176.6,172.1,-0.025398800769317886,181.08800000000002,199.43599999999998,214.65883333333335,0.027257710206252728
2018-11-26,174.62,44662320,174.24,174.95,170.26,0.013523710023797264,177.306,197.352,213.81866666666664,0.027809817432251065
2018-11-27,174.24,41156140,171.51,174.77,170.88,-0.0021761539342571856,174.98200000000003,195.452,212.92883333333336,0.02779046789988238
2018-11-28,180.94,45941750,176.73,181.29,174.93,0.038452708907254385,175.774,193.834,212.1385,0.02965010211693072
2018-11-29,179.55,41523580,182.66,182.8,177.7,-0.0076821045650491415,176.328,191.86849999999998,211.34983333333332,0.028563522091192575
2018-11-30,178.58,39424260,180.29,180.33,177.03,-0.005402394876079075,177.586,189.6865,210.60783333333336,0.027985922289944242
2018-12-03,184.82,40537700,184.46,184.94,181.21,0.03494232276850706,179.626,188.55349999999999,209.99983333333333,0.026472505808838667
2018-12-04,176.69,41141250,180.95,182.39,176.27,-0.043988745806730845,180.11599999999999,187.3085,209.30583333333334,0.027398205146394385
2018-12-06,174.72,42704910,171.76,174.78,170.42,-0.011149470824608043,178.872,185.85600000000002,208.487,0.027118634266470678
2018-12-07,168.49,41678680,173.49,174.49,168.3,-0.03565705128205121,176.66,183.783,207.61066666666665,0.02630018789347449
2018-12-10,169.6,61759000,165.0,170.09,163.33,0.006587928066947413,174.864,181.8385,206.66383333333334,0.026572136584038265
2018-12-11,168.63,45968040,171.66,171.79,167.0,-0.005719339622641484,171.626,180.04649999999998,205.74366666666666,0.02649390273206535
2018-12-12,169.1,35474680,170.4,171.92,169.02,0.0027871671707289103,170.108,178.793,204.93066666666667,0.024761337379794614
2018-12-13,170.95,31754210,170.49,172.57,169.55,0.010940272028385545,169.35399999999998,177.729,204.1425,0.025050902831778455
2018-12-14,165.48,40620360,169.0,169.08,165.28,-0.031997660134542305,168.752,176.663,203.261,0.02524305018719531
2018-12-17,163.94,43250420,165.45,168.35,162.73,-0.009306260575296044,167.61999999999998,175.2895,202.32616666666667,0.024210640008535542
2018-12-18,166.07,33753490,165.38,167.53,164.39,0.01299255825301926,167.108,173.91649999999998,201.46633333333332,0.024291436260039472
2018-12-19,160.89,47597670,166.0,167.45,159.09,-0.031191666164870235,165.46599999999998,172.66799999999998,200.468,0.023768573544128997
2018-12-20,156.83,64398230,160.4,162.11,155.3,-0.025234632357511222,162.642,171.66049999999998,199.37866666666665,0.022212483624371723
2018-12-21,150.73,95497900,156.86,158.16,149.63,-0.038895619460562525,159.692,170.358,198.21716666666666,0.023370494663701617
2018-12-24,146.83,37169230,148.15,151.55,146.59,-0.02587407947986453,156.26999999999998,169.085,196.9151666666667,0.023389695212783664
2018-12-26,157.17,58133850,148.3,157.23,146.72,0.07042157597221266,154.49,168.2125,195.7723333333333,0.028914958276667235
2018-12-27,156.15,51608850,155.84,156.77,150.07,-0.006489788127505114,153.542,167.308,194.5871666666667,0.02890999237913481
2018-12-28,156.23,41740600,157.5,158.52,154.55,0.00051232788984934,153.42199999999997,166.0725,193.36966666666666,0.02709115627220967
2018-12-31,157.74,34499390,158.53,159.36,156.48,0.009665237150355388,154.82399999999998,164.98200000000003,192.13083333333333,0.02734368955378852
2019-01-02,157.92,35637070,154.89,158.85,154.23,0.0011411182959297772,157.042,163.94899999999998,190.96300000000002,0.027391617599793795
2019-01-03,142.19,91106840,143.98,145.72,142.0,-0.09960739614994929,154.046,161.8175,189.59466666666668,0.032844902406784934
2019-01-04,148.26,57423650,144.53,148.55,143.8,0.042689359307968244,152.468,160.39600000000002,188.33616666666666,0.034163835037700506
2019-01-07,147.93,54571440,148.7,148.83,145.9,-0.0022258195062726527,150.808,159.05649999999997,187.0205,0.03418113230873788
2019-01-08,150.75,40622910,149.56,151.82,148.52,0.019063070371121427,149.41,158.1695,185.927,0.03401711933558821
2019-01-09,153.31,45034370,151.29,154.53,149.63,0.01698175787728018,148.488,157.355,184.90800000000002,0.03428162868443319
2019-01-10,153.8,35661200,152.5,153.97,150.86,0.003196138542821858,150.81,156.6135,183.7695,0.03432243340318308
2019-01-11,152.29,26924630,152.88,153.7,151.51,-0.009817945383615245,151.616,155.773,182.685,0.0343065535387714
2019-01-14,150.0,32018540,150.85,151.27,149.22,-0.015037100269223114,152.03,154.72549999999998,181.48250000000002,0.034176669085198695
2019-01-15,153.07,28449940,150.27,153.39,150.05,0.020466666666666633,152.494,154.105,180.34716666666665,0.034085543824349196
2019-01-16,154.94,30483120,153.08,155.88,153.0,0.012216632913046421,152.82,153.65500000000003,179.32916666666668,0.03422631756798939
2019-01-17,155.86,29616190,154.2,157.66,153.26,0.005937782367368083,153.232,153.1445,178.27166666666665,0.03409705320044714
2019-01-18,156.82,33259460,157.5,157.88,155.98,0.0061593737969971585,154.138,152.941,177.20783333333333,0.03346590381442898
2019-01-22,153.3,30273990,156.41,156.73,152.62,-0.022446116566764318,154.798,152.7645,176.05066666666667,0.033364122070535636
2019-01-23,153.92,23046560,154.15,155.14,151.7,0.00404435746901477,154.96800000000002,152.924,175.03116666666668,0.03212861176109311
2019-01-24,152.7,25418110,154.11,154.48,151.74,-0.007926195426195437,154.52,153.2175,173.9128333333333,0.03156807440158757
2019-01-25,157.76,33508960,155.48,158.13,154.32,0.03313686967910945,154.9,153.247,172.93716666666666,0.028271391104072122
2019-01-28,156.3,26147280,155.79,156.33,153.66,-0.009254563894523171,154.796,153.2545,172.00483333333335,0.02831452181622188
2019-01-29,154.68,39914850,156.25,158.13,154.11,-0.010364683301343547,155.072,153.177,171.02783333333335,0.028417429033553297
2019-01-30,165.25,60800480,163.25,166.15,160.23,0.06833462632531684,157.33800000000002,153.55249999999998,170.13433333333333,0.03224836164820632
2019-01-31,166.44,40613260,166.11,169.0,164.56,0.007201210287443249,160.08599999999998,153.9785,169.20466666666664,0.032260082377304974
2019-02-01,166.52,32644590,166.96,168.98,165.93,0.0004806536890171742,161.83800000000002,155.195,168.522,0.02142702353347008
2019-02-04,171.25,31384720,167.41,171.66,167.28,0.02840499639682914,164.82800000000003,156.34449999999998,168.01633333333334,0.020429713451526603
2019-02-05,174.18,36054570,172.86,175.08,172.35,0.017109489051094995,168.728,157.657,167.5231666666667,0.020406331523757412
2019-02-06,174.24,28204640,174.65,175.57,172.85,0.0003444712366518221,170.526,158.8315,166.928,0.02032034066942248
2019-02-07,170.94,31644240,172.4,173.94,170.34,-0.018939393939394034,171.42600000000002,159.71300000000002,166.3021666666667,0.02101007639161005
2019-02-08,170.41,23793830,168.99,170.66,168.42,-0.003100503100503138,172.204,160.5435,165.7345,0.02109597875143334
2019-02-11,169.43,20940020,171.05,171.21,169.25,-0.005750836218531674,171.83999999999997,161.40050000000002,165.3221666666667,0.020961268893658055
2019-02-12,170.89,22224400,170.1,171.0,169.7,0.008617128017470277,171.182,162.445,164.9665,0.020398247569354634
2019-02-13,170.18,22389660,171.39,172.48,169.92,-0.004154719410146779,170.37,163.3005,164.6895,0.020268369492664307
2019-02-14,170.8,21785180,169.71,171.26,169.38,0.003643201316253508,170.342,164.0935,164.346,0.020209471407716374
2019-02-15,170.42,24603320,171.25,171.7,169.75,-0.0022248243559720438,170.344,164.82150000000001,163.96083333333334,0.0202734269146676
2019-02-19,170.93,18958570,169.71,171.44,169.49,0.002992606501584394,170.644,165.527,163.712,0.02027351379386281
2019-02-20,172.03,25323890,171.19,173.32,170.99,0.006435382905282783,170.872,166.4635,163.6295,0.01925563558662749
2019-02-21,171.06,17154540,171.8,172.37,170.3,-0.0056385514154507765,171.048,167.3205,163.5341666666667,0.01942707550963576
2019-02-22,172.97,18890250,171.58,173.0,171.38,0.011165672863322706,171.48200000000003,168.334,163.5455,0.019202075080440584
2019-02-25,174.23,21846400,174.16,175.87,173.95,0.007284500202347166,172.24399999999997,169.1575,163.53900000000002,0.018150412327766197
2019-02-26,174.33,16991610,173.71,175.3,173.17,0.000573953968891816,172.924,170.059,163.54049999999998,0.017871379160611798
2019-02-27,174.87,27817640,173.21,175.0,172.73,0.0030975735673721694,173.49200000000002,171.0685,163.43933333333334,0.017487001527013532
2019-02-28,173.15,27953810,174.32,174.91,172.92,-0.009835878080860061,173.91,171.4635,163.33266666666665,0.010041192024087814
2019-03-01,174.97,25737560,174.28,175.15,172.89,0.010511117528154701,174.31,171.89000000000001,163.2725,0.010151415011952538
2019-03-04,175.85,27413060,175.69,177.75,173.97,0.005029433617191437,174.63400000000001,172.3565,163.123,0.010153549647774145
2019-03-05,175.53,19238480,175.94,176.0,174.54,-0.0018197327267557295,174.874,172.57049999999998,163.10366666666667,0.008199906604760821
2019-03-06,174.52,20755140,174.67,175.49,173.94,-0.005754002164872096,174.804,172.5875,163.10033333333334,0.007432872073679888
2019-03-07,172.5,24755470,173.87,174.44,172.02,-0.011574604629841945,174.674,172.50050000000002,163.16716666666667,0.0078787042420487
2019-03-08,172.91,23985960,170.32,173.07,169.5,0.002376811594202888,174.262,172.599,163.22233333333332,0.0065845231804012245
2019-03-11,178.9,31123000,175.49,179.12,175.35,0.03464229946214803,174.872,173.0235,163.39350000000002,0.009995256810391406
2019-03-12,180.91,32416800,180.0,182.67,179.37,0.01123532699832297,175.948,173.5975,163.59033333333335,0.00998064582846617
2019-03-13,181.71,30929740,182.25,183.3,180.92,0.004422088331214491,177.38600000000002,174.1385,163.76966666666667,0.00990750029322641
2019-03-14,183.73,23527660,183.9,184.1,182.56,0.01111661438555922,179.632,174.816,164.07383333333334,0.00990577876170645
2019-03-15,186.12,39017490,184.85,187.33,183.74,0.013008218581614495,182.27399999999997,175.582,164.44349999999997,0.01011297695233794
2019-03-18,188.02,26148590,185.8,188.39,185.79,0.010208467655276277,184.098,176.462,164.8093333333333,0.010069451009500682
2019-03-19,186.53,31440300,188.35,188.99,185.92,-0.007924688862886997,185.222,177.24200000000002,165.23666666666668,0.01047043699812074
2019-03-20,188.16,31003380,186.23,189.49,184.73,0.008738540717310839,186.512,178.0485,165.75883333333334,0.010506281116756245
2019-03-21,195.09,50943120,190.02,196.33,189.81,0.036830357142857206,188.784,179.25,166.4981666666667,0.012451743738767656
2019-03-22,191.05,42287640,195.34,197.69,190.78,-0.020708390999025994,189.76999999999998,180.154,167.23516666666666,0.01381117667610555
2019-03-25,188.74,43751810,191.51,191.98,186.6,-0.012091075634650617,189.914,180.8795,167.76133333333334,0.014318121884628221
2019-03-26,186.79,49696100,191.66,192.88,184.58,-0.010331673201229297,189.966,181.5025,168.272,0.01466314234095327
2019-03-27,188.47,29771210,188.75,189.76,186.55,0.00899405749772475,190.02800000000002,182.1825,168.8093333333333,0.014712575210851066
2019-03-28,188.72,20710390,188.95,189.56,187.53,0.0013264710564016013,188.754,182.961,169.32566666666668,0.01437375303368094
2019-03-29,189.95,23524830,189.83,190.08,188.54,0.006517592200084632,188.53400000000002,183.70999999999998,169.8595,0.014312169790665843
2019-04-01,191.24,27308200,191.64,191.68,188.38,0.006791260858120651,189.03400000000002,184.4795,170.677,0.014322883224497264
2019-04-02,194.02,22727370,191.09,194.46,191.05,0.01453670780171512,190.48,185.40400000000002,171.43966666666665,0.01442167712786571
2019-04-03,195.35,23243160,193.25,196.5,193.15,0.006854963405834358,191.85600000000002,186.44549999999998,172.23000000000002,0.014195213212789819
2019-04-04,195.69,19090050,194.79,196.37,193.14,0.0017404658305606446,193.25,187.605,172.979,0.013641438778071599
2019-04-05,197.0,18473070,196.45,197.1,195.93,0.006694261331698037,194.66,188.8095,173.70716666666667,0.013608306128946132
2019-04-08,200.1,25829880,196.42,200.23,196.34,0.015736040609137136,196.432,189.8695,174.4788333333333,0.012137146475296703
2019-04-09,199.5,35738280,200.32,202.85,199.23,-0.0029985007496251548,197.528,190.799,175.26566666666665,0.012211635682484729
2019-04-10,200.62,21654750,198.68,200.74,198.18,0.0056140350877194045,198.582,191.7445,176.10933333333332,0.012211713635369735
2019-04-11,198.95,20543190,200.85,201.0,198.44,-0.008324194995513956,199.234,192.5055,176.874,0.012472892479622303
2019-04-12,198.87,27738580,199.2,200.14,196.21,-0.00040211108318666255,199.608,193.143,177.60616666666664,0.012326166394455032
2019-04-15,199.23,17524150,198.58,199.85,198.01,0.0018102277869964656,199.434,193.70350000000002,178.329,0.01222429205921986
2019-04-16,199.25,25668330,199.46,201.37,198.56,0.00010038648797872085,199.384,194.3395,179.03616666666667,0.011977061118447777
2019-04-17,203.13,28865310,199.54,203.38,198.61,0.01947302383939764,199.886,195.08800000000002,179.86666666666667,0.012460976933325887
2019-04-18,203.86,24185530,203.12,204.15,202.52,0.003593757692118338,200.868,195.5265,180.69899999999998,0.009763626171271083
2019-04-22,204.53,17841920,202.83,204.94,202.34,0.0032865692141665903,202.0,196.2005,181.56283333333334,0.008132497540614752
2019-04-23,207.48,23286380,204.43,207.75,203.9,0.01442331198357194,203.65,197.1375,182.3915,0.007610784677301023
2019-04-24,207.16,17427570,207.36,208.48,207.05,-0.0015423173317909988,205.23200000000003,198.156,183.23916666666665,0.006914693687889405
2019-04-25,205.28,18463850,206.83,207.76,205.12,-0.009075111025294458,205.66199999999998,198.99650000000003,184.0825,0.007546049317327935
2019-04-26,204.3,18612770,204.9,205.0,202.12,-0.00477396726422441,205.75,199.7755,184.73333333333332,0.0077921832124610915
2019-04-29,204.61,22010360,204.4,205.97,203.86,0.001517376407244253,205.76600000000002,200.5085,185.3695,0.007787464652923483
2019-04-30,200.67,45751160,203.06,203.4,199.11,-0.0192561458384245,204.404,200.98,185.93866666666665,0.009286390628806812
2019-05-01,210.52,64827330,209.88,215.31,209.23,0.04908556336273495,205.07599999999996,201.805,186.59316666666666,0.013779427323397058
2019-05-02,209.15,31996320,209.84,212.65,208.13,-0.006507695230856925,205.85,202.495,187.176,0.013965495989556445
2019-05-03,211.75,20892380,210.89,211.84,210.23,0.012431269423858415,207.34,203.298,187.80116666666666,0.014098180155556798
2019-05-06,208.48,32443110,204.29,208.84,203.5,-0.015442739079102763,208.11399999999998,203.872,188.42683333333332,0.014733839604377089
2019-05-07,202.86,38763700,205.88,207.42,200.83,-0.026957022256331453,208.552,204.01,188.96766666666664,0.01583363223793302
2019-05-08,202.9,26339500,201.9,205.34,201.75,0.00019718032140381148,207.02799999999996,204.18,189.5255,0.015809358731670387
2019-05-09,200.72,34908610,200.4,201.68,196.66,-0.010744208969935998,205.342,204.185,190.02266666666668,0.015978297092416282
2019-05-10,197.18,41208710,197.42,198.85,192.77,-0.017636508569151,202.428,204.0965,190.47266666666664,0.016368979053280587
2019-05-13,185.72,57430620,187.71,189.48,182.85,-0.05811948473476014,197.876,203.439,190.72133333333335,0.020856684369346838
2019-05-14,188.66,36529680,186.41,189.7,185.41,0.015830282145164798,195.036,202.9105,191.02533333333335,0.021265782938434417
2019-05-15,190.92,26544720,186.27,191.75,186.02,0.01197922188063183,192.64000000000001,202.494,191.3585,0.021506921578098758
2019-05-16,190.08,33031360,189.91,192.47,188.84,-0.004399748585794949,190.512,201.8415,191.65933333333334,0.02091182698501036
2019-05-17,189.0,32879090,186.93,190.9,186.76,-0.005681818181818232,188.876,201.0985,191.95833333333334,0.020858219141374288
2019-05-20,183.09,38612290,183.52,184.35,180.28,-0.031269841269841225,188.35,200.0265,192.127,0.021675660136168434
2019-05-21,186.6,28364850,185.22,188.0,184.7,0.019170899557594545,187.93800000000002,198.98250000000002,192.3331666666667,0.021927526764121227
2019-05-22,182.78,29748560,184.66,185.71,182.55,-0.0204715969989282,186.31,197.7635,192.47400000000002,0.02217484270813591
2019-05-23,179.66,36529740,179.8,180.54,177.81,-0.017069701280227667,184.226,196.48250000000002,192.55383333333333,0.02230475100397445
2019-05-24,178.97,23714690,180.2,182.14,178.62,-0.0038405877769119856,182.22,195.216,192.65083333333334,0.0223093213420011
2019-05-28,178.23,27948160,178.92,180.59,177.91,-0.00413477119070238,181.248,193.897,192.70516666666666,0.022239983087711017
2019-05-29,177.38,28481170,176.42,179.35,176.0,-0.0047691185546765436,179.404,192.73250000000002,192.73066666666668,0.022042558989538358
2019-05-30,178.3,21218410,177.95,179.23,176.67,0.0051866050287519005,178.50799999999998,191.1215,192.77683333333334,0.01811254305339542
2019-05-31,175.07,27043580,176.23,177.99,174.99,-0.018115535614133593,177.59,189.4175,192.786,0.018243916132671317
2019-06-03,173.3,40396070,175.6,177.92,170.27,-0.010110241617638516,176.456,187.495,192.79933333333332,0.017553441897166417
2019-06-04,179.64,30967960,175.44,179.83,174.52,0.03658395845354856,176.738,186.053,192.91150000000002,0.020314254590016494
2019-06-05,182.54,29773430,184.28,184.99,181.14,0.016143397906924983,177.76999999999998,185.037,192.97216666666665,0.0203960849419641
2019-06-06,185.22,22526310,183.08,185.47,182.15,0.014681713597019863,179.154,184.153,193.04399999999998,0.02084493665547485
2019-06-07,190.15,30684390,186.51,191.92,185.77,0.026616996004751092,182.17,183.62449999999998,193.18466666666666,0.021888709867558222
2019-06-10,192.58,26220850,191.81,195.37,191.62,0.012779384696292473,186.026,183.3945,193.33216666666667,0.021836160150998898
2019-06-11,194.81,26932880,194.86,196.0,193.6,0.011579603281753004,189.06,183.849,193.477,0.0173286382189492
2019-06-12,194.19,18253190,193.95,195.97,193.39,-0.0031825881628253505,191.39,184.1255,193.57983333333334,0.01708058832331795
2019-06-13,194.15,21674630,194.7,196.79,193.6,-0.00020598383026926292,193.17600000000002,184.28699999999998,193.70683333333332,0.016906707329535104
2019-06-14,192.74,18761470,191.55,193.59,190.3,-0.007262425959309815,193.69400000000002,184.42000000000002,193.78316666666666,0.01696661311404422
2019-06-17,193.89,14669140,192.9,194.96,192.17,0.005966587112171684,193.956,184.6645,193.76316666666665,0.016931155824476362
2019-06-18,198.45,26551000,196.05,200.29,195.21,0.023518489865387515,194.684,185.43249999999998,193.8865,0.015756237581551816
2019-06-19,197.87,21124240,199.68,199.88,197.31,-0.0029226505416980464,195.42000000000002,185.996,194.03866666666667,0.015418809328344676
2019-06-20,199.46,21513990,200.37,200.61,198.03,0.008035578915449593,196.48200000000003,186.82999999999998,194.24983333333333,0.014415073627641823
2019-06-21,198.78,47800590,198.8,200.85,198.15,-0.0034092048531033647,197.69,187.786,194.42166666666668,0.01364354052605721
2019-06-24,198.58,18220420,198.54,200.16,198.17,-0.0010061374383740773,198.628,188.7665,194.58599999999998,0.013559622647136164
2019-06-25,195.57,21070330,198.43,199.26,195.29,-0.015157619095578667,198.052,189.6335,194.6796666666667,0.014173360920338232
2019-06-26,199.8,26067510,197.77,200.99,197.35,0.021629084215370575,198.43800000000002,190.75449999999998,194.82233333333335,0.014466614016759886
2019-06-27,199.74,20899720,200.29,201.57,199.57,-0.0003003003003002602,198.494,191.8265,194.91766666666666,0.014536057811293851
2019-06-28,197.92,31110640,198.68,199.5,197.05,-0.00911184539901888,198.322,192.969,194.9605,0.013881308295130745
2019-07-01,201.55,27316740,203.17,204.49,200.65,0.018340743734842402,198.916,194.3815,195.05816666666666,0.013571566931963484
2019-07-02,202.73,16935220,201.41,203.13,201.36,0.0058546266435126615,200.348,195.536,195.15366666666665,0.011741445762660197
2019-07-03,204.41,11362050,203.28,204.44,202.69,0.008286884032950192,201.26999999999998,196.6295,195.2255,0.011518080373488698
2019-07-05,204.23,17265520,203.35,205.08,202.9,-0.000880583141725011,202.16799999999998,197.58,195.30433333333335,0.01140710415941338
2019-07-08,200.02,25338630,200.81,201.4,198.41,-0.02061401361210391,202.58800000000002,198.07350000000002,195.29433333333333,0.011575010847095946
2019-07-09,201.24,20578020,199.2,201.51,198.81,0.006099390060993803,202.526,198.50650000000002,195.33249999999998,0.01136010962851916
2019-07-10,203.23,17897140,201.85,203.73,201.56,0.009888690121248267,202.626,198.9275,195.40516666666664,0.011293217383632844
2019-07-11,201.75,20191840,203.31,204.39,201.71,-0.0072823894110121135,202.094,199.3055,195.44716666666667,0.011432004517525407
2019-07-12,203.3,17595210,202.45,204.0,202.2,0.007682775712515522,201.90800000000002,199.763,195.51466666666667,0.011488805307271649
2019-07-15,205.21,16947420,204.09,205.87,204.0,0.009394982784062922,202.946,200.3865,195.54933333333332,0.011356953387948222
2019-07-16,204.5,16866820,204.59,206.11,203.5,-0.0034598703766873795,203.598,200.917,195.56,0.011431481733129646
2019-07-17,203.35,14107450,204.05,205.09,203.27,-0.005623471882640563,203.622,201.162,195.54033333333334,0.010457971639275955
2019-07-18,205.66,18582160,204.0,205.88,203.7,0.0113597246127366,204.404,201.55149999999998,195.51000000000002,0.010642455588060101
2019-07-19,202.59,20929310,205.79,206.5,202.36,-0.014927550325780414,204.262,201.70800000000003,195.43383333333335,0.011180568318434307
2019-07-22,207.22,22277930,203.65,207.23,203.61,0.022854040179673296,204.664,202.13,195.46616666666665,0.01215528072330504
2019-07-23,208.84,18355210,208.46,208.91,207.29,0.007817778206736792,205.53199999999998,202.643,195.54183333333333,0.012194717590116939
2019-07-24,208.67,14991570,207.67,209.15,207.17,-0.0008140203026241188,206.596,203.298,195.6095,0.011497736097159789
2019-07-25,207.02,13909560,208.89,209.24,206.73,-0.007907221929361996,206.868,203.65900000000002,195.71533333333335,0.010902347882517502
2019-07-26,207.74,17618870,207.48,209.73,207.14,0.003477924838179991,207.898,204.059,195.66899999999998,0.010896170916146725
2019-07-29,209.68,21673390,208.46,210.64,208.44,0.009338596322326032,208.39000000000001,204.647,195.67783333333333,0.010682892580010624
2019-07-30,208.78,33935720,208.76,210.16,207.31,-0.004292254864555534,208.378,205.0085,195.62833333333336,0.010151656967104006
2019-07-31,213.04,69281360,216.42,221.37,211.3,0.020404253280965623,209.252,205.52400000000003,195.70433333333332,0.01094673873620064
2019-08-01,208.43,54017920,213.9,218.03,206.74,-0.021639128802102836,209.53400000000002,205.725,195.79716666666667,0.012103994419744519
2019-08-02,204.02,40862120,205.53,206.43,201.63,-0.02115818260327207,208.79000000000002,205.7145,195.81583333333336,0.013083328111883959
2019-08-05,193.34,52392970,197.99,198.65,192.58,-0.052347809038329585,205.522,205.38049999999998,195.69283333333334,0.01704360363621188
2019-08-06,197.0,35824790,196.31,198.07,194.04,0.018930381710975386,203.166,205.1685,195.68983333333335,0.01758000782693993
2019-08-07,199.04,33364400,195.41,199.56,193.82,0.01035532994923849,200.366,204.959,195.9118333333333,0.017595404134409662
2019-08-08,203.43,27009520,200.2,203.53,199.39,0.02205586816720273,199.36599999999999,205.04299999999998,196.158,0.018245527481125814
2019-08-09,200.99,24619750,201.3,202.76,199.29,-0.011994297792852548,198.76,204.9275,196.32583333333332,0.01837217263683423
2019-08-12,200.48,22481890,199.62,202.05,199.15,-0.002537439673615749,200.188,204.69099999999997,196.49916666666664,0.018230248020035558
2019-08-13,208.97,47539790,201.02,212.14,200.83,0.04234836392657626,202.582,204.9145,196.832,0.020625863482771126
2019-08-14,202.75,36547440,203.16,206.44,202.59,-0.029765038043738312,203.324,204.88449999999997,197.15966666666665,0.02172839264985847
2019-08-15,201.74,27883360,203.46,205.14,199.67,-0.0049815043156595795,202.98600000000002,204.6885,197.41199999999998,0.02158862549749591
2019-08-16,206.5,28813620,204.28,207.16,203.84,0.02359472588480216,204.08800000000002,204.88400000000001,197.80733333333333,0.02197118998220594
2019-08-19,210.35,24431920,210.62,212.73,210.03,0.01864406779661021,206.06199999999998,205.0405,198.31883333333334,0.02177194372979089
2019-08-20,210.36,26919530,210.88,213.35,210.32,4.753981459471035e-05,206.34,205.1165,198.84199999999998,0.021712686682083086
2019-08-21,212.64,21564750,212.99,213.65,211.6,0.01083856246434678,208.31799999999998,205.315,199.4155,0.02182911328810365
2019-08-22,212.46,22267820,213.19,214.44,210.75,-0.0008465011286680202,210.462,205.587,200.00016666666667,0.021731449667757037
2019-08-23,202.64,46882840,209.43,212.05,201.0,-0.046220465028711355,209.69,205.33200000000002,200.40583333333333,0.024197704649953335
2019-08-26,206.49,26066130,205.86,207.19,205.06,0.01899921042242414,208.91799999999998,205.17249999999999,200.92950000000002,0.024508554900875935
2019-08-27,204.16,25897340,207.86,208.55,203.53,-0.011283839411109553,207.67799999999997,204.9415,201.44383333333334,0.024615449253264886
2019-08-28,205.53,15957630,204.1,205.72,203.32,0.006710423197492155,206.256,204.566,201.87533333333332,0.02418039147284075
2019-08-29,209.01,21007650,208.5,209.32,206.66,0.016931834768646903,205.56599999999997,204.59499999999997,202.3165,0.02402833919906331
2019-08-30,208.74,21162560,210.16,210.45,207.2,-0.0012918042198937219,206.786,204.831,202.70850000000002,0.023494227458660203
2019-09-03,205.7,20059570,206.43,206.98,204.22,-0.014563571907636352,206.62800000000001,205.449,202.96766666666664,0.02023742378622518
2019-09-04,209.19,19216820,208.39,209.48,207.32,0.01696645600388913,207.63400000000001,206.0585,203.2445,0.020162207894586698
2019-09-05,213.28,23946880,212.0,213.97,211.51,0.019551603805153306,209.18400000000003,206.7705,203.55233333333334,0.02043696117581052
2019-09-06,213.26,19362290,214.05,214.42,212.51,-9.377344336092275e-05,210.03400000000002,207.262,203.87016666666665,0.01998272947660922
2019-09-09,214.17,27309400,214.84,216.44,211.07,0.004267091812810708,211.11999999999998,207.921,204.20383333333334,0.01968833681573939
2019-09-10,216.7,31777930,213.86,216.78,211.71,0.011813045711350778,213.32,208.73200000000003,204.60316666666668,0.0197233397766347
2019-09-11,223.59,44289650,218.07,223.71,217.73,0.03179510844485467,216.2,209.46300000000002,205.09816666666669,0.018763561563865706
2019-09-12,223.09,32226670,224.8,226.42,222.86,-0.002236235967619349,218.16199999999998,210.47999999999996,205.50883333333334,0.0171291365770053
2019-09-13,218.75,39763300,220.0,220.79,217.02,-0.019454032005020383,219.26,211.33049999999997,205.85683333333333,0.017860085197156254
2019-09-16,219.9,21158140,217.73,220.13,217.56,0.005257142857142849,220.406,212.00050000000002,206.19750000000002,0.017273541918698194
2019-09-17,220.7,18386470,219.96,220.82,219.12,0.0036380172805821065,221.206,212.51800000000003,206.56283333333332,0.0168933063880716
2019-09-18,222.77,25643090,221.06,222.85,219.44,0.009379247847757233,221.042,213.13850000000002,206.96599999999998,0.016949580090952487
2019-09-19,220.96,22187880,222.01,223.76,220.37,-0.008124971944157622,220.61600000000004,213.55450000000002,207.38916666666668,0.017018746496247638
2019-09-20,217.73,57977090,221.38,222.56,217.47,-0.014618030412744454,220.41199999999998,213.81800000000004,207.68800000000002,0.017416469567587307
2019-09-23,218.72,19419650,218.95,219.84,217.65,0.004546915905019988,220.176,214.62199999999999,208.00433333333334,0.01333691928449455
2019-09-24,217.68,31434370,221.03,222.49,217.19,-0.004754937820043881,219.57200000000003,215.1815,208.3336666666667,0.012975188194850015
2019-09-25,221.03,22481010,218.55,221.5,217.14,0.015389562660786504,219.22400000000002,216.025,208.65833333333333,0.012829850569931698
2019-09-26,219.89,19088310,220.0,220.94,218.83,-0.005157670904402223,219.01,216.743,208.94433333333333,0.012974238621605448
2019-09-27,218.82,25361290,220.54,220.96,217.28,-0.004866069398335449,219.22799999999998,217.2335,209.18449999999999,0.012695733897578046
2019-09-30,223.97,26318580,220.9,224.58,220.79,0.02353532583858886,220.27799999999996,217.99500000000003,209.51350000000002,0.013506504129748952
2019-10-01,224.59,36187160,225.07,228.22,224.2,0.0027682278876635102,221.66,218.9395,209.92299999999997,0.012817290975513504
2019-10-02,218.96,35767260,223.06,223.58,217.93,-0.02506790150941718,221.246,219.42800000000003,210.21833333333333,0.014049175025396196
2019-10-03,220.82,30352690,218.43,220.96,215.13,0.008494702228717399,221.43199999999996,219.805,210.5115,0.013546380679569916
2019-10-04,227.01,34755550,225.64,227.49,223.89,0.028031881170183848,223.07,220.4925,210.9325,0.014743634112648304
2019-10-07,227.06,30889270,226.27,229.93,225.84,0.00022025461433416993,223.68800000000002,221.137,211.3285,0.01475644211121502
2019-10-08,224.4,29282700,225.82,228.06,224.33,-0.011714965207434092,223.65,221.52200000000002,211.64833333333334,0.014955844348970638
2019-10-09,227.03,19029420,227.03,227.79,225.64,0.011720142602495542,225.26399999999998,221.69400000000002,212.02383333333333,0.013437089109257387
2019-10-10,230.09,28962980,227.93,230.44,227.3,0.013478394925780846,227.118,222.044,212.4695,0.013703969813295181
2019-10-11,236.21,41990210,232.95,237.64,232.31,0.026598287626580897,228.958,222.917,212.9786666666667,0.013842248334957528
2019-10-14,235.87,24413480,234.9,238.13,234.67,-0.0014393971466069022,230.72000000000003,223.71550000000002,213.53333333333333,0.01388956197459498
2019-10-15,235.32,23040480,236.39,237.65,234.88,-0.0023317929367873136,232.904,224.44649999999996,214.00166666666667,0.013952769076465584
2019-10-16,234.37,19286690,233.37,235.24,233.2,-0.004037055923848287,234.37199999999999,225.0265,214.4271666666667,0.013967834866444774
2019-10-17,235.28,17272900,235.09,236.15,233.52,0.0038827494986559685,235.41000000000003,225.7425,214.87066666666666,0.01373722058743492
2019-10-18,236.41,24377170,234.59,237.58,234.29,0.004802788167290073,235.45,226.67650000000003,215.36050000000003,0.013079561656742924
2019-10-21,240.51,22367480,237.52,240.99,237.32,0.017342751998646433,236.37800000000001,227.76600000000002,215.90666666666667,0.013406050074094995
2019-10-22,239.96,22684000,241.16,242.2,239.62,-0.00228680720136365,237.30599999999998,228.88000000000002,216.41133333333335,0.013324140819390727
2019-10-23,243.18,19932550,242.1,243.24,241.22,0.013418903150525185,239.06799999999998,229.9875,216.98466666666667,0.013250098580649912
2019-10-24,243.58,17916260,244.51,244.8,241.81,0.0016448721111934628,240.728,231.17199999999997,217.49366666666668,0.013065171870879189
2019-10-25,246.58,18369300,243.16,246.73,242.88,0.012316282124969158,242.762,232.56,218.1295,0.012931996434425892
2019-10-28,249.05,24143240,247.42,249.25,246.72,0.01001703301159873,244.47000000000003,233.814,218.88,0.012309320673142159
2019-10-29,243.29,35709870,248.97,249.75,242.57,-0.023127885966673478,245.13600000000002,234.74899999999997,219.7125,0.013863787598855806
2019-10-30,243.26,31130520,244.76,245.3,241.21,-0.00012330963048212684,245.152,235.964,220.4835,0.012113362479568637
2019-10-31,248.76,34790520,247.24,249.17,237.26,0.02260955356408778,246.18800000000002,237.36100000000002,221.31216666666666,0.012703313169300599
2019-11-01,255.82,37781330,249.54,255.93,249.16,0.028380768612317198,248.036,238.80149999999998,222.18533333333335,0.012735285407269422
2019-11-04,257.5,25817950,257.33,257.85,255.38,0.006567117504495457,249.72600000000003,240.32350000000002,223.12716666666668,0.012660743119455545
2019-11-05,257.13,19974430,257.05,258.19,256.32,-0.0014368932038835158,252.49399999999997,241.95999999999998,224.07133333333334,0.012082754786929613
2019-11-06,257.24,18966120,256.77,257.49,255.37,0.0004277991677361648,255.28999999999996,243.4705,224.87583333333333,0.012109461525719685
2019-11-07,259.43,23735080,258.74,260.35,258.11,0.008513450474265216,257.424,244.9375,225.82049999999998,0.01200576439902618
2019-11-08,260.14,17520500,258.69,260.44,256.85,0.0027367690706547876,258.288,246.13399999999996,226.7938333333333,0.01100399412644219
2019-11-11,262.2,20507460,258.3,262.47,258.28,0.007918812946874798,259.22799999999995,247.4505,227.72216666666665,0.010919154519065749
2019-11-12,261.96,21847230,261.55,262.79,260.92,-0.0009153318077803618,260.19399999999996,248.78250000000003,228.5823333333333,0.010871114501041687
2019-11-13,264.47,25817590,261.13,264.78,261.07,0.009581615513819086,261.64,250.2875,229.48416666666668,0.010671426468341539
2019-11-14,262.64,22395560,263.75,264.88,262.1,-0.006919499376110916,262.28200000000004,251.6555,230.3175,0.011056688932580732
2019-11-15,265.76,25093670,263.68,265.78,263.01,0.011879378617118519,263.406,253.123,231.20583333333335,0.01114361769372325
2019-11-18,267.1,21700900,265.8,267.43,264.23,0.005042143287176559,264.38599999999997,254.45249999999996,232.28016666666664,0.010815021323466746
2019-11-19,266.29,19069600,267.9,268.0,265.39,-0.003032572070385653,265.25200000000007,255.769,233.27683333333331,0.010843847632554108
2019-11-20,263.19,26609920,265.54,266.08,260.4,-0.011641443538998875,264.996,256.7695,234.26066666666665,0.01129189500789687
2019-11-21,262.01,30348780,263.69,264.01,261.18,-0.0044834530187317645,264.87,257.69100000000003,235.20200000000003,0.011441945728866226
2019-11-22,261.78,16331260,262.59,263.18,260.84,-0.0008778290904928321,264.07399999999996,258.451,236.08150000000003,0.011299431173370605
2019-11-25,266.37,21029520,262.71,266.44,262.52,0.017533807013522917,263.928,259.317,237.042,0.011662342481678488
2019-11-26,264.29,26334880,266.94,267.16,262.5,-0.007808687164470363,263.52799999999996,260.367,238.01850000000002,0.010242832539485797
2019-11-27,267.84,16386120,265.58,267.98,265.31,0.013432214612735915,264.45799999999997,261.596,238.996,0.010389308062857023
2019-11-29,267.25,11654360,266.6,268.0,265.9,-0.002202807646355942,265.506,262.52049999999997,239.89550000000003,0.009612585456194615
2019-12-02,264.16,23693550,267.27,268.25,263.45,-0.011562207670720248,265.982,262.9375,240.74383333333336,0.008254012227010412
2019-12-03,259.45,29377270,258.31,259.53,256.29,-0.01783010296789833,264.598,263.03499999999997,241.4985,0.009232028552349942
2019-12-04,261.74,16810390,261.07,263.31,260.68,0.00882636346116783,264.088,263.2655,242.24916666666664,0.00940709380216143
2019-12-05,265.58,18661340,263.79,265.89,262.73,0.014671047604492893,263.636,263.6825,242.94899999999998,0.009893563308228602
2019-12-06,270.71,26547490,267.48,271.0,267.3,0.01931621357029889,264.32800000000003,264.24649999999997,243.74266666666665,0.010560781234136256
2019-12-09,266.92,32182650,270.0,270.8,264.91,-0.01400022163939263,264.88,264.5855,244.5455,0.011160699330839517
2019-12-10,268.48,22632380,268.6,270.07,265.86,0.0058444477746140144,266.686,264.8995,245.35516666666666,0.011105910085642528
2019-12-11,270.77,19723390,268.81,271.1,268.5,0.008529499404052343,268.492,265.34,246.18966666666668,0.011209639914932883
2019-12-12,271.46,34437040,267.78,272.56,267.32,0.002548288215090233,269.668,265.6895,247.00116666666665,0.0110591719164768
2019-12-13,275.15,33432810,271.46,275.3,270.93,0.01359316289692769,270.556,266.315,247.9043333333333,0.011200868423706507
2019-12-16,279.86,32081110,277.0,280.79,276.98,0.017117935671452145,273.144,267.02,248.93983333333333,0.011491949576146038
2019-12-17,280.41,28575800,279.57,281.77,278.8,0.001965268348459892,275.53,267.6855,249.968,0.011478839128852563
2019-12-18,279.74,29024690,279.8,281.9,279.12,-0.002389358439428002,277.324,268.358,251.00233333333333,0.01146342219897835
2019-12-19,280.02,24626950,279.5,281.18,278.95,0.0010009294344748287,279.036,269.1995,251.98549999999997,0.010979239426715309
2019-12-20,279.44,69032740,282.23,282.65,278.56,-0.002071280622812588,279.894,270.07099999999997,252.978,0.010903831656787315
2019-12-23,284.0,24677880,280.53,284.25,280.37,0.016318350987689634,280.72200000000004,271.18199999999996,254.06433333333334,0.011231628025862491
2019-12-24,284.27,12119710,284.69,284.89,282.92,0.0009507042253520392,281.494,272.077,255.06933333333333,0.01079454532629139
2019-12-26,289.91,23334000,284.82,289.98,284.7,0.019840292679494942,283.52799999999996,273.358,256.158,0.011062469632990356
2019-12-27,289.8,36592940,291.12,293.97,288.12,-0.0003794280983754339,285.48400000000004,274.456,257.33866666666665,0.01091849599351565
2019-12-30,291.52,36059610,289.46,292.69,285.22,0.005935127674258078,287.9,275.66949999999997,258.517,0.010826247972728282
2019-12-31,293.65,25247630,289.93,293.68,289.52,0.0073065312843030306,289.83,277.144,259.62766666666664,0.010162819322623775
2020-01-02,300.35,33911860,296.24,300.6,295.19,0.02281627788183216,293.046,279.18899999999996,260.8491666666667,0.009310834559436638
2020-01-03,297.43,36633880,297.15,300.58,296.5,-0.009721991010487763,294.55,280.9735,262.0663333333334,0.010054025587404248
2020-01-06,299.8,29644640,293.79,299.96,292.75,0.007968261439666557,296.55,282.68449999999996,263.27916666666664,0.009876039224968085
2020-01-07,298.39,27877660,299.84,300.9,297.48,-0.0047031354236157785,297.924,284.06850000000003,264.41749999999996,0.00964516354515796
2020-01-08,303.19,33090950,297.16,304.44,297.16,0.016086329970843583,299.832,285.882,265.5338333333333,0.008851990362552952
2020-01-09,309.63,42621540,307.24,310.43,306.2,0.02124080609518786,301.688,287.9395,266.7631666666667,0.00944799912413069
2020-01-10,310.33,35217270,310.6,312.67,308.25,0.0022607628459774265,304.26800000000003,289.9175,268.0133333333334,0.009505297616149216
2020-01-13,316.96,30521720,311.64,317.07,311.15,0.021364354074694614,307.7,292.1925,269.38983333333334,0.009973216224722142
2020-01-14,312.68,40653460,316.7,317.57,312.17,-0.013503281171125647,310.558,294.069,270.67983333333336,0.010941828337828316
2020-01-15,311.34,30480880,311.85,315.5,309.55,-0.004285531533836595,312.188,295.643,271.92866666666663,0.010892183206802403
2020-01-16,315.24,27207250,313.59,315.7,312.09,0.012526498361919547,313.30999999999995,297.3845,273.1741666666667,0.010972612013308704
2020-01-17,318.73,34454120,316.27,318.74,315.0,0.011070930085014696,314.98999999999995,299.334,274.487,0.010847693765450002
2020-01-21,316.57,27710810,317.19,319.02,316.0,-0.006776895805227112,314.912,301.1615,275.7101666666667,0.011192950064845898
2020-01-22,317.7,25458120,318.58,319.99,317.31,0.0035695106927378095,315.916,303.07450000000006,276.9455,0.011043305901442584
2020-01-23,319.23,26117990,317.92,319.56,315.65,0.004815864022662986,317.49399999999997,304.836,278.15633333333335,0.010801621600461832
2020-01-24,318.31,36634380,320.25,323.33,317.52,-0.0028819346552643177,318.10800000000006,306.538,279.31066666666663,0.010927667321490706
2020-01-27,308.95,40485010,310.06,311.77,304.88,-0.02940529672332004,316.15199999999993,307.49,280.405,0.012942681796116497
2020-01-28,317.69,40558490,312.6,318.4,312.19,0.028289367211522976,316.376,308.8845,281.64549999999997,0.014057360980325404
2020-01-29,324.34,54149930,324.45,327.85,321.38,0.02093235544083849,317.704,310.5255,282.9051666666666,0.014519202705852892
2020-01-30,323.87,31685810,320.54,324.09,318.75,-0.0014490966269962158,318.63199999999995,312.0365,284.03933333333333,0.014592047248425248
2020-01-31,309.51,49897100,320.93,322.68,308.29,-0.044338777904714854,316.87199999999996,312.4945,284.90616666666665,0.017679116950809766
2020-02-03,308.66,43496400,304.3,313.49,302.22,-0.0027462763723303807,316.81399999999996,313.056,285.765,0.017510903607190282
2020-02-04,318.85,34154130,315.31,319.64,313.63,0.03301367200155503,317.046,314.0085,286.7918333333334,0.01880758531383856
2020-02-05,321.45,29706720,323.52,324.76,318.95,0.00815430453191146,316.46799999999996,315.1615,287.8255,0.01874090803407775
2020-02-06,325.21,26356390,322.57,325.22,320.26,0.01169699797791246,316.736,316.2625,288.91,0.018615933909781265
2020-02-07,320.03,29421010,322.37,323.4,318.0,-0.015928169490483146,318.84000000000003,316.78249999999997,289.8738333333333,0.01862558601192092
2020-02-10,321.55,27337220,314.18,321.55,313.85,0.00474955472924421,321.418,317.3435,290.867,0.018637003491720067
2020-02-11,319.61,23580780,323.6,323.9,318.71,-0.0060332763178354565,321.57,317.476,291.786,0.018134501708380567
2020-02-12,327.2,28432570,321.47,327.22,321.47,0.023747692500234674,322.71999999999997,318.202,292.862,0.01852146214338287
2020-02-13,324.87,23686890,324.19,326.22,323.35,-0.00712102689486549,322.652,318.87850000000003,293.8471666666667,0.01858636007646714
2020-02-14,324.95,20028450,324.74,325.98,322.85,0.00024625234709252375,323.63599999999997,319.364,294.8113333333333,0.018432750068600245
2020-02-18,319.0,38190550,315.36,319.75,314.61,-0.01831050930912448,323.12600000000003,319.3775,295.6898333333333,0.018811871348197434
2020-02-19,323.62,23495990,320.0,324.57,320.0,0.014482758620689706,323.928,319.73,296.697,0.018995966558076477
2020-02-20,320.3,25141490,322.63,324.65,318.21,-0.010258945677028564,322.548,319.86,297.6685,0.01915899102451232
2020-02-21,313.05,32426420,318.62,320.45,310.5,-0.022635029659693995,320.184,319.55100000000004,298.52299999999997,0.01981193375435146
2020-02-24,298.18,55548830,297.26,304.18,289.23,-0.04750039929723693,314.83000000000004,318.54449999999997,299.05316666666664,0.022402663257887947
2020-02-25,288.08,57668360,300.95,302.53,286.13,-0.03387215775705954,308.646,317.501,299.44966666666664,0.022699843526561816
2020-02-26,292.65,49678430,286.53,297.88,286.5,0.015863648986392587,302.452,316.249,299.8631666666667,0.021948987775171565
2020-02-27,273.52,80151380,281.1,286.0,272.96,-0.06536818725439941,293.096,313.70799999999997,299.9676666666666,0.0250774503125448
2020-02-28,273.36,106721200,257.26,278.41,256.37,-0.0005849663644339476,285.158,311.1825,300.121,0.025090399203272256
